arm,policy_label,metric,policy,threshold,drop_truncated,conf,n_policies_reais,tp,fp,fn,precision,recall,f1,n_images,gt_total,pred_total,MAE,RMSE,MAPE,bias,bias_rel,R2,fit_r2,slope,intercept,latency_total_ms,latency_merge_ms,n_tiles,fold
A_full640,ios-nmm@0.5-drop,ios,nmm,0.5,True,0.01,1,3203,6297,279,0.3371578947368421,0.9198736358414704,0.4934524726544447,81,3482.0,9500.0,74.29629629629629,77.03181962389245,1.8665773756976296,74.29629629629629,1.7283170591614014,-28.682354501872474,0.7094927900630013,1.8333419739683081,38.47287958817716,18.315599848981947,3.423499991185963,1,0
A_full640,ios-nmm@0.5-drop,ios,nmm,0.5,True,0.02,1,3159,4062,323,0.4374740340673037,0.9072372199885124,0.5903017845463888,81,3482.0,7221.0,46.160493827160494,48.53953460585594,1.1623322213662273,46.160493827160494,1.0738081562320505,-10.785533594788781,0.7302037718397405,1.5213466887053688,23.749022591702527,17.09550031181425,2.3170000058598816,1,0
A_full640,ios-nmm@0.5-drop,ios,nmm,0.5,True,0.03,1,3132,3149,350,0.4986467123069575,0.8994830557151062,0.6416060637099252,81,3482.0,6281.0,34.55555555555556,36.69779823179762,0.8778797731209771,34.55555555555556,0.8038483630097645,-5.736557967478682,0.727646106701906,1.3254838247313274,20.563769410932323,16.93729972653091,1.9715999951586127,1,0
A_full640,ios-nmm@0.5-drop,ios,nmm,0.5,True,0.04,1,3103,2610,379,0.5431472081218274,0.8911545089029294,0.6749320282762371,81,3482.0,5713.0,27.54320987654321,29.537379540566167,0.7109846888374179,27.54320987654321,0.6407237219988512,-3.364173030240189,0.725049105961018,1.1870898239750174,19.500657196530724,16.557599811349064,1.704599999357015,1,0
A_full640,ios-nmm@0.5-drop,ios,nmm,0.5,True,0.05,1,3071,2239,411,0.5783427495291902,0.8819643882825962,0.698589626933576,81,3482.0,5310.0,22.641975308641975,24.40754791169585,0.5906438885485855,22.567901234567902,0.5249856404365307,-1.9799318711345864,0.7421441663061625,1.1019310294350853,18.186125376630024,16.4070004215464,1.9864999921992421,1,0
A_full640,ios-nmm@0.5-drop,ios,nmm,0.5,True,0.06,1,3051,1987,431,0.6055974593092497,0.876220562894888,0.7161971830985915,81,3482.0,5038.0,19.382716049382715,21.170676202336985,0.5092654378853415,19.209876543209877,0.446869615163699,-1.241958110201642,0.7429152163879895,1.0642382924478817,16.448423033289817,16.399900112766773,1.6681000124663115,1,0
A_full640,ios-nmm@0.5-drop,ios,nmm,0.5,True,0.07,1,3035,1793,447,0.6286246893123446,0.8716255025847214,0.730445246690734,81,3482.0,4828.0,16.839506172839506,18.621638813454776,0.4475176380963555,16.617283950617285,0.38655944859276276,-0.7345779913878283,0.7444576577932978,1.0142417995291364,16.005062395549963,16.07369982311502,1.65789999300614,1,0
A_full640,ios-nmm@0.5-drop,ios,nmm,0.5,True,0.08,1,3024,1639,458,0.6485095432125241,0.8684663986214819,0.7425414364640883,81,3482.0,4663.0,14.851851851851851,16.668518415649288,0.3980693967164702,14.580246913580247,0.33917288914417004,-0.389799120485014,0.7479925865889152,0.9839177452212209,15.271585322712456,15.974799738265574,1.4587999903596938,1,0
A_full640,ios-nmm@0.5-drop,ios,nmm,0.5,True,0.09,1,3003,1496,479,0.6674816625916871,0.8624353819643883,0.7525372760305725,81,3482.0,4499.0,12.950617283950617,14.725890528312773,0.3490183826917439,12.555555555555555,0.29207352096496264,-0.08472879588177173,0.7567246567863288,0.9568057198970447,14.412376337265313,16.15480038849637,1.417200022842735,1,0
A_full640,ios-nmm@0.5-drop,ios,nmm,0.5,True,0.1,1,2978,1355,504,0.6872836372028618,0.855255600229753,0.76212412028151,81,3482.0,4333.0,11.074074074074074,12.884577823080287,0.30231382804861867,10.506172839506172,0.2443997702469845,0.1695788147895142,0.7557793552298602,0.9162295521914686,14.107267892213663,15.901199666783214,1.421299995854497,1,0
A_full640,ios-nmm@0.5-drop,ios,nmm,0.5,True,0.11,1,2960,1241,522,0.7045941442513687,0.8500861573808156,0.770532344136405,81,3482.0,4201.0,9.666666666666666,11.592355931793275,0.2669528084744245,8.876543209876543,0.20649052268811027,0.3277954487234225,0.7481525983065762,0.8882155970577112,13.68189248203764,15.960999684873968,1.3750999933108687,1,0
A_full640,ios-nmm@0.5-drop,ios,nmm,0.5,True,0.12,1,2944,1156,538,0.7180487804878048,0.8454910970706491,0.7765761012925348,81,3482.0,4100.0,8.617283950617283,10.49044244615304,0.2392193458746995,7.62962962962963,0.17748420448018382,0.4495148029325299,0.756816009212189,0.8672653610158947,13.335580406699437,15.765200111083686,1.2679999927058816,1,0
A_full640,ios-nmm@0.5-drop,ios,nmm,0.5,True,0.13,1,2917,1065,565,0.7325464590657961,0.8377369327972429,0.7816184351554126,81,3482.0,3982.0,7.604938271604938,9.354473413266307,0.20998833726811278,6.172839506172839,0.14359563469270534,0.5622796638081413,0.7633352820590605,0.8526629420447199,12.506514022225735,15.776100335177034,1.3077000039629638,1,0
A_full640,ios-nmm@0.5-drop,ios,nmm,0.5,True,0.14,1,2907,985,575,0.7469167523124358,0.8348650201033888,0.7884458909682669,81,3482.0,3892.0,6.888888888888889,8.642416214502248,0.19135641413896837,5.061728395061729,0.11774842044801838,0.626381485050685,0.7608201326474786,0.8299301938348562,12.372630432926307,15.649800349958241,1.2013999512419105,1,0
A_full640,ios-nmm@0.5-drop,ios,nmm,0.5,True,0.15,1,2884,923,598,0.757551878119254,0.8282596209075244,0.7913294004664563,81,3482.0,3807.0,6.45679012345679,8.083667423412821,0.17707357389549563,4.012345679012346,0.09333716255025848,0.6731301157641778,0.7586399617154032,0.8201080790953563,11.745477389999628,15.83619973063469,1.2798999669030309,1,0
A_full640,ios-nmm@0.5-drop,ios,nmm,0.5,True,0.16,1,2863,860,619,0.769003491807682,0.8222286042504308,0.7947258848022207,81,3482.0,3723.0,5.962962962962963,7.6537733774642325,0.1622554128538434,2.9753086419753085,0.06921309592188397,0.7069719250521488,0.7540036293056055,0.7995413347646295,11.592556448760007,15.653699726331979,1.164300017990172,1,0
A_full640,ios-nmm@0.5-drop,ios,nmm,0.5,True,0.17,1,2842,809,640,0.7784168720898385,0.8161975875933372,0.7968596663395486,81,3482.0,3651.0,5.6419753086419755,7.295356209413097,0.15104387333864966,2.0864197530864197,0.048535324526134405,0.7337736499261989,0.7571746685983729,0.792261091525672,11.016628139600128,15.508100401610136,1.1067999876104295,1,0
A_full640,ios-nmm@0.5-drop,ios,nmm,0.5,True,0.18,1,2817,756,665,0.7884130982367759,0.8090178058587019,0.798582565556343,81,3482.0,3573.0,5.444444444444445,7.17764017755965,0.14468769843983367,1.123456790123457,0.02613440551407237,0.7422958573746294,0.7489077355408216,0.7638560205911413,11.274732546933894,15.595300253015012,1.145999995060265,1,0
A_full640,ios-nmm@0.5-drop,ios,nmm,0.5,True,0.19,1,2804,704,678,0.7993158494868872,0.8052843193566915,0.8022889842632331,81,3482.0,3508.0,5.111111111111111,6.929984946450078,0.13351061312976467,0.32098765432098764,0.007466973004020678,0.7597725581565561,0.7604808900603182,0.7483676823987216,11.138070739353715,15.472400350961834,1.0774999973364174,1,0
A_full640,ios-nmm@0.5-drop,ios,nmm,0.5,True,0.2,1,2784,658,698,0.8088320743753632,0.7995404939689833,0.8041594454072791,81,3482.0,3442.0,5.08641975308642,6.885303726590963,0.12928269415413585,-0.49382716049382713,-0.011487650775416428,0.7628603144784513,0.7648119981118939,0.7411537687400125,10.633365151200941,15.464400444645435,1.0027000098489225,1,0
A_full640,ios-nmm@0.5-drop,ios,nmm,0.5,True,0.21,1,2761,621,721,0.8163808397397989,0.7929350947731189,0.8044871794871794,81,3482.0,3382.0,4.987654320987654,6.954881046457256,0.1245446695739742,-1.2345679012345678,-0.02871912693854107,0.7580434146162949,0.7670089458041124,0.7349325115581202,10.160061663637356,15.392500369809568,0.9518999722786248,1,0
A_full640,ios-nmm@0.5-drop,ios,nmm,0.5,True,0.22,1,2734,586,748,0.8234939759036145,0.7851809304997128,0.8038812114084093,81,3482.0,3320.0,5.061728395061729,7.277565730583473,0.1229012537872759,-2.0,-0.04652498564043653,0.7350705075813948,0.7571094987575092,0.7179025824316575,10.12670627127121,15.550200103782117,1.0201000259257853,1,0
A_full640,ios-nmm@0.5-drop,ios,nmm,0.5,True,0.23,1,2712,549,770,0.8316467341306347,0.7788627225732337,0.8043897375055613,81,3482.0,3261.0,5.197530864197531,7.508842523943535,0.12316555275987306,-2.728395061728395,-0.06346927053417577,0.7179643375580955,0.7588372055823565,0.7063093916586363,9.896675286970723,15.430800478439778,1.018200011458248,1,0
A_full640,ios-nmm@0.5-drop,ios,nmm,0.5,True,0.24,1,2692,522,790,0.8375855631611698,0.7731188971855255,0.8040621266427718,81,3482.0,3214.0,5.308641975308642,7.814200432229885,0.12391870269741292,-3.308641975308642,-0.07696726019529006,0.6945591446381303,0.7571485815349712,0.6801511399538899,10.440910255315504,15.54129975521937,0.9986000368371606,1,0
A_full640,ios-nmm@0.5-drop,ios,nmm,0.5,True,0.25,1,2662,497,820,0.8426717315606205,0.7645031591039633,0.8016864929980424,81,3482.0,3159.0,5.592592592592593,8.17629817532677,0.1288448117768578,-3.9876543209876543,-0.09276278001148765,0.6655959903387536,0.7567311519724889,0.6630647925637678,10.496399904851359,15.585899687372148,0.9810999617911875,1,0
A_full640,ios-nmm@0.5-drop,ios,nmm,0.5,True,0.26,1,2638,478,844,0.8465982028241335,0.7576105686387133,0.7996362534101242,81,3482.0,3116.0,5.8765432098765435,8.473633762194497,0.13347112322626198,-4.518518518518518,-0.10511200459506032,0.6408321846371543,0.757188249107945,0.653398209253815,10.381079449113775,15.459299712907523,0.9825999732129276,1,0
A_full640,ios-nmm@0.5-drop,ios,nmm,0.5,True,0.27,1,2615,453,867,0.8523468057366362,0.7510051694428489,0.7984732824427481,81,3482.0,3068.0,6.197530864197531,8.747486411450922,0.13837263971309066,-5.111111111111111,-0.11889718552556003,0.6172417263378753,0.7674431118838548,0.6450246715542165,10.148445600595288,15.363000429235399,0.9410000056959689,1,0
A_full640,ios-nmm@0.5-drop,ios,nmm,0.5,True,0.28,1,2589,428,893,0.8581372224063639,0.7435381964388282,0.7967379596861055,81,3482.0,3017.0,6.728395061728395,9.332671934237203,0.14810375872074322,-5.7407407407407405,-0.13354394026421595,0.5643175829805922,0.7533895089031313,0.6183075740756553,10.667321321834171,15.4889996945858,1.019999966956675,1,0
A_full640,ios-nmm@0.5-drop,ios,nmm,0.5,True,0.29,1,2560,409,922,0.8622431795217245,0.7352096496266514,0.7936753991629204,81,3482.0,2969.0,7.246913580246914,9.746794344808963,0.15959010150656136,-6.333333333333333,-0.14732912119471567,0.5247943020603341,0.7539434620468437,0.6073403210656648,10.546185210485865,15.374900420662016,0.9406000026501715,1,0
A_full640,ios-nmm@0.5-drop,ios,nmm,0.5,True,0.3,1,2522,394,960,0.864883401920439,0.7242963813900057,0.7883713660518913,81,3482.0,2916.0,7.728395061728395,10.233086014625112,0.1675783209968744,-6.987654320987654,-0.16255025847214244,0.47619301755370413,0.7534782656746222,0.5956899496200153,10.392686363248227,15.470500381663442,0.9186000097543001,1,0
A_full640,ios-nmm@0.5-drop,ios,nmm,0.5,True,0.31,1,2492,374,990,0.8695045359385903,0.7156806433084434,0.7851291745431632,81,3482.0,2866.0,8.271604938271604,10.656244908763854,0.18007476171084008,-7.604938271604938,-0.17690982194141297,0.4319763470241653,0.7585502237213975,0.5904026434243752,10.002691303658336,15.339300338644534,0.8532999781891704,1,0
A_full640,ios-nmm@0.5-drop,ios,nmm,0.5,True,0.32,1,2464,353,1018,0.8746893858714945,0.7076392877656519,0.7823464041911414,81,3482.0,2817.0,8.728395061728396,11.072711423657935,0.18774095369605756,-8.209876543209877,-0.1909821941412981,0.3867098393451822,0.7729787676319171,0.5781377703502204,9.92499115605596,15.253800470847636,0.8246000506915152,1,0
A_full640,ios-nmm@0.5-drop,ios,nmm,0.5,True,0.33,1,2441,340,1041,0.8777418194893923,0.7010338885697874,0.7794986428229282,81,3482.0,2781.0,9.148148148148149,11.474609652039003,0.19718351776042406,-8.654320987654321,-0.20132107983917288,0.3413815765397612,0.7645054633236532,0.5719965661100064,9.74454267660441,15.517200329806656,0.9178000036627054,1,0
A_full640,ios-nmm@0.5-drop,ios,nmm,0.5,True,0.34,1,2414,322,1068,0.8823099415204678,0.6932797242963814,0.7764554519137986,81,3482.0,2736.0,9.555555555555555,11.861338795628905,0.20530245101300165,-9.209876543209877,-0.21424468696151636,0.2962385791136538,0.7728403080880173,0.5717769923271161,9.1984260829257,15.279200431425124,0.8280999609269202,1,0
A_full640,ios-nmm@0.5-drop,ios,nmm,0.5,True,0.35,1,2390,306,1092,0.8864985163204748,0.6863871338311315,0.7737131757850438,81,3482.0,2696.0,9.975308641975309,12.249464588954465,0.21427812941016325,-9.703703703703704,-0.2257323377369328,0.24942819327372312,0.7753987440277521,0.5689675152786756,8.825371750612977,15.293399723712355,0.7844000356271863,1,0
A_full640,ios-nmm@0.5-drop,ios,nmm,0.5,True,0.36,1,2358,285,1124,0.8921679909194098,0.6771970132107984,0.7699591836734695,81,3482.0,2643.0,10.580246913580247,12.745853840502674,0.22880494736990808,-10.358024691358025,-0.24095347501435957,0.1873642912036303,0.7805460405752724,0.5705327408907377,8.103765385412977,15.203600437846035,0.7562999962829053,1,0
A_full640,ios-nmm@0.5-drop,ios,nmm,0.5,True,0.37,1,2318,269,1164,0.8960185543100117,0.6657093624353819,0.7638820233975943,81,3482.0,2587.0,11.222222222222221,13.358772029024854,0.24387116344262996,-11.049382716049383,-0.25703618609994255,0.10732964734010764,0.7777204771061548,0.562276614172268,7.76731888212547,15.191300241742283,0.7534999749623239,1,0
A_full640,ios-nmm@0.5-drop,ios,nmm,0.5,True,0.38,1,2281,256,1201,0.8990934174221521,0.6550832854681218,0.7579332114969264,81,3482.0,2537.0,11.765432098765432,13.934148478725225,0.2552106438238522,-11.666666666666666,-0.2713957495692131,0.028777126511094653,0.7748880394608638,0.5500109786891445,7.6773058296839345,15.159300375264138,0.7473999867215753,1,0
A_full640,ios-nmm@0.5-drop,ios,nmm,0.5,True,0.39,1,2263,242,1219,0.9033932135728543,0.6499138426191844,0.755971271087356,81,3482.0,2505.0,12.135802469135802,14.380628259426029,0.26270499155226373,-12.061728395061728,-0.2805858701895462,-0.034460122961318396,0.758130744421443,0.5364004537858179,7.867328640960267,15.208600401412696,0.7397000445052981,1,0
A_full640,ios-nmm@0.5-drop,ios,nmm,0.5,True,0.4,1,2230,224,1252,0.908720456397718,0.6404365307294658,0.7513477088948787,81,3482.0,2454.0,12.74074074074074,14.942688868382556,0.2773905726220786,-12.691358024691358,-0.2952326249282022,-0.11690321675591919,0.7590259973528637,0.5281481391121902,7.592446661868566,15.049200368113816,0.6848999764770269,1,0
A_full640,ios-nmm@0.5-drop,ios,nmm,0.5,True,0.41,1,2200,208,1282,0.9136212624584718,0.6318207926479035,0.7470288624787775,81,3482.0,2408.0,13.308641975308642,15.461621143821295,0.2910403757792847,-13.25925925925926,-0.3084434233199311,-0.19582626834355965,0.759652619723951,0.519282085219025,7.405676287251296,15.007700401358306,0.6487999926321208,1,0
A_full640,ios-nmm@0.5-drop,ios,nmm,0.5,True,0.42,1,2173,201,1309,0.9153327716933446,0.6240666283744974,0.7421448087431695,81,3482.0,2374.0,13.728395061728396,15.790292376436016,0.30227277647576317,-13.679012345679013,-0.31820792647903506,-0.2472065335398952,0.7679687363859118,0.521355837612989,6.896777449772497,15.118900416884571,0.6679000216536224,1,0
A_full640,ios-nmm@0.5-drop,ios,nmm,0.5,True,0.43,1,2152,189,1330,0.9192652712516018,0.6180356117174038,0.7391379014253822,81,3482.0,2341.0,14.135802469135802,16.19365826183925,0.3112297548528773,-14.08641975308642,-0.3276852383687536,-0.3117406406675043,0.7689908395881088,0.5086091220708245,7.037321443819605,15.215600396506488,0.7049000123515725,1,0
A_full640,ios-nmm@0.5-drop,ios,nmm,0.5,True,0.44,1,2125,180,1357,0.9219088937093276,0.6102814474439977,0.7344047001900812,81,3482.0,2305.0,14.555555555555555,16.66259209452845,0.32047632452154245,-14.530864197530864,-0.33802412406662835,-0.3888110384620076,0.7481188189166681,0.5023444075777352,6.862182380423771,15.074900372885168,0.6242000381462276,1,0
A_full640,ios-nmm@0.5-drop,ios,nmm,0.5,True,0.45,1,2092,167,1390,0.9260734838424082,0.6008041355542791,0.728792893224177,81,3482.0,2259.0,15.123456790123457,17.232971555769925,0.33310557954682024,-15.098765432098766,-0.35123492245835725,-0.48551956646376415,0.7475679467577281,0.4842768398453225,7.070963501957865,15.011899675708264,0.5887000006623566,1,0
A_full640,ios-nmm@0.5-drop,ios,nmm,0.5,True,0.46,1,2058,160,1424,0.9278629395852119,0.5910396323951752,0.7221052631578948,81,3482.0,2218.0,15.62962962962963,17.724921424541574,0.34478692288623997,-15.604938271604938,-0.3630097645031591,-0.5715444575917634,0.7433536654083082,0.47510582236480986,6.959031191675706,15.04170033102855,0.6235999753698707,1,0
A_full640,ios-nmm@0.5-drop,ios,nmm,0.5,True,0.47,1,2027,151,1455,0.9306703397612488,0.5821367030442275,0.7162544169611308,81,3482.0,2178.0,16.098765432098766,18.105997914885197,0.3563753924769983,-16.098765432098766,-0.37449741527857555,-0.6398456274320845,0.7614624030794948,0.4788423887187871,6.30457780840967,15.00110035110265,0.5928000318817794,1,0
A_full640,ios-nmm@0.5-drop,ios,nmm,0.5,True,0.48,1,1996,142,1486,0.9335827876520112,0.5732337736932798,0.710320284697509,81,3482.0,2138.0,16.59259259259259,18.60837459151851,0.36901160813722905,-16.59259259259259,-0.38598506605399197,-0.732107786330312,0.7516005134258861,0.4686222964977982,6.250088439440327,15.004300337284803,0.5872000474482775,1,0
A_full640,ios-nmm@0.5-drop,ios,nmm,0.5,True,0.49,1,1958,133,1524,0.9363940698230512,0.5623205054566341,0.7026736048806748,81,3482.0,2091.0,17.17283950617284,19.151443229630967,0.38290930808603324,-17.17283950617284,-0.3994830557151063,-0.8346830513436694,0.7568960489644675,0.46006425582785426,6.037731619844588,15.164499680045992,0.6358999526128173,1,0
A_full640,ios-nmm@0.5-drop,ios,nmm,0.5,True,0.5,1,1918,126,1564,0.9383561643835616,0.5508328546812177,0.6941730003619255,81,3482.0,2044.0,17.753086419753085,19.700222471639727,0.39825080558703413,-17.753086419753085,-0.41298104537622055,-0.9413341547019285,0.7484726142606695,0.45731119704307305,5.57583224562987,14.985900393687189,0.5350999999791384,1,0
A_full640,ios-nmm@0.5-drop,ios,nmm,0.5,True,0.51,1,1885,117,1597,0.9415584415584416,0.5413555427914991,0.687454412837345,81,3482.0,2002.0,18.271604938271604,20.16046736671659,0.4114601185507517,-18.271604938271604,-0.4250430786904078,-1.033102272588653,0.7612006772045504,0.45357386828012736,5.217972724056747,15.07150034699589,0.6054999539628625,1,0
A_full640,ios-nmm@0.5-drop,ios,nmm,0.5,True,0.52,1,1856,106,1626,0.9459734964322121,0.5330269959793222,0.6818515797207935,81,3482.0,1962.0,18.765432098765434,20.66487447426277,0.423676039554613,-18.765432098765434,-0.4365307294658242,-1.1361098234870757,0.7538744495015898,0.44261271454188367,5.195339851421738,15.02190033486113,0.5928999744355679,1,0
A_full640,ios-nmm@0.5-drop,ios,nmm,0.5,True,0.53,1,1825,93,1657,0.9515119916579771,0.5241240666283745,0.675925925925926,81,3482.0,1918.0,19.308641975308642,21.275964529643932,0.43598745892980006,-19.308641975308642,-0.4491671453187823,-1.2643134659721627,0.7379257101391395,0.41960626151237557,5.641123424863069,14.935000333469361,0.5475999787449837,1,0
A_full640,ios-nmm@0.5-drop,ios,nmm,0.5,True,0.54,1,1788,87,1694,0.9536,0.5134979896611143,0.6675378010080268,81,3482.0,1875.0,19.839506172839506,21.776927421039787,0.4492836617783187,-19.839506172839506,-0.46151636990235495,-1.37219967185918,0.7354378368093024,0.4159916805933373,5.265641582395056,14.906600107438862,0.5508000031113625,1,0
A_full640,ios-nmm@0.5-drop,ios,nmm,0.5,True,0.55,1,1745,81,1737,0.9556407447973713,0.5011487650775417,0.6574981160512434,81,3482.0,1826.0,20.444444444444443,22.357919026820824,0.4641946223028397,-20.444444444444443,-0.4755887421022401,-1.500465069470705,0.7305986737934778,0.41045811630091367,4.898578259755782,14.883499782532454,0.5091000348329544,1,0
A_full640,ios-nmm@0.5-drop,ios,nmm,0.5,True,0.56,1,1704,73,1778,0.9589195272931907,0.4893739230327398,0.648031945236737,81,3482.0,1777.0,21.049382716049383,22.92042056796397,0.4792588222960163,-21.049382716049383,-0.4896611143021252,-1.6278658953120995,0.7339001815237443,0.4072094916866925,4.433290740085634,14.903000360820442,0.5590000073425472,1,0
A_full640,ios-nmm@0.5-drop,ios,nmm,0.5,True,0.57,1,1665,64,1817,0.9629843840370156,0.4781734635267088,0.6390328151986184,81,3482.0,1729.0,21.641975308641975,23.54166256964894,0.4929745796634465,-21.641975308641975,-0.503446295232625,-1.7722493809239177,0.7134075722580513,0.394266074630689,4.397105285628893,14.8841003915295,0.4605000140145421,1,0
A_full640,ios-nmm@0.5-drop,ios,nmm,0.5,True,0.58,1,1608,61,1874,0.96345116836429,0.4618035611717404,0.6243447874199184,81,3482.0,1669.0,22.382716049382715,24.284578249184,0.5104946265987437,-22.382716049382715,-0.5206777713957496,-1.9499806348122033,0.7087039337356187,0.3797696305061176,4.2795326737987445,14.870900162495673,0.44410000555217266,1,0
A_full640,ios-nmm@0.5-drop,ios,nmm,0.5,True,0.59,1,1553,53,1929,0.9669987546699875,0.4460080413555428,0.6104559748427673,81,3482.0,1606.0,23.160493827160494,25.045637356978638,0.5292509853019732,-23.160493827160494,-0.5387708213670305,-2.1377779743098673,0.7045605107449233,0.3697172682581699,3.9338823694450884,15.19280015816912,0.5954999942332506,1,0
A_full640,ios-nmm@0.5-drop,ios,nmm,0.5,True,0.6,1,1509,51,1973,0.9673076923076923,0.43337162550258473,0.5985719952399842,81,3482.0,1560.0,23.728395061728396,25.604783503705026,0.5425182957838733,-23.728395061728396,-0.5519816197587594,-2.2794442343584174,0.69874876547046,0.3625186027788283,3.675434878075554,15.163200421258807,0.5727999960072339,1,0
A_full640,ios-nmm@0.5-drop,ios,nmm,0.5,True,0.61,1,1463,46,2019,0.9695162359178264,0.42016082711085584,0.5862552594670407,81,3482.0,1509.0,24.358024691358025,26.24504656379566,0.5574909421292422,-24.358024691358025,-0.5666283744974153,-2.4455037693499393,0.677088170431862,0.35340171633506956,3.437718811373921,14.858199822716415,0.46249997103586793,1,0
A_full640,ios-nmm@0.5-drop,ios,nmm,0.5,True,0.62,1,1426,43,2056,0.9707283866575902,0.40953475014359564,0.5760452433851747,81,3482.0,1469.0,24.85185185185185,26.763942945225928,0.5685755614642467,-24.85185185185185,-0.5781160252728317,-2.583094191053588,0.675262675591771,0.33750015248179377,3.6274625809678307,14.863799712155014,0.4268999909982085,1,0
A_full640,ios-nmm@0.5-drop,ios,nmm,0.5,True,0.63,1,1374,36,2108,0.9744680851063829,0.39460080413555426,0.5617334423548651,81,3482.0,1410.0,25.580246913580247,27.521932892212654,0.5858469287847986,-25.580246913580247,-0.5950603101665709,-2.78892402747112,0.6420163831968768,0.32374553228344544,3.490346377642508,14.840299802832305,0.4537999629974365,1,0
A_full640,ios-nmm@0.5-drop,ios,nmm,0.5,True,0.64,1,1341,31,2141,0.9774052478134111,0.38512349224583575,0.5525339925834364,81,3482.0,1372.0,26.049382716049383,27.960730840516355,0.5975417444845078,-26.049382716049383,-0.6059735784032165,-2.910705136806665,0.6508363901687361,0.3209375800529416,3.141917855008113,14.932500394526869,0.4364000051282346,1,0
A_full640,ios-nmm@0.5-drop,ios,nmm,0.5,True,0.65,1,1288,25,2194,0.9809596344249809,0.36990235496840895,0.5372262773722628,81,3482.0,1313.0,26.77777777777778,28.730119266832496,0.6152260535665306,-26.77777777777778,-0.6229178632969558,-3.1288859985117776,0.6151010564271966,0.3041569586591361,3.1348823450479997,14.994899715762585,0.4526000120677054,1,0
A_full640,ios-nmm@0.5-drop,ios,nmm,0.5,True,0.66,1,1245,20,2237,0.9841897233201581,0.3575531303848363,0.524541815883716,81,3482.0,1265.0,27.37037037037037,29.331018427175497,0.6296232682108399,-27.37037037037037,-0.6367030442274555,-3.303405985825292,0.5929727572291359,0.29565991070666164,2.9075579125852347,14.762500300537795,0.37239998346194625,1,0
A_full640,ios-nmm@0.5-drop,ios,nmm,0.5,True,0.67,1,1204,18,2278,0.9852700490998363,0.3457782883400345,0.511904761904762,81,3482.0,1222.0,27.901234567901234,29.846520983438168,0.6429318026154202,-27.901234567901234,-0.6490522688110282,-3.456002903253351,0.5868737091477569,0.2913660233968065,2.5612778584237006,14.801700346171856,0.41179999243468046,1,0
A_full640,ios-nmm@0.5-drop,ios,nmm,0.5,True,0.68,1,1155,15,2327,0.9871794871794872,0.3317059161401493,0.496560619088564,81,3482.0,1170.0,28.54320987654321,30.47929878328876,0.6583206968710182,-28.54320987654321,-0.6639862148190695,-3.6469497541993485,0.5770340958899834,0.2841627834636545,2.2289529380191997,14.761199782602489,0.3578999894671142,1,0
A_full640,ios-nmm@0.5-drop,ios,nmm,0.5,True,0.69,1,1104,15,2378,0.9865951742627346,0.3170591614014934,0.47989567485329276,81,3482.0,1119.0,29.17283950617284,31.116864547368188,0.6728862409623042,-29.17283950617284,-0.6786329695577255,-3.843392811398319,0.5801222190508268,0.2694261805140466,2.232815301852959,14.782399827614427,0.3429999924264848,1,0
A_full640,ios-nmm@0.5-drop,ios,nmm,0.5,True,0.7,1,1053,12,2429,0.9887323943661972,0.3024124066628375,0.4631625247415879,81,3482.0,1065.0,29.839506172839506,31.71847613607977,0.6905862345517665,-29.839506172839506,-0.6941412981045376,-4.032487008551179,0.6169372617301947,0.2696320309355063,1.557299608426753,14.894800119102001,0.37620001239702106,1,0
A_full640,ios-nmm@0.5-drop,ios,nmm,0.5,True,0.71,1,1009,11,2473,0.9892156862745098,0.28977599080987937,0.4482452243447356,81,3482.0,1020.0,30.395061728395063,32.25439007348218,0.7043599243670707,-30.395061728395063,-0.7070649052268811,-4.203980994669236,0.627007650785727,0.26441029191114573,1.2262143650048183,14.954300350975245,0.41959999362006783,1,0
A_full640,ios-nmm@0.5-drop,ios,nmm,0.5,True,0.72,1,938,9,2544,0.9904963041182682,0.26938541068351524,0.4235719123955746,81,3482.0,947.0,31.296296296296298,33.17573856946714,0.7256719541029182,-31.296296296296298,-0.7280298678920161,-4.5055312770655185,0.6045035922698059,0.2476807519182209,1.0441434792685766,14.653499777428806,0.2856999635696411,1,0
A_full640,ios-nmm@0.5-drop,ios,nmm,0.5,True,0.73,1,877,7,2605,0.9920814479638009,0.25186674325100517,0.40174072377462205,81,3482.0,884.0,32.074074074074076,33.94076175694905,0.7452146375483414,-32.074074074074076,-0.746122917863297,-4.762370847920758,0.6165011853012237,0.23756663454383545,0.7011478829427776,14.73519972898066,0.2779999631457031,1,0
A_full640,ios-nmm@0.5-drop,ios,nmm,0.5,True,0.74,1,815,7,2667,0.9914841849148418,0.2340608845491097,0.37871747211895906,81,3482.0,822.0,32.839506172839506,34.71826644133255,0.7648213329746666,-32.839506172839506,-0.7639287765651924,-5.029400014638252,0.5760771033943514,0.2274532795784183,0.37046519145614076,14.676100321114063,0.25430001551285386,1,0
A_full640,ios-nmm@0.5-drop,ios,nmm,0.5,True,0.75,1,775,7,2707,0.9910485933503836,0.22257323377369329,0.3635084427767355,81,3482.0,782.0,33.333333333333336,35.193994998445646,0.7770531173716302,-33.333333333333336,-0.7754164273406089,-5.195768325261963,0.5794258938991035,0.22464380252997793,-0.002589140856581637,14.64270035782829,0.2269999822601676,1,0
A_full640,ios-nmm@0.5-drop,ios,nmm,0.5,True,0.76,1,715,5,2767,0.9930555555555556,0.20534175761056864,0.3403141361256544,81,3482.0,720.0,34.098765432098766,35.941653678368816,0.7965209560879681,-34.098765432098766,-0.7932222860425043,-5.461809409956451,0.5713805167129271,0.21922383717384142,-0.5350296424606901,14.660099827684462,0.23870001314207911,1,0
A_full640,ios-nmm@0.5-drop,ios,nmm,0.5,True,0.77,1,663,4,2819,0.9940029985007496,0.1904078116025273,0.31959508315256685,81,3482.0,667.0,34.75308641975309,36.57345053383147,0.812428566090142,-34.75308641975309,-0.808443423319931,-5.69098268416751,0.5828656055564745,0.2148605706478646,-1.0017840369859832,14.5982003682293,0.18239999189972878,1,0
A_full640,ios-nmm@0.5-drop,ios,nmm,0.5,True,0.78,1,599,3,2883,0.9950166112956811,0.172027570361861,0.29333986287952984,81,3482.0,602.0,35.55555555555556,37.397101624010155,0.8309135998999365,-35.55555555555556,-0.8271108558299828,-5.995744233138563,0.5598312665136514,0.19955749783475846,-1.1464099686497418,14.583900317549706,0.16820000018924475,1,0
A_full640,ios-nmm@0.5-drop,ios,nmm,0.5,True,0.79,1,525,3,2957,0.9943181818181818,0.1507754164273406,0.26184538653366585,81,3482.0,528.0,36.46913580246913,38.335426673921404,0.8530117259984766,-36.46913580246913,-0.8483630097645032,-6.351206740915134,0.523658786228115,0.18270368517998947,-1.3354843431694245,14.628000437747687,0.19029999384656549,1,0
A_full640,ios-nmm@0.5-drop,ios,nmm,0.5,True,0.8,1,467,2,3015,0.9957356076759062,0.1341183228029868,0.23639584915211337,81,3482.0,469.0,37.19753086419753,39.10463961611426,0.869783156648424,-37.19753086419753,-0.8653072946582424,-6.649175225978018,0.4919470072218801,0.16308232797004035,-1.220403283847907,14.574599816929549,0.13380002928897738,1,0
A_full640,ios-nmm@0.5-drop,ios,nmm,0.5,True,0.81,1,397,1,3085,0.9974874371859297,0.11401493394600803,0.20463917525773193,81,3482.0,398.0,38.074074074074076,39.97653632807779,0.8913897239050058,-38.074074074074076,-0.8856978747846066,-6.994077607133708,0.5086070184684054,0.15104770240433288,-1.5796061700232977,14.5609997715801,0.13080000644549727,1,0
A_full640,ios-nmm@0.5-drop,ios,nmm,0.5,True,0.82,1,335,1,3147,0.9970238095238095,0.09620907524411258,0.17548454688318493,81,3482.0,336.0,38.839506172839506,40.78973485003062,0.9089224704790768,-38.839506172839506,-0.903503733486502,-7.3226148797833535,0.4657803074483504,0.12963315930077945,-1.4244772924112854,14.465800361707807,0.09210000280290842,1,0
A_full640,ios-nmm@0.5-drop,ios,nmm,0.5,True,0.83,1,270,0,3212,1.0,0.07754164273406089,0.1439232409381663,81,3482.0,270.0,39.65432098765432,41.647551170729336,0.9273318998110881,-39.65432098765432,-0.9224583572659392,-7.676348244019664,0.44526598989128086,0.1077215255498493,-1.2973623699330288,14.455999786965549,0.08510000770911574,1,0
A_full640,ios-nmm@0.5-drop,ios,nmm,0.5,True,0.84,1,220,0,3262,1.0,0.06318207926479034,0.11885467314964883,81,3482.0,220.0,40.27160493827161,42.298177294880404,0.9413946011900017,-40.27160493827161,-0.9368179207352096,-7.949552923380947,0.38053049041069154,0.09280041962989614,-1.273222977176524,14.41869979398325,0.059999991208314896,1,0
A_full640,ios-nmm@0.5-drop,ios,nmm,0.5,True,0.85,1,168,0,3314,1.0,0.048248133256748996,0.09205479452054795,81,3482.0,168.0,40.91358024691358,42.99842087252582,0.9553514792195683,-40.91358024691358,-0.951751866743251,-8.248324225087524,0.30263991457098594,0.07071419422520947,-0.9657632628664129,14.41289980802685,0.04509999416768551,1,0
A_full640,ios-nmm@0.5-drop,ios,nmm,0.5,True,0.86,1,126,0,3356,1.0,0.03618609994256174,0.06984478935698447,81,3482.0,126.0,41.4320987654321,43.53996319545675,0.9668095628584895,-41.4320987654321,-0.9638139000574383,-8.482746685045806,0.264035963629752,0.05851641314027103,-0.9599277846225154,14.433600349351764,0.04229997284710407,1,0
A_full640,ios-nmm@0.5-drop,ios,nmm,0.5,True,0.87,1,79,0,3403,1.0,0.022688110281447443,0.04436955911260882,81,3482.0,79.0,42.01234567901235,44.15139498376406,0.979441473334539,-42.01234567901235,-0.9773118897185525,-8.75094919916562,0.21744121685886242,0.04335057394147136,-0.8882308452370777,14.396999803371727,0.026500027161091566,1,0
A_full640,ios-nmm@0.5-drop,ios,nmm,0.5,True,0.88,1,55,0,3427,1.0,0.015795519816197586,0.0310998020921685,81,3482.0,55.0,42.30864197530864,44.46818810213004,0.9860599882348046,-42.30864197530864,-0.9842044801838025,-8.891380356685412,0.19863322288891494,0.034254272539858716,-0.7934984812813343,14.401100334711373,0.02239999594166875,1,0
A_full640,ios-nmm@0.5-drop,ios,nmm,0.5,True,0.89,1,24,0,3458,1.0,0.0068925904652498565,0.013690815744438105,81,3482.0,24.0,42.69135802469136,44.89851381961185,0.9942379662225994,-42.69135802469136,-0.9931074095347502,-9.08374757553948,0.15069734715060146,0.01749499859716749,-0.45577265574490383,14.389300361275673,0.016200006939470768,1,0
A_full640,ios-nmm@0.5-drop,ios,nmm,0.5,True,0.9,1,4,0,3478,1.0,0.0011487650775416428,0.002294893861158921,81,3482.0,4.0,42.93827160493827,45.20269848822395,0.9989316759913829,-42.93827160493827,-0.9988512349224583,-9.220843956231626,0.003678279198204182,0.0009293765324420264,0.009430998938726705,14.382399808615446,0.014999997802078724,1,0
B_full1280,ios-nmm@0.5-drop,ios,nmm,0.5,True,0.01,1,3212,13570,270,0.1913955428435228,0.9224583572659392,0.3170153967627319,81,3482.0,16782.0,164.19753086419752,165.48991987503925,4.491925982500416,164.19753086419752,3.8196438828259622,-135.99386718225844,0.009200737527729208,-0.09323880478670458,211.1933026946581,27.69499990483746,6.531300023198128,1,0
B_full1280,ios-nmm@0.5-drop,ios,nmm,0.5,True,0.02,1,3182,11451,300,0.21745370053987562,0.9138426191843768,0.35131106817554514,81,3482.0,14633.0,137.66666666666666,141.43868365679845,3.830064984284616,137.66666666666666,3.2024698449167146,-99.06782161459921,0.0005497333454914655,-0.04788157044048659,182.71263738609596,26.93469941802323,5.744100024458021,1,0
B_full1280,ios-nmm@0.5-drop,ios,nmm,0.5,True,0.03,1,3144,9315,338,0.2523477004575006,0.9029293509477312,0.39445455115739286,81,3482.0,12459.0,110.82716049382717,115.83976800672492,3.132879569846303,110.82716049382717,2.578116025272832,-66.12331431377093,6.6997297356596874e-06,0.005608280371325991,153.57372799687707,25.79100052267313,4.5267000095918775,1,0
B_full1280,ios-nmm@0.5-drop,ios,nmm,0.5,True,0.04,1,3115,8010,367,0.28,0.8946008041355543,0.426507838707469,81,3482.0,11125.0,94.35802469135803,99.82286781229843,2.704939119602387,94.35802469135803,2.1950028719126937,-48.844600467204216,9.830527907539466e-05,-0.020481354526266177,138.22612440074641,25.13129911897704,4.009799973573536,1,0
B_full1280,ios-nmm@0.5-drop,ios,nmm,0.5,True,0.05,1,3100,7136,382,0.3028526768268855,0.8902929350947731,0.45196092724887005,81,3482.0,10236.0,83.38271604938272,89.03058151244686,2.414758422855047,83.38271604938272,1.9396898334290638,-38.64938488844432,0.00045963292450590387,-0.041723593202968735,128.16396977200912,24.675999448634684,3.492899995762855,1,0
B_full1280,ios-nmm@0.5-drop,ios,nmm,0.5,True,0.06,1,3072,6463,410,0.3221814368117462,0.8822515795519816,0.4719981562572022,81,3482.0,9535.0,74.72839506172839,80.52735138440637,2.188713478830827,74.72839506172839,1.7383687535898908,-31.43731244739378,0.0014746245541948921,-0.07041837954548041,120.74317034046128,24.22259974339977,3.3421999542042613,1,0
B_full1280,ios-nmm@0.5-drop,ios,nmm,0.5,True,0.07,1,3049,5992,433,0.33724145559119567,0.8756461803561172,0.4869440229976843,81,3482.0,9041.0,68.62962962962963,74.76044045342512,2.0299102333709684,68.62962962962963,1.596496266513498,-26.95771908584115,0.003608217543697223,-0.10716877904777836,116.22421837832553,24.293199385982007,3.063199983444065,1,0
B_full1280,ios-nmm@0.5-drop,ios,nmm,0.5,True,0.08,1,3027,5584,455,0.3515271164789223,0.8693279724296381,0.5006201935003722,81,3482.0,8611.0,63.32098765432099,69.54020064806284,1.8896842486892802,63.32098765432099,1.4730040206777715,-23.18966829110604,0.004916127158583028,-0.11929184405381758,111.43671853080734,24.267000154126436,3.029800020158291,1,0
B_full1280,ios-nmm@0.5-drop,ios,nmm,0.5,True,0.09,1,3006,5243,476,0.36440780700690995,0.8632969557725445,0.5124882789191033,81,3482.0,8249.0,58.851851851851855,65.26593273146904,1.772736719008932,58.851851851851855,1.3690407811602527,-20.30743302999622,0.007260955052154516,-0.1400705380777517,107.86081004428064,23.403599793557078,2.60309997247532,1,0
B_full1280,ios-nmm@0.5-drop,ios,nmm,0.5,True,0.1,1,2991,4983,491,0.37509405568096316,0.8589890867317633,0.5221717877094972,81,3482.0,7974.0,55.45679012345679,61.90394789859609,1.6813875874573185,55.45679012345679,1.2900631820792647,-18.16879124632519,0.008242938973466396,-0.14349146711882385,104.61280603095983,23.49109939020127,2.375699987169355,1,0
B_full1280,ios-nmm@0.5-drop,ios,nmm,0.5,True,0.11,1,2971,4727,511,0.3859444011431541,0.8532452613440551,0.5314847942754919,81,3482.0,7698.0,52.04938271604938,58.64140870421527,1.5933305053346432,52.04938271604938,1.2107983917288914,-16.20151993851934,0.013176196818749597,-0.17414716932797958,102.52321535308675,23.67659930186346,2.5398999569006264,1,0
B_full1280,ios-nmm@0.5-drop,ios,nmm,0.5,True,0.12,1,2955,4532,527,0.3946841191398424,0.8486502010338886,0.5387911386635063,81,3482.0,7487.0,49.44444444444444,56.20542129293267,1.5253571268172583,49.44444444444444,1.1502010338885698,-14.802087018310013,0.01740567279865446,-0.19493424985056576,100.81186491332927,23.291799707803875,2.237499982584268,1,0
B_full1280,ios-nmm@0.5-drop,ios,nmm,0.5,True,0.13,1,2934,4329,548,0.40396530359355637,0.842619184376795,0.5461144718473708,81,3482.0,7263.0,46.67901234567901,53.68023752960272,1.4518967379887533,46.67901234567901,1.0858701895462377,-13.414078796491697,0.01785575719678878,-0.19479625382729054,98.04050068921761,23.392399376258254,2.146800048649311,1,0
B_full1280,ios-nmm@0.5-drop,ios,nmm,0.5,True,0.14,1,2911,4174,571,0.4108680310515173,0.8360137851809305,0.5509605375224758,81,3482.0,7085.0,44.48148148148148,51.56453465869639,1.3925767417667199,44.48148148148148,1.0347501435956348,-12.300263336057673,0.01988817342375704,-0.199625352232942,96.05056143796426,23.12379929702729,2.06540001090616,1,0
B_full1280,ios-nmm@0.5-drop,ios,nmm,0.5,True,0.15,1,2892,4028,590,0.41791907514450866,0.8305571510626077,0.5560469140549895,81,3482.0,6920.0,42.44444444444444,49.724425773642864,1.3378271055835045,42.44444444444444,0.987363584147042,-11.367946192224649,0.020529000569877942,-0.20036870097710094,94.04547921978109,22.88669978454709,1.8446999602019787,1,0
B_full1280,ios-nmm@0.5-drop,ios,nmm,0.5,True,0.16,1,2872,3872,610,0.4258600237247924,0.8248133256748995,0.5617054566790534,81,3482.0,6744.0,40.27160493827161,47.58747630663522,1.2781576937517545,40.27160493827161,0.9368179207352096,-10.327742842504604,0.020630801118904474,-0.19414210693242998,91.6049730412188,23.071199734229594,2.0505000138655305,1,0
B_full1280,ios-nmm@0.5-drop,ios,nmm,0.5,True,0.17,1,2849,3752,633,0.43160127253446445,0.8182079264790351,0.5651095903996827,81,3482.0,6601.0,38.50617283950617,45.947769596186035,1.2294736727580942,38.50617283950617,0.8957495692130959,-9.560558906766532,0.020583807571394663,-0.19048406870219525,89.68229045951907,22.999699695501477,1.9450000254437327,1,0
B_full1280,ios-nmm@0.5-drop,ios,nmm,0.5,True,0.18,1,2826,3637,656,0.4372582392077982,0.8116025272831706,0.5683257918552037,81,3482.0,6463.0,36.80246913580247,44.357275629084434,1.1854879105525058,36.80246913580247,0.8561171740379092,-8.842099765787964,0.02550995108316423,-0.2055340217378032,88.62554893445719,22.86990000726655,1.879999996162951,1,0
B_full1280,ios-nmm@0.5-drop,ios,nmm,0.5,True,0.19,1,2801,3503,681,0.4443210659898477,0.8044227455485353,0.572450439403229,81,3482.0,6304.0,34.839506172839506,42.49444408128877,1.1318343918975762,34.839506172839506,0.8104537622056289,-8.03279883381924,0.02516975028208468,-0.198429894970539,86.35719622577058,22.94429999170825,1.8421999993734062,1,0
B_full1280,ios-nmm@0.5-drop,ios,nmm,0.5,True,0.2,1,2783,3379,699,0.4516390782213567,0.7992533026995979,0.5771464122770634,81,3482.0,6162.0,33.08641975308642,40.79820862685632,1.0829303127342518,33.08641975308642,0.7696726019529007,-7.3260731668638766,0.025287714945821604,-0.19248615465313212,84.34860235187911,22.900999718811363,1.6968999989330769,1,0
B_full1280,ios-nmm@0.5-drop,ios,nmm,0.5,True,0.21,1,2763,3280,719,0.457223233493298,0.7935094773118897,0.5801574803149606,81,3482.0,6043.0,31.641975308641975,39.44913900075938,1.0429955922958953,31.617283950617285,0.7354968408960367,-6.784542463129902,0.026432271538683327,-0.19232986081461725,82.87274784390739,22.769099260214716,1.7084999708458781,1,0
B_full1280,ios-nmm@0.5-drop,ios,nmm,0.5,True,0.22,1,2744,3181,738,0.46312236286919833,0.7880528431935669,0.5833953438928459,81,3482.0,5925.0,30.209876543209877,38.28499367560011,1.0063450324717678,30.160493827160494,0.7016082711085583,-6.331877386340071,0.029720169479970915,-0.2023006453029495,81.84457835734408,22.819699541199952,1.7641999875195324,1,0
B_full1280,ios-nmm@0.5-drop,ios,nmm,0.5,True,0.23,1,2715,3094,767,0.4673782062317094,0.77972429638139,0.584436551501453,81,3482.0,5809.0,28.77777777777778,36.94089373079149,0.9658155596775162,28.728395061728396,0.6682940838598507,-5.826102900813643,0.027327067741285682,-0.18979103894994806,79.87472095831751,22.764500019606203,1.5770999598316848,1,0
B_full1280,ios-nmm@0.5-drop,ios,nmm,0.5,True,0.24,1,2698,3003,784,0.4732503069636906,0.774842044801838,0.5876075356637265,81,3482.0,5701.0,27.493827160493826,35.62233312521725,0.9285482912467219,27.395061728395063,0.6372774267662263,-5.347500670919892,0.023744301514536104,-0.17221141295729064,77.7856807397196,22.734399371780455,1.6064000083133578,1,0
B_full1280,ios-nmm@0.5-drop,ios,nmm,0.5,True,0.25,1,2669,2886,813,0.48046804680468047,0.7665134979896611,0.5906827486997898,81,3482.0,5555.0,25.839506172839506,34.14258410523017,0.8828625959462021,25.59259259259259,0.5953475014359564,-4.8311043036461445,0.02380233150935951,-0.17003778498847108,75.88977243617109,22.652799780946225,1.506200002040714,1,0
B_full1280,ios-nmm@0.5-drop,ios,nmm,0.5,True,0.26,1,2638,2810,844,0.4842143906020558,0.7576105686387133,0.5908174692049272,81,3482.0,5448.0,24.666666666666668,33.193781955267276,0.8520918124117879,24.271604938271604,0.5646180356117174,-4.511521524329995,0.02732128204381168,-0.18123528550690904,75.05013906339576,22.590699402615428,1.5579999890178442,1,0
B_full1280,ios-nmm@0.5-drop,ios,nmm,0.5,True,0.27,1,2604,2728,878,0.4883720930232558,0.7478460654796094,0.5908781484002723,81,3482.0,5332.0,23.358024691358025,31.939371577883673,0.8139559594399655,22.839506172839506,0.5313038483630098,-4.102826097563951,0.02769435377674745,-0.17755666223452737,73.4599049123534,22.780799261294305,1.610299979802221,1,0
B_full1280,ios-nmm@0.5-drop,ios,nmm,0.5,True,0.28,1,2576,2651,906,0.49282571264587716,0.7398047099368179,0.5915719370765875,81,3482.0,5227.0,22.135802469135804,30.8274769213008,0.7788688630700809,21.54320987654321,0.5011487650775417,-3.7537243678104835,0.02443912026111117,-0.1642358527391821,71.59097826219545,22.60009913984686,1.512399991042912,1,0
B_full1280,ios-nmm@0.5-drop,ios,nmm,0.5,True,0.29,1,2551,2562,931,0.4989243105808723,0.7326249282021826,0.5936009307737057,81,3482.0,5113.0,20.950617283950617,29.624189315365115,0.7422246221484646,20.135802469135804,0.4684089603676048,-3.389863162838357,0.022324169920186265,-0.15345386510850562,69.72007849762736,22.46729939430952,1.4457000070251524,1,0
B_full1280,ios-nmm@0.5-drop,ios,nmm,0.5,True,0.3,1,2521,2492,961,0.5028924795531617,0.7240091901206204,0.5935256032960566,81,3482.0,5013.0,19.987654320987655,28.740860060844337,0.7133983261702952,18.901234567901234,0.43968983342906376,-3.1319737548336724,0.025049771978413404,-0.1601996596606358,68.77549648072016,22.586800143122673,1.4005000120960176,1,0
B_full1280,ios-nmm@0.5-drop,ios,nmm,0.5,True,0.31,1,2486,2424,996,0.5063136456211813,0.713957495692131,0.5924690181124881,81,3482.0,4910.0,18.987654320987655,27.89397917246792,0.6848776518266804,17.62962962962963,0.41010913268236643,-2.8920550886224183,0.02879383079134812,-0.16954145675006302,67.90547348646565,22.541600010357797,1.3710000202991068,1,0
B_full1280,ios-nmm@0.5-drop,ios,nmm,0.5,True,0.32,1,2453,2358,1029,0.5098732072334234,0.7044801838024124,0.5915832629928857,81,3482.0,4811.0,18.160493827160494,26.975755003793523,0.6577139193464779,16.40740740740741,0.3816771970132108,-2.640032417629335,0.027784286012599857,-0.1638119533527684,66.43695335276963,22.5120991403237,1.382599992211908,1,0
B_full1280,ios-nmm@0.5-drop,ios,nmm,0.5,True,0.33,1,2411,2292,1071,0.512651499043164,0.6924181504882252,0.5891264508246794,81,3482.0,4703.0,17.19753086419753,26.262915693820837,0.6294006742631403,15.074074074074074,0.35066053991958646,-2.45019715895922,0.03324037370247179,-0.17834499310782154,65.7283613086597,22.43469970067963,1.2526999926194549,1,0
B_full1280,ios-nmm@0.5-drop,ios,nmm,0.5,True,0.34,1,2374,2228,1108,0.5158626684050412,0.6817920735209649,0.5873330034636318,81,3482.0,4602.0,16.37037037037037,25.49751863986226,0.6036774195248947,13.82716049382716,0.32165422171165997,-2.2520249582199883,0.034924841114293614,-0.18064518096539156,64.58032740890734,22.324499708600342,1.242699974682182,1,0
B_full1280,ios-nmm@0.5-drop,ios,nmm,0.5,True,0.35,1,2340,2172,1142,0.5186170212765957,0.672027570361861,0.585439079309482,81,3482.0,4512.0,15.82716049382716,24.802926947946794,0.5836842751658419,12.716049382716049,0.295807007466973,-2.077257950400722,0.03518649325548828,-0.17898465423228363,63.39783414860262,22.40659939777106,1.3886000378988683,1,0
B_full1280,ios-nmm@0.5-drop,ios,nmm,0.5,True,0.36,1,2307,2103,1175,0.5231292517006803,0.6625502584721424,0.5846426761277244,81,3482.0,4410.0,15.160493827160494,23.965510197205184,0.5583984277986344,11.45679012345679,0.2665134979896611,-1.8729719921441377,0.031227358807542682,-0.1661555985215347,61.587083877184995,22.367699392605573,1.2198000331409276,1,0
B_full1280,ios-nmm@0.5-drop,ios,nmm,0.5,True,0.37,1,2267,2030,1215,0.5275773795671399,0.651062607696726,0.5828512662295925,81,3482.0,4297.0,14.62962962962963,23.30659844044595,0.5387567631034109,10.061728395061728,0.2340608845491097,-1.7171638081413079,0.03316497398657592,-0.1699470583212354,60.35500811203138,22.31739969877526,1.1977999820373952,1,0
B_full1280,ios-nmm@0.5-drop,ios,nmm,0.5,True,0.38,1,2230,1974,1252,0.5304471931493815,0.6404365307294658,0.5802758261774654,81,3482.0,4204.0,14.345679012345679,22.857583769997852,0.5251601667274417,8.91358024691358,0.2073520964962665,-1.613476950852068,0.035552018466114776,-0.17539065835539167,59.44086756041324,22.229000074788928,1.09039997914806,1,0
B_full1280,ios-nmm@0.5-drop,ios,nmm,0.5,True,0.39,1,2191,1917,1291,0.5333495618305745,0.6292360712234348,0.57733860342556,81,3482.0,4108.0,14.320987654320987,22.502674738136584,0.5178237079741826,7.728395061728395,0.1797817346352671,-1.5329482659770424,0.039270610787091376,-0.18435658782341302,58.64110665186573,22.182200913783163,1.1289000394754112,1,0
B_full1280,ios-nmm@0.5-drop,ios,nmm,0.5,True,0.4,1,2155,1865,1327,0.5360696517412935,0.6188971855255601,0.574513463076513,81,3482.0,4020.0,14.271604938271604,21.964055934330975,0.5076114041720899,6.6419753086419755,0.15450890292935096,-1.4131433206875097,0.04194243677655385,-0.18559702721494936,57.60801047854881,22.298499113414437,1.18680001469329,1,0
B_full1280,ios-nmm@0.5-drop,ios,nmm,0.5,True,0.41,1,2102,1817,1380,0.5363613166624139,0.6036760482481333,0.5680313471152548,81,3482.0,3919.0,14.679012345679013,21.812613861176523,0.5095031420909064,5.395061728395062,0.12550258472142448,-1.3799808177903556,0.05308103734125613,-0.20833816192346566,57.338684936018616,22.296899757348,1.1203999747522175,1,0
B_full1280,ios-nmm@0.5-drop,ios,nmm,0.5,True,0.42,1,2054,1747,1428,0.5403841094448829,0.5898908673176335,0.5640532747494164,81,3482.0,3801.0,14.753086419753087,21.258839846166072,0.501188434113568,3.9382716049382718,0.09161401493394601,-1.2606699135123267,0.0531073983691458,-0.20311718530807335,55.657457274601384,22.21709973178804,1.0786000057123601,1,0
B_full1280,ios-nmm@0.5-drop,ios,nmm,0.5,True,0.43,1,2004,1691,1478,0.5423545331529094,0.575531303848363,0.5584506061028285,81,3482.0,3695.0,15.0,21.010579345759233,0.49982003916737633,2.6296296296296298,0.061171740379092475,-1.2081780560401087,0.056002204886430706,-0.20640926723349126,54.49033417909899,22.124300880357623,1.0685999877750874,1,0
B_full1280,ios-nmm@0.5-drop,ios,nmm,0.5,True,0.44,1,1959,1631,1523,0.5456824512534819,0.5626076967260195,0.5540158371040724,81,3482.0,3590.0,15.358024691358025,20.702477933633755,0.4980829460755455,1.3333333333333333,0.031016657093624354,-1.1438909694182513,0.05788132802451584,-0.2048836868877845,53.128456762262545,22.244499725755304,0.977099989540875,1,0
B_full1280,ios-nmm@0.5-drop,ios,nmm,0.5,True,0.45,1,1913,1551,1569,0.5522517321016166,0.5493968983342906,0.5508206161819752,81,3482.0,3464.0,15.679012345679013,20.289874626169553,0.4922250248435574,-0.2222222222222222,-0.005169442848937392,-1.0592864461983238,0.05169980344816383,-0.187935335520938,50.844331336838344,22.14710087934509,1.0003999923355877,1,0
B_full1280,ios-nmm@0.5-drop,ios,nmm,0.5,True,0.46,1,1868,1481,1614,0.5577784413257689,0.5364732912119472,0.5469184599619382,81,3482.0,3349.0,16.061728395061728,20.154036448939582,0.49172954865905194,-1.6419753086419753,-0.03819643882825962,-1.0318054149334568,0.050778817545931276,-0.18221803066713732,49.17880472571571,22.033000291790813,0.9678999776951969,1,0
B_full1280,ios-nmm@0.5-drop,ios,nmm,0.5,True,0.47,1,1825,1417,1657,0.5629241209130167,0.5241240666283745,0.5428316478286734,81,3482.0,3242.0,16.666666666666668,20.26247520009754,0.49676960859675395,-2.962962962962963,-0.06892590465249857,-1.0537284848189126,0.050441275107315664,-0.18081748539224388,47.797610915256705,22.152399722952396,1.046899997163564,1,0
B_full1280,ios-nmm@0.5-drop,ios,nmm,0.5,True,0.48,1,1784,1362,1698,0.5670692943420216,0.5123492245835727,0.5383222691611346,81,3482.0,3146.0,17.037037037037038,20.183112363839182,0.4953301172922276,-4.148148148148148,-0.09649626651349799,-1.0376721519450576,0.051109784413884585,-0.17527096014735755,46.37399362016172,22.084699391387403,1.0149000445380807,1,0
B_full1280,ios-nmm@0.5-drop,ios,nmm,0.5,True,0.49,1,1750,1302,1732,0.573394495412844,0.5025847214244687,0.5356596265687175,81,3482.0,3052.0,17.432098765432098,20.2405289541968,0.4964953721863626,-5.308641975308642,-0.1234922458357266,-1.0492821157153833,0.04323478329153352,-0.15959506934871898,44.53963001817581,22.021000165026635,0.8288000244647264,1,0
B_full1280,ios-nmm@0.5-drop,ios,nmm,0.5,True,0.5,1,1705,1240,1777,0.5789473684210527,0.4896611143021252,0.5305741403454178,81,3482.0,2945.0,17.814814814814813,20.29626250335116,0.4966796409757717,-6.62962962962963,-0.15422171165996554,-1.06058330385352,0.030953466865245693,-0.13330720811934982,42.0885888724886,21.88519952027127,0.7740000146441162,1,0
B_full1280,ios-nmm@0.5-drop,ios,nmm,0.5,True,0.51,1,1659,1187,1823,0.5829234012649332,0.4764503159103963,0.5243362831858407,81,3482.0,2846.0,18.17283950617284,20.4432366793012,0.4951909624537188,-7.851851851851852,-0.1826536473291212,-1.090534540175903,0.025336208495833845,-0.1176968844919907,40.19531545433471,21.954299522563815,0.7550000445917249,1,0
B_full1280,ios-nmm@0.5-drop,ios,nmm,0.5,True,0.52,1,1595,1136,1887,0.5840351519589894,0.45807007466973004,0.513439562208273,81,3482.0,2731.0,18.753086419753085,20.97882530341275,0.4992631507101836,-9.271604938271604,-0.21568064330844341,-1.201508502384815,0.03172790672902248,-0.12791240225916936,39.21470351440035,21.97980003990233,0.8710999973118305,1,0
B_full1280,ios-nmm@0.5-drop,ios,nmm,0.5,True,0.53,1,1561,1080,1921,0.5910639909125331,0.44830557151062606,0.5098807773967009,81,3482.0,2641.0,19.320987654320987,21.518582265475793,0.5069700107577896,-10.382716049382717,-0.2415278575531304,-1.3162495273064394,0.03332602401914231,-0.13100702026177974,38.23662277224096,22.01650002831593,0.9413999505341053,1,0
B_full1280,ios-nmm@0.5-drop,ios,nmm,0.5,True,0.54,1,1517,1024,1965,0.5970090515545061,0.435669155657668,0.5037356798937407,81,3482.0,2541.0,19.74074074074074,21.883812158029077,0.5085255924036879,-11.617283950617283,-0.27024698449167145,-1.3955431096527073,0.03104493754954929,-0.12169648194005542,36.6018166680898,21.997600567061454,0.867100025061518,1,0
B_full1280,ios-nmm@0.5-drop,ios,nmm,0.5,True,0.55,1,1461,974,2021,0.6,0.419586444572085,0.49383133344600305,81,3482.0,2435.0,20.308641975308642,22.49307163561567,0.5147139197117534,-12.925925925925926,-0.300689259046525,-1.5307868365517154,0.03135027202884577,-0.11955411273893804,35.201079266135594,21.87609969638288,0.6834999658167362,1,0
B_full1280,ios-nmm@0.5-drop,ios,nmm,0.5,True,0.56,1,1415,930,2067,0.603411513859275,0.4063756461803561,0.4856701561695555,81,3482.0,2345.0,20.82716049382716,22.996242312469818,0.5211695510987904,-14.037037037037036,-0.32653647329121194,-1.6452808409675885,0.025741372047574096,-0.10708643887919708,33.55401210095512,21.79909976851195,0.678399985190481,1,0
B_full1280,ios-nmm@0.5-drop,ios,nmm,0.5,True,0.57,1,1364,872,2118,0.6100178890876565,0.3917288914417002,0.4770898915704792,81,3482.0,2236.0,21.506172839506174,23.84673283002656,0.5294028187926224,-15.382716049382717,-0.3578403216542217,-1.8445646339827024,0.030782716304909252,-0.11513595276723902,32.55436280908057,21.770399279426783,0.6889000069350004,1,0
B_full1280,ios-nmm@0.5-drop,ios,nmm,0.5,True,0.58,1,1301,834,2181,0.609367681498829,0.3736358414704193,0.4632366031689514,81,3482.0,2135.0,22.28395061728395,24.641378428655276,0.5416532008874557,-16.62962962962963,-0.3868466398621482,-2.0373023835953985,0.03259710188161846,-0.11700385473974373,31.387745953133177,21.64250034512952,0.6051000091247261,1,0
B_full1280,ios-nmm@0.5-drop,ios,nmm,0.5,True,0.59,1,1250,783,2232,0.6148548942449582,0.35898908673176333,0.45330915684496825,81,3482.0,2033.0,22.950617283950617,25.447840627302597,0.548260358485007,-17.88888888888889,-0.4161401493394601,-2.239365157300218,0.03941418853131351,-0.12405994974200032,30.43181166668698,21.716200484428555,0.575499958358705,1,0
B_full1280,ios-nmm@0.5-drop,ios,nmm,0.5,True,0.6,1,1208,733,2274,0.622359608449253,0.3469270534175761,0.44550986538816156,81,3482.0,1941.0,23.469135802469136,26.062839540968508,0.5526102282914604,-19.02469135802469,-0.4425617461229179,-2.397828811739878,0.03479399641130554,-0.11233486221745068,28.791975188162514,21.657299120444804,0.6404999876394868,1,0
B_full1280,ios-nmm@0.5-drop,ios,nmm,0.5,True,0.61,1,1159,676,2323,0.6316076294277929,0.33285468121769096,0.4359601278916682,81,3482.0,1835.0,23.864197530864196,26.668286987810028,0.5507793985851163,-20.333333333333332,-0.4730040206777714,-2.557527568708296,0.021036550019481237,-0.08258795149859068,26.204583297754233,21.716499276459217,0.6410999922081828,1,0
B_full1280,ios-nmm@0.5-drop,ios,nmm,0.5,True,0.62,1,1106,639,2376,0.633810888252149,0.3176335439402642,0.423187296728525,81,3482.0,1745.0,24.48148148148148,27.393114391200257,0.5590407347741845,-21.444444444444443,-0.49885123492245836,-2.7535383400222013,0.018933997366497257,-0.07561648389182292,24.793785147053427,21.573100642766804,0.4870999837294221,1,0
B_full1280,ios-nmm@0.5-drop,ios,nmm,0.5,True,0.63,1,1059,599,2423,0.6387213510253317,0.3041355542791499,0.4120622568093385,81,3482.0,1658.0,25.08641975308642,28.00484966819625,0.5674918452594706,-22.51851851851852,-0.523836875358989,-2.923056162094246,0.012031818390411897,-0.05721803066713787,22.928804725715736,21.660099141765386,0.49269996816292405,1,0
B_full1280,ios-nmm@0.5-drop,ios,nmm,0.5,True,0.64,1,1011,553,2471,0.6464194373401535,0.2903503733486502,0.4007134363852557,81,3482.0,1564.0,25.876543209876544,28.93415257416718,0.5802358937136132,-23.679012345679013,-0.5508328546812177,-3.1877386340070997,0.017972567991707655,-0.06692349683447757,22.18552612318088,21.545700306538492,0.478199974168092,1,0
B_full1280,ios-nmm@0.5-drop,ios,nmm,0.5,True,0.65,1,957,513,2525,0.6510204081632653,0.27484204480183805,0.38651050080775445,81,3482.0,1470.0,26.74074074074074,29.802643018098202,0.597067016426061,-24.839506172839506,-0.5778288340034463,-3.4429108164485163,0.020850996076226647,-0.06785973504763486,21.06527898068969,21.63579924404621,0.5047000013291836,1,0
B_full1280,ios-nmm@0.5-drop,ios,nmm,0.5,True,0.66,1,909,468,2573,0.6601307189542484,0.2610568638713383,0.374151059888866,81,3482.0,1377.0,27.54320987654321,30.628599561702313,0.6121556151664206,-25.987654320987655,-0.6045376220562895,-3.692586792636959,0.015948773499767088,-0.05662945094355697,19.43436726154896,21.47749972017482,0.4759000148624182,1,0
B_full1280,ios-nmm@0.5-drop,ios,nmm,0.5,True,0.67,1,854,424,2628,0.6682316118935837,0.24526134405514072,0.3588235294117647,81,3482.0,1278.0,28.469135802469136,31.606765957955705,0.6303657125932364,-27.209876543209877,-0.6329695577254452,-3.99710132110226,0.012226658827787729,-0.0489237835002497,17.880896470961353,21.51149917813018,0.37129997508600354,1,0
B_full1280,ios-nmm@0.5-drop,ios,nmm,0.5,True,0.68,1,782,365,2700,0.6817785527462947,0.22458357265939116,0.3378699503132426,81,3482.0,1147.0,29.765432098765434,32.918342667130396,0.6577609291540523,-28.82716049382716,-0.670591614014934,-4.420432712834088,0.014421719186809678,-0.04890014882223023,16.26259652097538,21.509900389239192,0.39000000106170774,1,0
B_full1280,ios-nmm@0.5-drop,ios,nmm,0.5,True,0.69,1,720,335,2762,0.6824644549763034,0.2067777139574957,0.3173903460436412,81,3482.0,1055.0,30.555555555555557,33.80828300875393,0.671655917910363,-29.962962962962962,-0.6970132107983917,-4.717474871000403,0.012267234967757168,-0.04186845090696145,14.824517852568395,21.379099727608263,0.2995000104419887,1,0
B_full1280,ios-nmm@0.5-drop,ios,nmm,0.5,True,0.7,1,649,306,2833,0.6795811518324607,0.18638713383113154,0.29254000450755013,81,3482.0,955.0,31.641975308641975,34.924786910455744,0.6952075544155152,-31.19753086419753,-0.7257323377369328,-5.101344736938409,0.02157119106125882,-0.052504818424679876,14.047182441416485,21.36909970967099,0.2609000075608492,1,0
B_full1280,ios-nmm@0.5-drop,ios,nmm,0.5,True,0.71,1,614,266,2868,0.6977272727272728,0.17633543940264215,0.2815222375057313,81,3482.0,880.0,32.49382716049383,35.65853143635518,0.7178065999276958,-32.123456790123456,-0.7472716829408386,-5.360407492345414,0.014846999762199053,-0.041446076338484926,12.645867133464256,21.34269908396527,0.2490000333636999,1,0
B_full1280,ios-nmm@0.5-drop,ios,nmm,0.5,True,0.72,1,561,234,2921,0.7056603773584905,0.16111430212521538,0.26233341126958143,81,3482.0,795.0,33.44444444444444,36.534610683265505,0.7416461410516194,-33.17283950617284,-0.7716829408385985,-5.676779005086792,0.01337530098287898,-0.03644696073288818,11.381584163850825,21.28989914758131,0.22479996550828218,1,0
B_full1280,ios-nmm@0.5-drop,ios,nmm,0.5,True,0.73,1,510,202,2972,0.7162921348314607,0.14646754738655945,0.2432045779685265,81,3482.0,712.0,34.39506172839506,37.383233846732765,0.7660645411507834,-34.19753086419753,-0.7955198161975876,-5.990556802517779,0.008063646948337722,-0.026567665320760527,9.932205069714668,21.2153991619125,0.19719998817890882,1,0
B_full1280,ios-nmm@0.5-drop,ios,nmm,0.5,True,0.74,1,452,166,3030,0.7313915857605178,0.12981045376220562,0.22048780487804878,81,3482.0,618.0,35.45679012345679,38.37083511802057,0.7938362933124974,-35.358024691358025,-0.8225157955198162,-6.364792868731473,0.007215908922417191,-0.022007697280944507,8.575688912743814,21.17109911609441,0.1650999765843153,1,0
B_full1280,ios-nmm@0.5-drop,ios,nmm,0.5,True,0.75,1,400,139,3082,0.7421150278293135,0.11487650775416428,0.19895548371051977,81,3482.0,539.0,36.382716049382715,39.29266573098488,0.8162880136147146,-36.333333333333336,-0.8452039058012636,-6.722910846944875,0.016244770639628703,-0.03071364529075208,7.974628554350604,21.266600102186203,0.16310001956298947,1,0
B_full1280,ios-nmm@0.5-drop,ios,nmm,0.5,True,0.76,1,350,120,3132,0.7446808510638298,0.10051694428489374,0.1771255060728745,81,3482.0,470.0,37.18518518518518,40.00277768133386,0.8385410665692445,-37.18518518518518,-0.8650201033888569,-7.004575978628152,0.00664140374124178,-0.018415226221988944,6.594096514876118,21.129399077501148,0.13180001405999064,1,0
B_full1280,ios-nmm@0.5-drop,ios,nmm,0.5,True,0.77,1,295,104,3187,0.7393483709273183,0.08472142446869615,0.1520226745684102,81,3482.0,399.0,38.06172839506173,40.818326796540006,0.8625744519396031,-38.06172839506173,-0.8854106835152211,-7.334286598680118,0.015565038295084599,-0.02452135964965773,5.980041658026027,21.122699096798897,0.11380005162209272,1,0
B_full1280,ios-nmm@0.5-drop,ios,nmm,0.5,True,0.78,1,246,79,3236,0.7569230769230769,0.07064905226881103,0.12923561859732072,81,3482.0,325.0,38.97530864197531,41.62249510499619,0.8883543750239553,-38.97530864197531,-0.9066628374497415,-7.665911627651658,0.013785012601668534,-0.01963736779828476,4.856510057699107,21.07779916189611,0.08690002141520381,1,0
B_full1280,ios-nmm@0.5-drop,ios,nmm,0.5,True,0.79,1,206,62,3276,0.7686567164179104,0.0591614014933946,0.10986666666666668,81,3482.0,268.0,39.67901234567901,42.279493321887806,0.9075105340699888,-39.67901234567901,-0.9230327398047099,-7.941648267196896,0.020339329782304905,-0.021595234029056835,4.236970430730568,21.090799202676862,0.07650000043213367,1,0
B_full1280,ios-nmm@0.5-drop,ios,nmm,0.5,True,0.8,1,167,47,3315,0.780373831775701,0.04796094198736359,0.09036796536796537,81,3482.0,214.0,40.34567901234568,42.874781790468006,0.9254061606931451,-40.34567901234568,-0.9385410683515221,-8.195214816350926,0.016247960842555753,-0.01725179013625765,3.383589299437644,21.06879909383133,0.055100012104958296,1,0
B_full1280,ios-nmm@0.5-drop,ios,nmm,0.5,True,0.81,1,131,32,3351,0.803680981595092,0.0376220562894888,0.07187928669410151,81,3482.0,163.0,40.97530864197531,43.41260555400533,0.9436110267501775,-40.97530864197531,-0.953187823090178,-8.427352336631007,0.004675645614419577,-0.007842138648645289,2.3494608243775676,21.075399113353342,0.05420000525191426,1,0
B_full1280,ios-nmm@0.5-drop,ios,nmm,0.5,True,0.82,1,102,14,3380,0.8793103448275862,0.02929350947731189,0.05669816564758199,81,3482.0,116.0,41.55555555555556,43.94497120066368,0.9600831795416577,-41.55555555555556,-0.9666858127512924,-8.659983897922588,0.004479443636855818,-0.006395848835648973,1.7070413042682686,21.051500192843378,0.03250001464039087,1,0
B_full1280,ios-nmm@0.5-drop,ios,nmm,0.5,True,0.83,1,73,11,3409,0.8690476190476191,0.02096496266513498,0.040942232192933255,81,3482.0,84.0,41.95061728395062,44.29279683934908,0.9720049790229839,-41.95061728395062,-0.9758759333716255,-8.813507142247214,0.0005538924930950095,-0.0019121216926698695,1.1192346633811914,21.06119915191084,0.027499976567924023,1,0
B_full1280,ios-nmm@0.5-drop,ios,nmm,0.5,True,0.84,1,50,9,3432,0.847457627118644,0.014359563469270534,0.028240609997175935,81,3482.0,59.0,42.25925925925926,44.55195330409068,0.9812677855608761,-42.25925925925926,-0.9830557151062608,-8.928680453053905,0.004495109720677237,0.0051089024970418645,0.5087753272259287,20.989700246136636,0.018600025214254856,1,0
B_full1280,ios-nmm@0.5-drop,ios,nmm,0.5,True,0.85,1,32,7,3450,0.8205128205128205,0.009190120620333142,0.018176654359556947,81,3482.0,39.0,42.50617283950617,44.80368701759232,0.9872846827230654,-42.50617283950617,-0.988799540493969,-9.041198293423765,2.3279663157182995e-06,9.148907620431145e-05,0.47754858069946393,20.992600210011005,0.018300022929906845,1,0
B_full1280,ios-nmm@0.5-drop,ios,nmm,0.5,True,0.86,1,23,4,3459,0.8518518518518519,0.006605399195864446,0.01310914790538615,81,3482.0,27.0,42.65432098765432,44.96596792692156,0.990345965448003,-42.65432098765432,-0.9922458357265939,-9.11406934262049,0.017297153469875592,-0.005660886590141123,0.5766815692206344,21.00070021348074,0.01680001150816679,1,0
B_full1280,ios-nmm@0.5-drop,ios,nmm,0.5,True,0.87,1,10,0,3472,1.0,0.002871912693854107,0.00572737686139748,81,3482.0,10.0,42.864197530864196,45.141478558192496,0.9965477869594733,-42.864197530864196,-0.9971280873061459,-9.193177659587445,0.0017758716933141683,-0.0009804579333227567,0.16560437683740545,20.98289908003062,0.014699995517730713,1,0
B_full1280,ios-nmm@0.5-drop,ios,nmm,0.5,True,0.88,1,2,0,3480,1.0,0.0005743825387708214,0.001148105625717566,81,3482.0,2.0,42.96296296296296,45.230547964133734,0.9993598536808413,-42.96296296296296,-0.9994256174612292,-9.233442002024958,0.00012352955436856217,-0.0001219854349390674,0.02993522573404732,20.98309908155352,0.013499986380338669,1,0
B_full1280,ios-nmm@0.5-drop,ios,nmm,0.5,True,0.89,1,0,0,3482,0.0,0.0,0.0,81,3482.0,0.0,42.98765432098765,45.253197145084144,1.0,-42.98765432098765,-1.0,-9.243693353013649,,0.0,0.0,20.982099132146686,0.013199984095990658,1,0
B_full1280,ios-nmm@0.5-drop,ios,nmm,0.5,True,0.9,1,0,0,3482,0.0,0.0,0.0,81,3482.0,0.0,42.98765432098765,45.253197145084144,1.0,-42.98765432098765,-1.0,-9.243693353013649,,0.0,0.0,20.981999131385237,0.01309998333454132,1,0
C_tile640,ios-nmm@0.5-drop,ios,nmm,0.5,True,0.01,24,2681,5765,801,0.31742836845844186,0.769959793222286,0.4495305164319249,81,3482.0,8446.0,61.28395061728395,69.53798145040975,1.874625048723291,61.28395061728395,1.4256174612291785,-23.188124412945093,0.03915040810124326,-0.37780109054978606,120.51238762091799,65.37850046996027,9.963700023945421,6,0
C_tile640,ios-nmm@0.5-drop,ios,nmm,0.5,True,0.02,24,2849,5317,633,0.34888562331618905,0.8182079264790351,0.48918269230769224,81,3482.0,8166.0,57.82716049382716,65.76538922376334,1.768899336863204,57.82716049382716,1.3452039058012637,-20.634796955243544,0.032362208648600066,-0.32471989094501935,114.77376123790812,63.942198467906564,8.232599997427315,6,0
C_tile640,ios-nmm@0.5-drop,ios,nmm,0.5,True,0.03,24,2928,5045,554,0.3672394330866675,0.8408960367604825,0.5112178088171104,81,3482.0,7973.0,55.44444444444444,63.34200720330237,1.7045059867025016,55.44444444444444,1.2897759908098794,-19.06973678592776,0.03610148657766887,-0.33079552801395334,112.65222257462453,64.09859891561791,8.16220004344359,6,0
C_tile640,ios-nmm@0.5-drop,ios,nmm,0.5,True,0.04,24,2955,4881,527,0.37710566615620217,0.8486502010338886,0.5221770630853507,81,3482.0,7836.0,53.75308641975309,61.69959081041656,1.660198328985786,53.75308641975309,1.250430786904078,-18.04244025763324,0.04199290221584473,-0.348500189077422,111.72194639959979,63.307901551481336,7.815200020559132,6,0
C_tile640,ios-nmm@0.5-drop,ios,nmm,0.5,True,0.05,24,2973,4728,509,0.3860537592520452,0.8538196438828259,0.5316999016364125,81,3482.0,7701.0,52.08641975308642,60.13698354692773,1.6176733140668194,52.08641975308642,1.2116599655370477,-17.09011445283433,0.04898831760965361,-0.3691058162655357,110.9410673115629,62.890699855517596,7.45850004022941,6,0
C_tile640,ios-nmm@0.5-drop,ios,nmm,0.5,True,0.06,24,2974,4625,508,0.3913672851691012,0.8541068351522114,0.5367746593267756,81,3482.0,7599.0,50.82716049382716,58.850406713720936,1.5833671703117373,50.82716049382716,1.1823664560597358,-16.32435088500433,0.05312694213015312,-0.3752973394976621,109.94796711272666,62.59450018173084,6.769799976609647,6,0
C_tile640,ios-nmm@0.5-drop,ios,nmm,0.5,True,0.07,24,2979,4502,503,0.39820879561555944,0.8555427914991385,0.5434643801879048,81,3482.0,7481.0,49.370370370370374,57.41907886133276,1.5448269473337404,49.370370370370374,1.1484778862722573,-15.491891780621394,0.05355428931286765,-0.37019987313514524,108.27204886736516,62.579100345261395,6.845199968665838,6,0
C_tile640,ios-nmm@0.5-drop,ios,nmm,0.5,True,0.08,24,2973,4392,509,0.40366598778004076,0.8538196438828259,0.5481700009219139,81,3482.0,7365.0,47.93827160493827,56.03338951679383,1.5063281376944229,47.93827160493827,1.1151636990235496,-14.705502000561133,0.055436258585055076,-0.37004129206972464,106.83313307391091,62.05380129860714,6.818699999712408,6,0
C_tile640,ios-nmm@0.5-drop,ios,nmm,0.5,True,0.09,24,2965,4299,517,0.40817731277533037,0.8515221137277427,0.5518332402754513,81,3482.0,7264.0,46.69135802469136,54.69624312825954,1.4692235483819271,46.69135802469136,1.0861573808156233,-13.964872769191357,0.049422485050462095,-0.34257550898422534,104.4055299047293,61.7741989698261,6.067900045309216,6,0
C_tile640,ios-nmm@0.5-drop,ios,nmm,0.5,True,0.1,24,2950,4212,532,0.4118961184026808,0.8472142446869615,0.5543028936490041,81,3482.0,7162.0,45.4320987654321,53.59933664597808,1.4364909281784146,45.4320987654321,1.0568638713383114,-13.370664942605853,0.05292317910552835,-0.3520400539175594,103.55312923136967,61.13370072981343,5.414999963250011,6,0
C_tile640,ios-nmm@0.5-drop,ios,nmm,0.5,True,0.11,24,2943,4135,539,0.4157954224357163,0.8452039058012636,0.5573863636363636,81,3482.0,7078.0,44.39506172839506,52.652834564288376,1.4092643020386475,44.39506172839506,1.0327398047099368,-12.867607682642692,0.05358008458974872,-0.3514865450065246,102.49229814460148,60.68229939369485,5.332099972292781,6,0
C_tile640,ios-nmm@0.5-drop,ios,nmm,0.5,True,0.12,24,2931,4056,551,0.41949334478316874,0.8417576105686387,0.5599388671315312,81,3482.0,6987.0,43.27160493827161,51.59732503354495,1.3788048505325627,43.27160493827161,1.0066053991958643,-12.317184240701659,0.05565466161098909,-0.35340857801578246,101.45146504507353,60.83930047368631,5.100200010929257,6,0
C_tile640,ios-nmm@0.5-drop,ios,nmm,0.5,True,0.13,24,2921,3970,561,0.4238862284138732,0.8388856978747846,0.5631929046563193,81,3482.0,6891.0,42.08641975308642,50.38922577371152,1.3443958002780476,42.08641975308642,0.979035037334865,-11.700868078851384,0.05366579196882815,-0.3404514375983493,99.70928278663523,60.520400719251484,5.006800056435168,6,0
C_tile640,ios-nmm@0.5-drop,ios,nmm,0.5,True,0.14,24,2912,3889,570,0.4281723275988825,0.8363009764503159,0.5663716814159292,81,3482.0,6801.0,40.97530864197531,49.34671990550232,1.3139371943052922,40.97530864197531,0.953187823090178,-11.180766403991363,0.05194507267594184,-0.3317508264513191,98.22415281115426,60.560599704273045,5.240900034550577,6,0
C_tile640,ios-nmm@0.5-drop,ios,nmm,0.5,True,0.15,24,2898,3820,584,0.43137838642453114,0.8322802986789202,0.5682352941176472,81,3482.0,6718.0,39.95061728395062,48.26060940097096,1.2846754749205005,39.95061728395062,0.929350947731189,-10.650475133269087,0.051188498702778085,-0.321809775912754,96.77211900899026,60.65909980144352,5.046600010246038,6,0
C_tile640,ios-nmm@0.5-drop,ios,nmm,0.5,True,0.16,24,2885,3752,597,0.43468434533674855,0.8285468121769098,0.5702144480679909,81,3482.0,6637.0,38.95061728395062,47.20967153475814,1.2562011468861125,38.95061728395062,0.9060884549109707,-10.148591220708246,0.049484223183879794,-0.3098292813838013,95.25710565158515,60.237500162329525,4.874899983406067,6,0
C_tile640,ios-nmm@0.5-drop,ios,nmm,0.5,True,0.17,24,2870,3667,612,0.4390393146703381,0.8242389431361287,0.5729114682104003,81,3482.0,6537.0,37.71604938271605,46.23357232441101,1.2248020759215754,37.71604938271605,0.8773693279724296,-9.692344346585017,0.052197826557698224,-0.31824246434975473,94.3842007514302,60.63209895603359,4.906699992716312,6,0
C_tile640,ios-nmm@0.5-drop,ios,nmm,0.5,True,0.18,24,2854,3590,628,0.44289261328367474,0.8196438828259621,0.5750554100342535,81,3482.0,6444.0,36.5679012345679,45.16608582379013,1.193911322938457,36.5679012345679,0.8506605399195865,-9.204293582346267,0.05164008798123376,-0.3124466313722125,92.9869033387413,60.92720016045496,5.208399961702526,6,0
C_tile640,ios-nmm@0.5-drop,ios,nmm,0.5,True,0.19,24,2833,3545,649,0.4441831295076827,0.8136128661688685,0.5746450304259635,81,3482.0,6378.0,35.75308641975309,44.486091598150225,1.1739012803481768,35.75308641975309,0.8317059161401493,-8.899346767995901,0.05581251521487318,-0.32225426034131266,92.59369548775868,60.52919939998537,4.857099964283407,6,0
C_tile640,ios-nmm@0.5-drop,ios,nmm,0.5,True,0.2,24,2811,3468,671,0.4476827520305781,0.8072946582423894,0.575965577297408,81,3482.0,6279.0,34.53086419753087,43.37903572857217,1.1392824726319764,34.53086419753087,0.8032739804709936,-8.412778126791661,0.055750813283275025,-0.3178833697256532,91.1835789306756,60.526000421028584,5.080700037069619,6,0
C_tile640,ios-nmm@0.5-drop,ios,nmm,0.5,True,0.21,24,2794,3407,688,0.45057248830833735,0.8024124066628374,0.5770938758649179,81,3482.0,6201.0,33.5679012345679,42.63439172809542,1.1145355592669208,33.5679012345679,0.7808730614589316,-8.092392530831818,0.05640737783658578,-0.3200425119240751,90.31343242616828,60.74039819976315,5.204599990975112,6,0
C_tile640,ios-nmm@0.5-drop,ios,nmm,0.5,True,0.22,24,2777,3343,705,0.4537581699346405,0.7975301550832855,0.578421162257863,81,3482.0,6120.0,32.5679012345679,41.69465726498353,1.0865364850906907,32.5679012345679,0.7576105686387133,-7.6959863742269174,0.057617424710394105,-0.31794283762518566,89.22317235322096,60.21250014659017,4.808499943464994,6,0
C_tile640,ios-nmm@0.5-drop,ios,nmm,0.5,True,0.23,24,2761,3284,721,0.4567411083540116,0.7929350947731189,0.5796158286973864,81,3482.0,6045.0,31.641975308641975,40.94727112208675,1.0633124785454775,31.641975308641975,0.7360712234348076,-7.387025476658087,0.06078527786658061,-0.3242990411944799,88.57048470912565,60.08080129278824,4.435100010596216,6,0
C_tile640,ios-nmm@0.5-drop,ios,nmm,0.5,True,0.24,24,2739,3233,743,0.4586403215003349,0.7866168868466399,0.579437275227417,81,3482.0,5972.0,30.74074074074074,40.27620686591741,1.041325182558711,30.74074074074074,0.7151062607696727,-7.114376593434743,0.0663200960073631,-0.3370762530953786,88.2185125096063,60.156099221203476,4.85959998331964,6,0
C_tile640,ios-nmm@0.5-drop,ios,nmm,0.5,True,0.25,24,2711,3158,771,0.4619185551201227,0.7785755313038484,0.5798310341139985,81,3482.0,5869.0,29.469135802469136,39.14250633862292,1.0062497666782604,29.469135802469136,0.6855255600229753,-6.663996456323114,0.06527631341326412,-0.3293118801615076,86.61313539163419,59.77269970020279,4.3459999724291265,6,0
C_tile640,ios-nmm@0.5-drop,ios,nmm,0.5,True,0.26,24,2694,3104,788,0.46464298033804763,0.7736932797242964,0.5806034482758621,81,3482.0,5798.0,28.617283950617285,38.45311398714858,0.9828225110908255,28.59259259259259,0.6651349798966112,-6.39641149346768,0.06464005506106463,-0.3268958061407449,85.6327308269392,59.344900787808,4.086900036782026,6,0
C_tile640,ios-nmm@0.5-drop,ios,nmm,0.5,True,0.27,24,2668,3045,814,0.467005076142132,0.7662263067202757,0.58031538879826,81,3482.0,5713.0,27.641975308641975,37.505061386826576,0.9536446941617518,27.54320987654321,0.6407237219988512,-6.03619384095539,0.06479779025167054,-0.32177318028227253,84.36313844127005,59.216800801921636,3.791099996306002,6,0
C_tile640,ios-nmm@0.5-drop,ios,nmm,0.5,True,0.28,24,2640,2978,842,0.4699181203275187,0.7581849511774842,0.5802197802197803,81,3482.0,5618.0,26.54320987654321,36.6333181680284,0.9237018613609438,26.37037037037037,0.6134405514072372,-5.712905754052966,0.06457849847229613,-0.3207340168583853,83.14562773704813,59.22709847893566,3.7464999477379024,6,0
C_tile640,ios-nmm@0.5-drop,ios,nmm,0.5,True,0.29,24,2613,2918,869,0.4724281323449647,0.7504307869040782,0.5798291356928881,81,3482.0,5531.0,25.493827160493826,35.680509601631236,0.8934760935017323,25.296296296296298,0.5884549109707065,-5.368250393403027,0.06378130284207506,-0.3134514863925225,81.7584947607255,58.93979850318283,3.5904000396840274,6,0
C_tile640,ios-nmm@0.5-drop,ios,nmm,0.5,True,0.3,24,2579,2847,903,0.47530409141172136,0.7406662837449741,0.5790300853165693,81,3482.0,5426.0,24.246913580246915,34.75913593379728,0.860655440828397,24.0,0.5582998276852383,-5.043603693718969,0.06796592004186319,-0.3213744403918154,80.80278767215188,58.93770178966224,3.4517000312916934,6,0
C_tile640,ios-nmm@0.5-drop,ios,nmm,0.5,True,0.31,24,2553,2781,929,0.47862767154105734,0.7331993107409535,0.5791742286751361,81,3482.0,5334.0,23.382716049382715,33.82708389646189,0.8353170429407663,22.864197530864196,0.5318782309017805,-4.723835649023506,0.07164642218022121,-0.3236060114422323,79.7629152079241,59.03269971162081,3.3469999907538295,6,0
C_tile640,ios-nmm@0.5-drop,ios,nmm,0.5,True,0.32,24,2527,2730,955,0.4806924101198402,0.7257323377369328,0.5783270397070602,81,3482.0,5257.0,22.604938271604937,33.0743643967184,0.8120498533131614,21.91358024691358,0.5097645031591039,-4.471936488283299,0.07506588728782804,-0.32619667711675093,78.92366456445096,58.73300078511238,3.472200012765825,6,0
C_tile640,ios-nmm@0.5-drop,ios,nmm,0.5,True,0.33,24,2490,2668,992,0.4827452500969368,0.7151062607696727,0.5763888888888888,81,3482.0,5158.0,21.555555555555557,32.10630490752268,0.7809766434499088,20.691358024691358,0.4813325674899483,-4.156306037059175,0.07254149600918636,-0.31657660075386757,77.28789782499962,58.790599424857646,3.328200022224337,6,0
C_tile640,ios-nmm@0.5-drop,ios,nmm,0.5,True,0.34,24,2455,2623,1027,0.48345805435210715,0.7050545663411832,0.5735981308411215,81,3482.0,5078.0,20.790123456790123,31.31875153212312,0.7573175700399181,19.703703703703702,0.45835726593911547,-3.906444795491418,0.0743044875924056,-0.31490844993107675,76.22853361308654,58.52999917278066,3.1430000090040267,6,0
C_tile640,ios-nmm@0.5-drop,ios,nmm,0.5,True,0.35,24,2417,2561,1065,0.4855363599839293,0.6941412981045376,0.5713947990543735,81,3482.0,4978.0,19.925925925925927,30.367298851003735,0.7301579319198148,18.469135802469136,0.4296381390005744,-3.6128609244056253,0.0853036088107001,-0.32690343023042934,75.5096017785476,58.45990068744868,3.2504999544471502,6,0
C_tile640,ios-nmm@0.5-drop,ios,nmm,0.5,True,0.36,24,2386,2495,1096,0.4888342552755583,0.6852383687535899,0.5706086332655746,81,3482.0,4881.0,19.17283950617284,29.656677469307287,0.7060958726269821,17.271604938271604,0.40178058587018955,-3.3994969625626696,0.09450148371132372,-0.34044000146382447,74.89397635922268,58.86970126768574,3.200699982699007,6,0
C_tile640,ios-nmm@0.5-drop,ios,nmm,0.5,True,0.37,24,2335,2423,1147,0.4907524169819252,0.670591614014934,0.566747572815534,81,3482.0,4758.0,18.493827160493826,28.757393037634472,0.679227795635478,15.753086419753087,0.36645605973578405,-3.136728899569391,0.10042200171516091,-0.3472650865486647,73.66885223904262,58.524001782760024,3.2517999643459916,6,0
C_tile640,ios-nmm@0.5-drop,ios,nmm,0.5,True,0.38,24,2308,2344,1174,0.4961306964746346,0.6628374497415278,0.5674944676665846,81,3482.0,4652.0,17.901234567901234,27.847024798413507,0.6556237374309307,14.444444444444445,0.3360137851809305,-2.8789630018175827,0.1004822982494542,-0.34055283799114194,72.07166644302663,58.015200790949166,2.818699984345585,6,0
C_tile640,ios-nmm@0.5-drop,ios,nmm,0.5,True,0.39,24,2275,2277,1207,0.49978031634446396,0.6533601378518094,0.5663430420711973,81,3482.0,4552.0,17.40740740740741,27.174334296251757,0.6356740964308986,13.209876543209877,0.30729465824238944,-2.6938211327567485,0.10884159447059938,-0.34946006196859924,71.21999920709462,58.080701478756964,2.8853000258095562,6,0
C_tile640,ios-nmm@0.5-drop,ios,nmm,0.5,True,0.4,24,2241,2213,1241,0.5031432420296362,0.6435956346927053,0.5647681451612903,81,3482.0,4454.0,17.012345679012345,26.540907163968978,0.6193476726639398,12.0,0.27914991384261917,-2.5236240042938873,0.11167415676580894,-0.3507698805762581,70.06642869341395,57.985801454633474,2.8221000102348626,6,0
C_tile640,ios-nmm@0.5-drop,ios,nmm,0.5,True,0.41,24,2203,2142,1279,0.5070195627157652,0.6326823664560597,0.5629232145138623,81,3482.0,4345.0,16.80246913580247,26.026339934196862,0.6065491453160555,10.654320987654321,0.2478460654796094,-2.388318522268441,0.1189425476726168,-0.3613513546482533,69.17562243068171,58.17259817896411,2.944100007880479,6,0
C_tile640,ios-nmm@0.5-drop,ios,nmm,0.5,True,0.42,24,2150,2083,1332,0.5079140089770848,0.617461229178633,0.5573558003888529,81,3482.0,4233.0,16.604938271604937,25.29456097296047,0.5912353784825674,9.271604938271604,0.21568064330844341,-2.200459427644339,0.11573904442629968,-0.3514941690962086,67.36916909620987,58.213000250048935,2.7621000190265477,6,0
C_tile640,ios-nmm@0.5-drop,ios,nmm,0.5,True,0.43,24,2109,2022,1373,0.5105301379811183,0.6056863871338312,0.5540522789964535,81,3482.0,4131.0,16.604938271604937,24.818601148391963,0.582138541160151,8.012345679012345,0.18638713383113154,-2.08114852336631,0.1144533930445113,-0.348731198994839,65.9911362333337,58.11490133777261,2.6948999729938805,6,0
C_tile640,ios-nmm@0.5-drop,ios,nmm,0.5,True,0.44,24,2073,1957,1409,0.5143920595533499,0.5953475014359564,0.5519169329073482,81,3482.0,4030.0,16.59259259259259,24.357927702809793,0.5738310315902351,6.765432098765432,0.15738081562320505,-1.9678278663527573,0.120593347636346,-0.35294579577198365,64.92539828244503,57.87600173801184,2.6233000098727643,6,0
C_tile640,ios-nmm@0.5-drop,ios,nmm,0.5,True,0.45,24,2037,1904,1445,0.5168738898756661,0.5850086157380816,0.5488347029502897,81,3482.0,3941.0,16.728395061728396,23.98636443924643,0.5699072651695115,5.666666666666667,0.1318207926479035,-1.8779741573856081,0.12497820151672456,-0.35486630396330593,63.909190992595455,57.64960040478036,2.372400020249188,6,0
C_tile640,ios-nmm@0.5-drop,ios,nmm,0.5,True,0.46,24,1997,1841,1485,0.520323084940073,0.5735209649626651,0.5456284153005464,81,3482.0,3838.0,16.71604938271605,23.45049948137408,0.5594225685818592,4.395061728395062,0.1022400919012062,-1.7508203520499652,0.11808170421924158,-0.33938254022469594,61.971975371140644,57.759698178153485,2.2717000101692975,6,0
C_tile640,ios-nmm@0.5-drop,ios,nmm,0.5,True,0.47,24,1952,1789,1530,0.5217856188184977,0.5605973578403216,0.540495638931192,81,3482.0,3741.0,17.049382716049383,23.367435397087057,0.5602394882089162,3.197530864197531,0.07438253877082136,-1.7313674872220255,0.1253470337278424,-0.3503871512741367,61.24750692267339,57.62769966525957,2.317999955266714,6,0
C_tile640,ios-nmm@0.5-drop,ios,nmm,0.5,True,0.48,24,1905,1742,1577,0.5223471346312037,0.5470993681792073,0.5344368074063682,81,3482.0,3647.0,17.271604938271604,23.146607356128143,0.5582956415151281,2.037037037037037,0.04738655944859276,-1.67998722202569,0.12384402352947343,-0.3460742037400724,59.90160959781398,57.40199952991679,2.345199987757951,6,0
C_tile640,ios-nmm@0.5-drop,ios,nmm,0.5,True,0.49,24,1855,1698,1627,0.5220940050661413,0.5327398047099369,0.5273631840796021,81,3482.0,3553.0,17.641975308641975,22.872971811860673,0.5586571715525382,0.8765432098765432,0.020390580126364157,-1.6169969930590287,0.12551789015841897,-0.34163774595313223,58.55040285689885,57.25790025340393,2.043000014964491,6,0
C_tile640,ios-nmm@0.5-drop,ios,nmm,0.5,True,0.5,24,1811,1630,1671,0.5263004940424295,0.5201033888569787,0.5231835909287881,81,3482.0,3441.0,18.25925925925926,22.885382687225064,0.5666572320715735,-0.5061728395061729,-0.011774842044801838,-1.6198377288751722,0.11689377958498348,-0.3335097039413484,56.81828134720711,57.25699892593548,2.0721000037156045,6,0
C_tile640,ios-nmm@0.5-drop,ios,nmm,0.5,True,0.51,24,1760,1573,1722,0.528052805280528,0.5054566341183228,0.516507703595011,81,3482.0,3333.0,18.80246913580247,22.974758022073694,0.5710255855248878,-1.8395061728395061,-0.04279149913842619,-1.640340430852556,0.126597509681048,-0.34409041560437575,55.93978798931404,57.03180135600269,1.9777999841608107,6,0
C_tile640,ios-nmm@0.5-drop,ios,nmm,0.5,True,0.52,24,1711,1505,1771,0.5320273631840796,0.4913842619184377,0.5108987757539564,81,3482.0,3216.0,19.25925925925926,22.85704365057836,0.5711452733831808,-3.2839506172839505,-0.07639287765651924,-1.6133534405991923,0.12808958968021988,-0.33683075740756463,54.183267867816554,57.31929945573211,2.0210000220686197,6,0
C_tile640,ios-nmm@0.5-drop,ios,nmm,0.5,True,0.53,24,1667,1445,1815,0.5356683804627249,0.4787478460654796,0.5056111616621171,81,3482.0,3112.0,19.77777777777778,22.888349508207806,0.5754852062290049,-4.567901234567901,-0.10626076967260195,-1.6205170352659892,0.12991910970732157,-0.33252543396318396,52.71424149456552,56.93479897547513,1.7353000002913177,6,0
C_tile640,ios-nmm@0.5-drop,ios,nmm,0.5,True,0.54,24,1611,1385,1871,0.537716955941255,0.4626651349798966,0.49737573325100337,81,3482.0,2996.0,20.34567901234568,23.061913447323747,0.5796359209405987,-6.0,-0.13957495692130958,-1.6604108469448748,0.12588796777567768,-0.32378289032289465,50.906321285238505,56.760699146427214,1.5835000085644424,6,0
C_tile640,ios-nmm@0.5-drop,ios,nmm,0.5,True,0.55,24,1560,1335,1922,0.538860103626943,0.4480183802412407,0.48925827191469345,81,3482.0,2895.0,20.703703703703702,23.1881728047876,0.5782563403932073,-7.246913580246914,-0.16858127512923607,-1.689621021750003,0.12708474755467114,-0.3173138502262818,49.3813188455298,56.85259893164039,1.6595000051893294,6,0
C_tile640,ios-nmm@0.5-drop,ios,nmm,0.5,True,0.56,24,1518,1256,1964,0.5472242249459265,0.43595634692705343,0.4852941176470588,81,3482.0,2774.0,21.234567901234566,23.423107720980195,0.5807806978788251,-8.74074074074074,-0.20333141872487076,-1.7443978189004232,0.11564691880295175,-0.29776797150420115,47.04726020713123,56.57529828744009,1.6160999657586217,6,0
C_tile640,ios-nmm@0.5-drop,ios,nmm,0.5,True,0.57,24,1465,1204,2017,0.5488947171225178,0.42073520964962663,0.4763453097057389,81,3482.0,2669.0,21.74074074074074,23.825238200459655,0.5829633786820173,-10.037037037037036,-0.23348650201033888,-1.8394389584883561,0.11880152097436791,-0.296859942422874,45.71192987057342,56.637598705943674,1.6846000216901302,6,0
C_tile640,ios-nmm@0.5-drop,ios,nmm,0.5,True,0.58,24,1420,1146,2062,0.5533904910366328,0.40781160252728316,0.46957671957671954,81,3482.0,2566.0,22.14814814814815,24.17375375009786,0.5831050310412894,-11.308641975308642,-0.2630672027570362,-1.9231171548117154,0.123892503484895,-0.2936654488454069,44.30300114666306,56.64500179421157,1.5392000204883516,6,0
C_tile640,ios-nmm@0.5-drop,ios,nmm,0.5,True,0.59,24,1351,1093,2131,0.5527823240589198,0.3879954049396898,0.4559568005399932,81,3482.0,2444.0,22.765432098765434,24.788986005088912,0.5875129735693826,-12.814814814814815,-0.2981045376220563,-2.0737996633201994,0.12093908095678063,-0.286594868072751,42.492880625053324,56.60779824387282,1.6035999869927764,6,0
C_tile640,ios-nmm@0.5-drop,ios,nmm,0.5,True,0.6,24,1292,1045,2190,0.5528455284552846,0.3710511200459506,0.44406255370338543,81,3482.0,2337.0,23.246913580246915,25.310174599785064,0.5903325497394611,-14.135802469135802,-0.3288340034462952,-2.204411755736365,0.11322151544674697,-0.27309031801602834,40.59136404113346,56.757301471661776,1.5342000406235456,6,0
C_tile640,ios-nmm@0.5-drop,ios,nmm,0.5,True,0.61,24,1226,986,2256,0.554249547920434,0.3520964962665135,0.430628731998595,81,3482.0,2212.0,23.925925925925927,26.023730860528712,0.5972539818492217,-15.679012345679013,-0.36473291211947156,-2.387639215877624,0.11724256525738475,-0.2694185564243622,38.89031374653863,56.587301017250866,1.471000025048852,6,0
C_tile640,ios-nmm@0.5-drop,ios,nmm,0.5,True,0.62,24,1173,926,2309,0.5588375416865173,0.3368753589890867,0.420354775129905,81,3482.0,2099.0,24.432098765432098,26.593185797572232,0.5988453254516145,-17.074074074074073,-0.39718552556002296,-2.5375189077424154,0.11199155262523686,-0.2532631103846192,36.800767288385735,56.60749843902886,1.3544000103138387,6,0
C_tile640,ios-nmm@0.5-drop,ios,nmm,0.5,True,0.63,24,1129,870,2353,0.5647823911955978,0.32423894313612867,0.4119686188651706,81,3482.0,1999.0,24.925925925925927,27.086737677776764,0.5998468788418486,-18.308641975308642,-0.425904652498564,-2.670045409078156,0.10601535907130077,-0.23536860948802643,34.79695676836183,56.370401485357434,1.2478000135160983,6,0
C_tile640,ios-nmm@0.5-drop,ios,nmm,0.5,True,0.64,24,1084,804,2398,0.5741525423728814,0.3113153360137852,0.4037243947858474,81,3482.0,1888.0,25.432098765432098,27.748873851023216,0.6005988211018143,-19.679012345679013,-0.4577828834003446,-2.8516672359320294,0.10567974450427775,-0.2226699257108692,32.880699769447496,56.40950073255226,1.2316000065766275,6,0
C_tile640,ios-nmm@0.5-drop,ios,nmm,0.5,True,0.65,24,1039,756,2443,0.5788300835654596,0.2983917288914417,0.39378434716695093,81,3482.0,1795.0,25.962962962962962,28.489764243788798,0.6058076656496586,-20.82716049382716,-0.48449167145318783,-3.060090787659953,0.11107363910978851,-0.22243205411273811,31.722326079266104,56.29300153627992,1.055800006724894,6,0
C_tile640,ios-nmm@0.5-drop,ios,nmm,0.5,True,0.66,24,972,703,2510,0.5802985074626865,0.27914991384261917,0.37696335078534027,81,3482.0,1675.0,26.45679012345679,29.285103447838754,0.6055960704779617,-22.308641975308642,-0.5189546237794371,-3.289943368261829,0.10237692482015359,-0.2016503104529313,29.34748618514947,56.22579893190414,1.1519999825395644,6,0
C_tile640,ios-nmm@0.5-drop,ios,nmm,0.5,True,0.67,24,917,655,2565,0.5833333333333334,0.2633543940264216,0.3628808864265928,81,3482.0,1572.0,27.08641975308642,30.12197426021962,0.6140122222683186,-23.580246913580247,-0.5485353245261344,-3.538631262427266,0.09775329090681828,-0.19135397733510573,27.633266038035046,56.09439952671528,0.9223000379279256,6,0
C_tile640,ios-nmm@0.5-drop,ios,nmm,0.5,True,0.68,24,858,597,2624,0.5896907216494846,0.24641010913268235,0.34757950172169333,81,3482.0,1455.0,27.54320987654321,30.86909837633586,0.6141284388411389,-25.02469135802469,-0.5821367030442275,-3.7665694341095675,0.07328443500496185,-0.15439010332166272,24.599831355136175,56.1529995072633,0.9339000098407269,6,0
C_tile640,ios-nmm@0.5-drop,ios,nmm,0.5,True,0.69,24,782,526,2700,0.5978593272171254,0.22458357265939116,0.3265135699373695,81,3482.0,1308.0,28.617283950617285,32.16700249296965,0.6303905185390198,-26.839506172839506,-0.6243538196438828,-4.175820657013553,0.08766320316586806,-0.15289654415262766,22.720811935054936,56.12650067312643,0.7783000473864377,6,0
C_tile640,ios-nmm@0.5-drop,ios,nmm,0.5,True,0.7,24,705,474,2777,0.5979643765903307,0.20246984491671452,0.3025101909461489,81,3482.0,1179.0,29.666666666666668,33.36313482621348,0.6470021386583383,-28.432098765432098,-0.6614014933946009,-4.5679039547678,0.09516792482733771,-0.14762219890944958,20.90148761237906,55.88940039649606,0.7387999794445932,6,0
C_tile640,ios-nmm@0.5-drop,ios,nmm,0.5,True,0.71,24,640,427,2842,0.5998125585754451,0.18380241240666284,0.2813805231919103,81,3482.0,1067.0,30.80246913580247,34.443548375441196,0.6729238913341355,-29.814814814814813,-0.6935669155657668,-4.934358875050319,0.0888758292055356,-0.13751799285165314,19.084415445795756,55.80300131253898,0.5976000102236867,6,0
C_tile640,ios-nmm@0.5-drop,ios,nmm,0.5,True,0.72,24,604,379,2878,0.6144455747711088,0.17346352670878806,0.27054871220604704,81,3482.0,983.0,31.617283950617285,35.20819910121245,0.6924820026646282,-30.85185185185185,-0.7176909821941413,-5.200770490503434,0.07767987564401158,-0.12276080485989928,17.413001512619378,55.93630159087479,0.6071999669075012,6,0
C_tile640,ios-nmm@0.5-drop,ios,nmm,0.5,True,0.73,24,550,351,2932,0.6104328523862376,0.15795519816197587,0.25096965548710926,81,3482.0,901.0,32.4320987654321,36.00634374833769,0.710561922486102,-31.864197530864196,-0.741240666283745,-5.4850910926235406,0.06910350660537001,-0.11213968552154842,15.944078826988045,55.8331985170953,0.554199970792979,6,0
C_tile640,ios-nmm@0.5-drop,ios,nmm,0.5,True,0.74,24,503,289,2979,0.63510101010101,0.14445720850086158,0.23537669630322883,81,3482.0,792.0,33.53086419753087,37.07882827400078,0.7353541108685067,-33.20987654320987,-0.7725445146467548,-5.877174390377789,0.06935242464178282,-0.1032682947656047,14.217039535479454,55.65749972779304,0.47289999201893806,6,0
C_tile640,ios-nmm@0.5-drop,ios,nmm,0.5,True,0.75,24,435,252,3047,0.6331877729257642,0.12492820218265364,0.20868313744303188,81,3482.0,687.0,34.80246913580247,38.223998666728654,0.7680043456225856,-34.50617283950617,-0.8026995979322229,-6.308533948546543,0.09169881874727082,-0.1101414116154528,13.216202410432182,55.58860065974295,0.4461999633349478,6,0
C_tile640,ios-nmm@0.5-drop,ios,nmm,0.5,True,0.76,24,388,211,3094,0.6477462437395659,0.11143021252153934,0.1901494731683411,81,3482.0,599.0,35.69135802469136,38.99810061851541,0.7898169038546495,-35.592592592592595,-0.827972429638139,-6.607552270758871,0.06862980171841049,-0.08396257486856049,11.004415872744786,55.5109003665857,0.37779996637254953,6,0
C_tile640,ios-nmm@0.5-drop,ios,nmm,0.5,True,0.77,24,333,175,3149,0.655511811023622,0.09563469270534176,0.16691729323308271,81,3482.0,508.0,36.74074074074074,39.9644904112033,0.8163550028047142,-36.71604938271605,-0.8541068351522114,-6.989260707271551,0.07673911481833195,-0.08063542213059745,9.737932590848647,55.516298942733556,0.30019995756447315,6,0
C_tile640,ios-nmm@0.5-drop,ios,nmm,0.5,True,0.78,24,288,146,3194,0.663594470046083,0.08271108558299828,0.1470888661899898,81,3482.0,434.0,37.629629629629626,40.75461043372809,0.8410793100357254,-37.629629629629626,-0.8753589890867317,-7.30828769044976,0.08623903308563685,-0.0776658391987995,8.696696939385431,55.314600327052176,0.235399988014251,6,0
C_tile640,ios-nmm@0.5-drop,ios,nmm,0.5,True,0.79,24,246,108,3236,0.6949152542372882,0.07064905226881103,0.12825860271115747,81,3482.0,354.0,38.617283950617285,41.51305015694864,0.8705411345516499,-38.617283950617285,-0.8983342906375646,-7.620398099466923,0.08454230416537956,-0.05944731449064974,6.925870976005461,55.44220151891932,0.2164000179618597,6,0
C_tile640,ios-nmm@0.5-drop,ios,nmm,0.5,True,0.8,24,194,83,3288,0.7003610108303249,0.05571510626076967,0.10321894120776802,81,3482.0,277.0,39.5679012345679,42.346163118565975,0.8977217859540414,-39.5679012345679,-0.9204480183802413,-7.9698703599790175,0.1004652018086356,-0.05444209961330604,5.76009124510533,55.20620031654835,0.18229999113827944,6,0
C_tile640,ios-nmm@0.5-drop,ios,nmm,0.5,True,0.81,24,155,63,3327,0.7110091743119266,0.04451464675473866,0.08378378378378379,81,3482.0,218.0,40.2962962962963,42.94872050006371,0.9195339702565886,-40.2962962962963,-0.9373923032739805,-8.226956951340009,0.0919450852898902,-0.04244483208704872,4.515961794161774,55.18029976123944,0.11769996490329504,6,0
C_tile640,ios-nmm@0.5-drop,ios,nmm,0.5,True,0.82,24,113,43,3369,0.7243589743589743,0.032452613440551406,0.06212204507971413,81,3482.0,156.0,41.06172839506173,43.59805183097967,0.9424147492052202,-41.06172839506173,-0.9551981619758759,-8.508066286885345,0.06845368784647399,-0.03032634153482069,3.2295842126450083,55.16049972688779,0.0741000403650105,6,0
C_tile640,ios-nmm@0.5-drop,ios,nmm,0.5,True,0.83,24,82,26,3400,0.7592592592592593,0.023549684089603676,0.045682451253481894,81,3482.0,108.0,41.65432098765432,44.08297451369756,0.9612194943902174,-41.65432098765432,-0.9689833429063757,-8.720750942337485,0.02760580551155889,-0.016097502958146753,2.0253272259292223,55.146399065852165,0.06849999772384763,6,0
C_tile640,ios-nmm@0.5-drop,ios,nmm,0.5,True,0.84,24,56,13,3426,0.8115942028985508,0.016082711085583,0.03154041115178823,81,3482.0,69.0,42.135802469135804,44.4862303567972,0.9762462641519672,-42.135802469135804,-0.9801838024124067,-8.89940852312234,0.008418130577715455,-0.0066169474364760564,1.1362989009112299,55.14579900307581,0.029799994081258774,6,0
C_tile640,ios-nmm@0.5-drop,ios,nmm,0.5,True,0.85,24,43,6,3439,0.8775510204081632,0.01234922458357266,0.024355706598697253,81,3482.0,49.0,42.382716049382715,44.696369339117076,0.9837373900990298,-42.382716049382715,-0.9859276278001149,-8.993152805055075,0.0009607138882871125,-0.0019388060065628036,0.6882829940105146,55.14699907042086,0.02370000584051013,6,0
C_tile640,ios-nmm@0.5-drop,ios,nmm,0.5,True,0.86,24,27,4,3455,0.8709677419354839,0.007754164273406089,0.015371477369769428,81,3482.0,31.0,42.60493827160494,44.91432172811136,0.9891850360400327,-42.60493827160494,-0.9910970706490523,-9.09084941507984,0.009827782244618333,-0.004484489551947491,0.5754937360479155,55.09149890951812,0.01999997766688466,6,0
C_tile640,ios-nmm@0.5-drop,ios,nmm,0.5,True,0.87,24,13,2,3469,0.8666666666666667,0.003733486502010339,0.007434944237918216,81,3482.0,15.0,42.80246913580247,45.08168169768468,0.9948459582478395,-42.80246913580247,-0.9956921309592188,-9.166190669334082,0.00023248773753925533,-0.000482604876977685,0.20593123681032466,55.132698990404606,0.020700041204690933,6,0
C_tile640,ios-nmm@0.5-drop,ios,nmm,0.5,True,0.88,24,5,1,3477,0.8333333333333334,0.0014359563469270534,0.00286697247706422,81,3482.0,6.0,42.91358024691358,45.18630842562604,0.9977687574289213,-42.91358024691358,-0.9982768523836876,-9.213433341059076,0.0006511981660567434,-0.0005512216841309123,0.0977698012857264,55.0515989549458,0.01780001912266016,6,0
C_tile640,ios-nmm@0.5-drop,ios,nmm,0.5,True,0.89,24,1,1,3481,0.5,0.0002871912693854107,0.000574052812858783,81,3482.0,2.0,42.96296296296296,45.242283292633054,0.9988242210464432,-42.96296296296296,-0.9994256174612292,-9.238752942898618,0.03022914392146603,-0.0027157007453310037,0.14143296290422913,55.05229896027595,0.01799996243789792,6,0
C_tile640,ios-nmm@0.5-drop,ios,nmm,0.5,True,0.9,24,0,0,3482,0.0,0.0,0.0,81,3482.0,0.0,42.98765432098765,45.253197145084144,1.0,-42.98765432098765,-1.0,-9.243693353013649,,0.0,0.0,55.052598962560296,0.019400031305849552,6,0
D_tile320,ios-nmm@0.5-drop,ios,nmm,0.5,True,0.01,24,2315,8164,1167,0.22091802652924897,0.6648477886272257,0.3316381348040971,81,3482.0,10479.0,86.38271604938272,91.6017278396531,2.488013775699896,86.38271604938272,2.0094773118897185,-40.9725509899118,7.800525218304433e-05,0.016943776913039263,128.64199714554073,143.8661985117942,17.797700013034046,15,0
D_tile320,ios-nmm@0.5-drop,ios,nmm,0.5,True,0.02,24,1997,8518,1485,0.18991916310033286,0.5735209649626651,0.28534686004143744,81,3482.0,10515.0,86.82716049382717,91.51785901406632,2.490711363517479,86.82716049382717,2.0198161975875935,-40.89572761262305,4.419091223695215e-05,0.011907303267991807,129.30294777803522,138.09599653212354,11.665900005027652,15,0
D_tile320,ios-nmm@0.5-drop,ios,nmm,0.5,True,0.03,24,1698,8587,1784,0.16509479824987847,0.4876507754164273,0.24667683591196338,81,3482.0,10285.0,83.98765432098766,88.64180938118518,2.4207294122092264,83.98765432098766,1.953762205628949,-38.30386495602425,0.001089042757188019,-0.056260445002863854,129.3938132037034,135.41970029613003,9.133900050073862,15,0
D_tile320,ios-nmm@0.5-drop,ios,nmm,0.5,True,0.04,24,1498,8454,1984,0.15052250803858522,0.4302125215393452,0.22301622748250707,81,3482.0,9952.0,79.87654320987654,84.70733931208873,2.323282002782425,79.87654320987654,1.8581275129236072,-34.89220299596228,0.009779213489947813,-0.1611275113751396,129.79069129145972,133.83380186511204,7.783200009725988,15,0
D_tile320,ios-nmm@0.5-drop,ios,nmm,0.5,True,0.05,24,1333,8266,2149,0.13886863214918221,0.3828259620907524,0.2038070483907958,81,3482.0,9599.0,75.51851851851852,80.89613825878949,2.224871183776141,75.51851851851852,1.7567489948305572,-31.735095667077353,0.026936598868079864,-0.2682330104785478,130.03688077143585,133.2372018233873,6.902399996761233,15,0
D_tile320,ios-nmm@0.5-drop,ios,nmm,0.5,True,0.06,24,1195,8056,2287,0.12917522430007566,0.34319356691556574,0.18770124872378857,81,3482.0,9251.0,71.22222222222223,76.99166220690859,2.1158242885660883,71.22222222222223,1.6568064330844343,-28.651415183527085,0.03506272871409377,-0.3057366700415944,127.3527788282078,132.38910192390904,6.245600001420826,15,0
D_tile320,ios-nmm@0.5-drop,ios,nmm,0.5,True,0.07,24,1081,7833,2401,0.12126991249719542,0.3104537622056289,0.1744111003549532,81,3482.0,8914.0,67.06172839506173,73.37187539354186,2.0157363259802024,67.06172839506173,1.5600229753015509,-25.92881692425924,0.0544422048021993,-0.3812731009917388,126.43941898337329,131.67870186967775,5.564499995671213,15,0
D_tile320,ios-nmm@0.5-drop,ios,nmm,0.5,True,0.08,24,1001,7630,2481,0.11597729115977291,0.2874784606547961,0.16527697515066458,81,3482.0,8631.0,63.5679012345679,70.24217367766293,1.9295394234633516,63.5679012345679,1.4787478460654797,-23.680498036034496,0.0746664587558672,-0.43960043670785526,125.45294716810807,131.72250181483105,5.219600046984851,15,0
D_tile320,ios-nmm@0.5-drop,ios,nmm,0.5,True,0.09,24,947,7399,2535,0.11346752935537982,0.27197013210798393,0.160128508623605,81,3482.0,8346.0,60.04938271604938,67.26417423712618,1.8418812246694345,60.04938271604938,1.3968983342906376,-21.632142247215683,0.08761699134138745,-0.48039084133354165,123.68791246325178,131.4609026843682,5.041699972935021,15,0
D_tile320,ios-nmm@0.5-drop,ios,nmm,0.5,True,0.1,24,884,7202,2598,0.10932475884244373,0.25387708213670307,0.15283540802213003,81,3482.0,8086.0,56.839506172839506,64.45095752528371,1.7604846357072157,56.839506172839506,1.3222286042504308,-19.77862388230845,0.10089410569347745,-0.5116518962635839,121.82187534308397,131.5773993092589,5.291099951136857,15,0
D_tile320,ios-nmm@0.5-drop,ios,nmm,0.5,True,0.11,24,838,7001,2644,0.10690139048348003,0.24066628374497415,0.14804345905838706,81,3482.0,7839.0,53.81481481481482,61.8681393502881,1.6856674261880489,53.79012345679013,1.2512923607122344,-18.146621155933982,0.12367905335256779,-0.5616148431877217,120.92028251826726,130.66920074541122,4.37809998402372,15,0
D_tile320,ios-nmm@0.5-drop,ios,nmm,0.5,True,0.12,24,805,6797,2677,0.10589318600368323,0.2311889718552556,0.14525442078671957,81,3482.0,7602.0,51.01234567901235,59.311481619091694,1.6099480398367554,50.864197530864196,1.183228029867892,-16.596876257974795,0.12776502877038343,-0.5674770057455117,118.24635720994905,130.40850104019046,4.148899985011667,15,0
D_tile320,ios-nmm@0.5-drop,ios,nmm,0.5,True,0.13,24,765,6625,2717,0.10351826792963464,0.21970132107983917,0.14072847682119208,81,3482.0,7390.0,48.592592592592595,57.22362457828535,1.547613572369637,48.24691358024691,1.122343480758185,-15.379806226136598,0.14362724452813413,-0.6028390585164113,117.14920495992773,130.47179660201073,4.039299965370446,15,0
D_tile320,ios-nmm@0.5-drop,ios,nmm,0.5,True,0.14,24,735,6478,2747,0.10189934839872453,0.21108558299827684,0.13744740532959326,81,3482.0,7213.0,46.4320987654321,55.25239506567862,1.4884596486611688,46.06172839506173,1.0715106260769673,-14.270745910438293,0.14727140359333857,-0.6013066164899891,114.89814368664373,129.92290076706558,3.5462999949231744,15,0
D_tile320,ios-nmm@0.5-drop,ios,nmm,0.5,True,0.15,24,700,6306,2782,0.09991435912075364,0.2010338885697875,0.13348588863463004,81,3482.0,7006.0,44.0,53.2070263623235,1.4272916820082473,43.50617283950617,1.0120620333141872,-13.161068043475609,0.1676814514629874,-0.6369118777217974,113.87317479292963,129.77769969496876,3.575399983674288,15,0
D_tile320,ios-nmm@0.5-drop,ios,nmm,0.5,True,0.16,24,672,6180,2810,0.09807355516637478,0.19299253302699598,0.1300561254112638,81,3482.0,6852.0,42.148148148148145,51.73436425089656,1.378584759580672,41.60493827160494,0.967834577828834,-12.388017370725935,0.16983916796013265,-0.643945862863972,112.27431474681916,129.8237018501386,3.3501999569125473,15,0
D_tile320,ios-nmm@0.5-drop,ios,nmm,0.5,True,0.17,24,654,6017,2828,0.09803627642032679,0.1878230901780586,0.12882891756131193,81,3482.0,6671.0,39.96296296296296,49.84804068861511,1.3189419722163893,39.370370370370374,0.9158529580700747,-11.429516053283237,0.17016198724851095,-0.6388346731400242,109.82002878856254,129.58910068916157,3.1556999892927706,15,0
D_tile320,ios-nmm@0.5-drop,ios,nmm,0.5,True,0.18,24,631,5852,2851,0.09733148233842356,0.18121769098219415,0.12664325137982943,81,3482.0,6483.0,37.71604938271605,47.90229252999933,1.2591643972030857,37.04938271604938,0.8618609994256174,-10.478116575380898,0.1758460864935416,-0.6402748636812743,107.56095154738516,129.31920061307028,3.03279998479411,15,0
D_tile320,ios-nmm@0.5-drop,ios,nmm,0.5,True,0.19,24,607,5700,2875,0.0962422704931029,0.17432510051694428,0.1240167534988252,81,3482.0,6307.0,35.71604938271605,46.39377885071858,1.2077942536637853,34.876543209876544,0.8113153360137851,-9.766574008563378,0.1859539104031238,-0.6621468521658493,106.32833752149985,129.4660019725561,3.14400001661852,15,0
D_tile320,ios-nmm@0.5-drop,ios,nmm,0.5,True,0.2,24,587,5568,2895,0.09536961819658814,0.16858127512923607,0.12182214382069108,81,3482.0,6155.0,34.111111111111114,45.068260984290795,1.1651094202438688,33.0,0.7676622630672028,-9.160138666943167,0.20093108627788292,-0.685853196628321,105.4708744525903,129.2298019072041,2.7531000087037683,15,0
D_tile320,ios-nmm@0.5-drop,ios,nmm,0.5,True,0.21,24,570,5418,2912,0.09519038076152304,0.1636990235496841,0.12038014783526926,81,3482.0,5988.0,32.22222222222222,43.43549211541918,1.1134701244687288,30.938271604938272,0.7197013210798392,-8.437294911987507,0.20935209011510203,-0.689438806006561,103.56328299401045,128.98550185887143,2.6919999509118497,15,0
D_tile320,ios-nmm@0.5-drop,ios,nmm,0.5,True,0.22,24,546,5281,2936,0.09370173331045134,0.15680643308443423,0.11730583306477602,81,3482.0,5827.0,30.45679012345679,42.08735771003385,1.0654696647895154,28.950617283950617,0.6734635267087881,-7.8605637861839295,0.22132900420697021,-0.7064824584944537,102.30829531453935,129.0107033639215,2.6336999726481736,15,0
D_tile320,ios-nmm@0.5-drop,ios,nmm,0.5,True,0.23,24,534,5160,2948,0.09378292939936776,0.1533601378518093,0.11639058413251961,81,3482.0,5694.0,29.037037037037038,40.68214641629712,1.0208366058296647,27.308641975308642,0.6352670878805284,-7.278768740012442,0.21640207141437773,-0.6862046671627389,99.79462532173652,128.9404997229576,2.6408000267110765,15,0
D_tile320,ios-nmm@0.5-drop,ios,nmm,0.5,True,0.24,24,517,5052,2965,0.09283533848087627,0.14847788627225733,0.11424152027400286,81,3482.0,5569.0,28.012345679012345,39.486050044897475,0.9868904698113378,25.765432098765434,0.5993681792073521,-6.799116672969247,0.21494751447093696,-0.6760486172950928,97.81483068421622,128.6382996919565,2.5961000355891883,15,0
D_tile320,ios-nmm@0.5-drop,ios,nmm,0.5,True,0.25,24,499,4932,2983,0.09187994844411711,0.14330844342331994,0.11197127790867273,81,3482.0,5431.0,26.77777777777778,38.30111367365152,0.9480905824223671,24.061728395061728,0.5597357840321654,-6.338052898983861,0.21699140808222062,-0.6740541554338391,96.02538974346453,128.64920063363388,2.3140000412240624,15,0
D_tile320,ios-nmm@0.5-drop,ios,nmm,0.5,True,0.26,24,482,4847,3000,0.09044848939763558,0.13842619184376795,0.10940869367835661,81,3482.0,5329.0,25.814814814814813,37.42201768220692,0.9193256903313807,22.80246913580247,0.5304422745548535,-6.005069257230686,0.2198661651953704,-0.6727733083669789,94.71106987325706,128.5381036004983,2.245900046546012,15,0
D_tile320,ios-nmm@0.5-drop,ios,nmm,0.5,True,0.27,24,472,4722,3010,0.0908740854832499,0.13555427914991383,0.10880590133702167,81,3482.0,5194.0,24.469135802469136,36.189828732721345,0.879295781644824,21.135802469135804,0.49167145318782307,-5.55135434329141,0.22129264515259817,-0.6635512094855852,92.64796680776308,128.29140064492822,2.311200019903481,15,0
D_tile320,ios-nmm@0.5-drop,ios,nmm,0.5,True,0.28,24,452,4613,3030,0.08923988153998026,0.12981045376220562,0.10576810576810577,81,3482.0,5065.0,23.617283950617285,35.3069433244168,0.851295317177515,19.54320987654321,0.45462377943710514,-5.235600381814411,0.23578178755621804,-0.6805087097600532,91.78433737511735,128.35660345945507,2.1734999609179795,15,0
D_tile320,ios-nmm@0.5-drop,ios,nmm,0.5,True,0.29,24,434,4515,3048,0.0876944837340877,0.12464101091326824,0.10295338631241846,81,3482.0,4949.0,22.679012345679013,34.423470316660044,0.8219316733093902,18.11111111111111,0.4213095921883975,-4.927442300889274,0.23593820429976164,-0.6757184942117893,90.14631847957348,128.4211033564061,2.092600043397397,15,0
D_tile320,ios-nmm@0.5-drop,ios,nmm,0.5,True,0.3,24,417,4396,3065,0.08664034905464367,0.11975875933371626,0.10054249547920434,81,3482.0,4813.0,21.814814814814813,33.255650220751036,0.7914376038483028,16.432098765432098,0.38225157955198164,-4.532085981433816,0.24668922128616555,-0.6729196908889064,88.34699214413794,128.34180067945272,2.126400009728968,15,0
D_tile320,ios-nmm@0.5-drop,ios,nmm,0.5,True,0.31,24,401,4301,3081,0.08528285835814547,0.11516369902354968,0.09799608993157381,81,3482.0,4702.0,21.234567901234566,32.45661872046181,0.7687503371618286,15.061728395061728,0.35037334865020103,-4.269441428693414,0.23910019406185645,-0.6590476597094287,86.38029569269423,128.11090066749603,1.9539000350050628,15,0
D_tile320,ios-nmm@0.5-drop,ios,nmm,0.5,True,0.32,24,389,4192,3093,0.08491595721458196,0.11171740379092475,0.0964901401463475,81,3482.0,4581.0,20.80246913580247,31.78962483128073,0.7472930865476167,13.567901234567902,0.3156232050545663,-4.055089384827451,0.24969065050229144,-0.6695147724361692,85.33642515583632,128.133701892104,1.9253999926149845,15,0
D_tile320,ios-nmm@0.5-drop,ios,nmm,0.5,True,0.33,24,376,4098,3106,0.08404112650871703,0.10798391728891442,0.09451985922574158,81,3482.0,4474.0,20.320987654320987,31.174934534171463,0.7277594627147642,12.246913580246913,0.2848937392303274,-3.861487063444624,0.25748825471646275,-0.6738574539200003,84.20211919196842,127.97909637028351,1.7674999544396996,15,0
D_tile320,ios-nmm@0.5-drop,ios,nmm,0.5,True,0.34,24,361,3983,3121,0.08310313075506445,0.10367604824813326,0.09225658062867365,81,3482.0,4344.0,19.925925925925927,30.279765480116655,0.7066980687705569,10.641975308641975,0.24755887421022402,-3.5863062200373275,0.25693140113736135,-0.6606174597753014,82.02802462885926,127.96140063507482,1.7479999805800617,15,0
D_tile320,ios-nmm@0.5-drop,ios,nmm,0.5,True,0.35,24,355,3884,3127,0.08374616654871432,0.10195290063182079,0.09195700038855072,81,3482.0,4239.0,19.938271604938272,29.819829345960756,0.6986762517682797,9.345679012345679,0.2174037909247559,-3.4480364919428617,0.26116980655348676,-0.6632912280273714,80.8466673579174,127.85510009666905,1.7438000068068504,15,0
D_tile320,ios-nmm@0.5-drop,ios,nmm,0.5,True,0.36,24,343,3787,3139,0.08305084745762711,0.09850660539919587,0.09012086179716237,81,3482.0,4130.0,19.62962962962963,29.249881291307073,0.6811820069688727,8.0,0.1860999425617461,-3.279630262146699,0.2606854769401922,-0.6555314295473108,79.16741281091032,128.14380102511495,2.0474999910220504,15,0
D_tile320,ios-nmm@0.5-drop,ios,nmm,0.5,True,0.37,24,325,3702,3157,0.08070523963248076,0.09333716255025848,0.08656279131708616,81,3482.0,4027.0,19.765432098765434,29.090959946644663,0.6777178785130847,6.728395061728395,0.1565192418150488,-3.2332521621918344,0.2803590726278342,-0.6796327018553965,78.93186503531473,128.11600193753839,1.8723999965004623,15,0
D_tile320,ios-nmm@0.5-drop,ios,nmm,0.5,True,0.38,24,316,3611,3166,0.08046855105678635,0.09075244112578977,0.08530166014306924,81,3482.0,3927.0,19.666666666666668,28.546907466938094,0.6654265042052477,5.493827160493828,0.12780011487650775,-3.07639414103956,0.2876441242869183,-0.6737186954877573,77.44306787269593,127.91350339446217,1.5682000084780157,15,0
D_tile320,ios-nmm@0.5-drop,ios,nmm,0.5,True,0.39,24,311,3532,3171,0.0809263596148842,0.08931648477886273,0.08491467576791809,81,3482.0,3843.0,19.864197530864196,28.27051860546994,0.6628122455077581,4.45679012345679,0.10367604824813326,-2.9978416202105467,0.2838300536082,-0.6665573880478659,76.09818302694653,127.73450330877677,1.7000999650917947,15,0
D_tile320,ios-nmm@0.5-drop,ios,nmm,0.5,True,0.4,24,298,3441,3184,0.07970045466702327,0.08558299827685238,0.08253704473064674,81,3482.0,3739.0,20.234567901234566,28.110232748683977,0.6623950877494338,3.1728395061728394,0.07380815623205055,-2.9526368676580015,0.3054000124154933,-0.6843603998682543,75.5795421276699,127.69569967407733,1.5077999560162425,15,0
D_tile320,ios-nmm@0.5-drop,ios,nmm,0.5,True,0.41,24,293,3346,3189,0.08051662544655125,0.08414704192992534,0.08229181294761971,81,3482.0,3639.0,20.234567901234566,27.546369436566454,0.6510944972711066,1.9382716049382716,0.045089029293509476,-2.7956553362528513,0.3062027436932596,-0.6654160618222171,73.53060157117235,127.650602881331,1.3896999880671501,15,0
D_tile320,ios-nmm@0.5-drop,ios,nmm,0.5,True,0.42,24,277,3251,3205,0.07851473922902494,0.07955198161975877,0.07902995720399429,81,3482.0,3528.0,20.444444444444443,27.26323441224984,0.6444471490908915,0.5679012345679012,0.013210798391728892,-2.7180291423204066,0.32794176795114915,-0.6712439159764312,72.41075698061647,127.67280004732311,1.4439999940805137,15,0
D_tile320,ios-nmm@0.5-drop,ios,nmm,0.5,True,0.43,24,271,3172,3211,0.07871042695323846,0.0778288340034463,0.07826714801444044,81,3482.0,3443.0,20.728395061728396,27.06804411747696,0.6431280820164232,-0.48148148148148145,-0.011200459506031017,-2.664981488710248,0.32999624922170046,-0.6639598606926321,71.04824981397218,127.54410207876936,1.3965999823994935,15,0
D_tile320,ios-nmm@0.5-drop,ios,nmm,0.5,True,0.44,24,258,3070,3224,0.07752403846153846,0.07409534750143595,0.07577092511013216,81,3482.0,3328.0,21.234567901234566,26.877408017299494,0.6456351319037476,-1.9012345679012346,-0.04422745548535324,-2.6135394683874744,0.3323782346904276,-0.654104962367492,69.2048577649828,127.5414966410026,1.4613000093959272,15,0
D_tile320,ios-nmm@0.5-drop,ios,nmm,0.5,True,0.45,24,252,2988,3230,0.07777777777777778,0.07237219988512349,0.07497768521273429,81,3482.0,3240.0,21.728395061728396,26.97140689922305,0.6495681597924796,-2.9876543209876543,-0.06950028719126938,-2.638859070227015,0.3407563208699589,-0.6592977298510546,68.34166290544904,127.76990191591904,1.35709997266531,15,0
D_tile320,ios-nmm@0.5-drop,ios,nmm,0.5,True,0.46,24,241,2916,3241,0.07633829585049097,0.06921309592188397,0.0726012953758096,81,3482.0,3157.0,22.061728395061728,26.9285749371954,0.6487955039183761,-4.012345679012346,-0.09333716255025848,-2.6273108615831267,0.35056960681788074,-0.6572613354965402,67.22943173085127,127.55799665022641,1.4010000159032643,15,0
D_tile320,ios-nmm@0.5-drop,ios,nmm,0.5,True,0.47,24,235,2845,3247,0.0762987012987013,0.0674899483055715,0.07162450472416945,81,3482.0,3080.0,22.246913580246915,26.8824602048746,0.6456512680683625,-4.962962962962963,-0.1154508902929351,-2.614898081169108,0.3601524430187074,-0.653305957768641,66.10878203642478,127.94479810539633,1.6971000004559755,15,0
D_tile320,ios-nmm@0.5-drop,ios,nmm,0.5,True,0.48,24,229,2767,3253,0.07643524699599466,0.06576680068925905,0.0707008335906144,81,3482.0,2996.0,22.51851851851852,27.02810608456535,0.6434407701061138,-6.0,-0.13957495692130958,-2.6541743415836145,0.37155686579784897,-0.6567047769496305,65.21785226343968,127.4593018325977,1.117900013923645,15,0
D_tile320,ios-nmm@0.5-drop,ios,nmm,0.5,True,0.49,24,213,2675,3269,0.07375346260387812,0.061171740379092475,0.06687598116169545,81,3482.0,2888.0,23.061728395061728,27.300793639257694,0.6461221632819392,-7.333333333333333,-0.17059161401493395,-2.7282804933090987,0.39718585114972693,-0.6679647950034753,64.36856069385311,127.33699967851862,1.2125999783165753,15,0
D_tile320,ios-nmm@0.5-drop,ios,nmm,0.5,True,0.5,24,207,2599,3275,0.07377049180327869,0.059448592762780014,0.06583969465648856,81,3482.0,2806.0,23.25925925925926,27.2781737921016,0.6419277982062171,-8.345679012345679,-0.19414129810453762,-2.7221049806653084,0.41264347461750583,-0.6596286153433265,62.99786220525263,127.4634000826627,1.1805000249296427,15,0
D_tile320,ios-nmm@0.5-drop,ios,nmm,0.5,True,0.51,24,197,2508,3285,0.07282809611829945,0.056576680068925904,0.06368191368999515,81,3482.0,2705.0,23.641975308641975,27.352071264698324,0.6408786255379988,-9.592592592592593,-0.2231476163124641,-2.7422989070105026,0.4121647843775562,-0.6416113666028266,60.97642936433387,127.26860331185162,1.1298999888822436,15,0
D_tile320,ios-nmm@0.5-drop,ios,nmm,0.5,True,0.52,24,188,2423,3294,0.07200306396016852,0.05399195864445721,0.06171015919908092,81,3482.0,2611.0,23.987654320987655,27.48400208067177,0.6398554228072357,-10.753086419753087,-0.2501435956346927,-2.778487411103114,0.41386673882406744,-0.6262442514363775,59.15533930248725,127.30860332539305,1.0707000037655234,15,0
D_tile320,ios-nmm@0.5-drop,ios,nmm,0.5,True,0.53,24,182,2351,3300,0.0718515594157126,0.05226881102814474,0.06051537822111388,81,3482.0,2533.0,24.333333333333332,27.654169421983244,0.6417959718788138,-11.716049382716049,-0.2725445146467547,-2.8254213071959207,0.39434780225757304,-0.6051217109677093,57.28436787147611,127.27050185017288,1.0514999739825726,15,0
D_tile320,ios-nmm@0.5-drop,ios,nmm,0.5,True,0.54,24,178,2254,3304,0.07319078947368421,0.0511200459506031,0.06019614474129185,81,3482.0,2432.0,24.74074074074074,27.85544697049261,0.6414414366708734,-12.962962962962964,-0.3015508328546812,-2.881309696622223,0.3871111519490602,-0.5823493174914907,55.05852251241199,127.28150181751698,1.0057000326924026,15,0
D_tile320,ios-nmm@0.5-drop,ios,nmm,0.5,True,0.55,24,167,2187,3315,0.07094307561597281,0.04796094198736359,0.057230980123372174,81,3482.0,2354.0,25.160493827160494,28.265059353323736,0.6459004983370678,-13.925925925925926,-0.32395175186674324,-2.996297742049599,0.38932209662374495,-0.5804326213450102,54.01316527806575,127.15490331919864,0.9266000124625862,15,0
D_tile320,ios-nmm@0.5-drop,ios,nmm,0.5,True,0.56,24,158,2116,3324,0.06948109058927,0.045376220562894885,0.05489923558026407,81,3482.0,2274.0,25.506172839506174,28.534579412043595,0.6471028915048218,-14.91358024691358,-0.3469270534175761,-3.0728740988325995,0.3775861327275004,-0.5619670761311085,52.23172048257433,127.05610283650458,0.9269000147469342,15,0
D_tile320,ios-nmm@0.5-drop,ios,nmm,0.5,True,0.57,24,151,2045,3331,0.06876138433515483,0.043365881677197016,0.05318774216273336,81,3482.0,2196.0,25.901234567901234,28.96613603912398,0.6500459272935377,-15.876543209876543,-0.36932797242963816,-3.1970019029727847,0.37212827358046696,-0.5546776839845311,50.95540364980417,127.10540185449645,0.9053000248968601,15,0
D_tile320,ios-nmm@0.5-drop,ios,nmm,0.5,True,0.58,24,141,1980,3341,0.06647807637906648,0.040493968983342905,0.05033018026057469,81,3482.0,2121.0,26.185185185185187,29.3327020134083,0.6489429894356545,-16.80246913580247,-0.39086731763354393,-3.3039000268367955,0.37485221771325083,-0.5468919635995453,49.6947878673286,126.98410206381232,0.8219000301323831,15,0
D_tile320,ios-nmm@0.5-drop,ios,nmm,0.5,True,0.59,24,132,1899,3350,0.06499261447562776,0.03790924755887421,0.04788681298748413,81,3482.0,2031.0,26.604938271604937,29.744384260927784,0.650524082290431,-17.91358024691358,-0.4167145318782309,-3.425557625919465,0.3745158292413311,-0.532139350061602,47.94949650511726,126.90680335089564,0.7380999741144478,15,0
D_tile320,ios-nmm@0.5-drop,ios,nmm,0.5,True,0.6,24,123,1827,3359,0.06307692307692307,0.035324526134405516,0.04528718703976436,81,3482.0,1950.0,26.938271604938272,30.164569192479796,0.6496967178181107,-18.91358024691358,-0.4399770246984492,-3.55147632872635,0.3689397434898014,-0.5177504056015702,46.330949534625525,126.88790066819638,0.8221999742090702,15,0
D_tile320,ios-nmm@0.5-drop,ios,nmm,0.5,True,0.61,24,119,1746,3363,0.06380697050938337,0.034175761056863874,0.0445109407144193,81,3482.0,1865.0,27.17283950617284,30.499747013725123,0.6462830148116032,-19.962962962962962,-0.46438828259620907,-3.6531870219695763,0.36166821057058596,-0.49336018029447193,44.2330882442636,126.94029637658969,0.7485999958589673,15,0
D_tile320,ios-nmm@0.5-drop,ios,nmm,0.5,True,0.62,24,112,1662,3370,0.06313416009019165,0.032165422171166,0.0426179604261796,81,3482.0,1774.0,27.45679012345679,30.840089349921005,0.6428837210635385,-21.08641975308642,-0.49052268811028144,-3.7576149407760715,0.3451396987357026,-0.4600817912341258,41.67907156885465,126.82559688203037,0.7643999997526407,15,0
D_tile320,ios-nmm@0.5-drop,ios,nmm,0.5,True,0.63,24,104,1568,3378,0.06220095693779904,0.02986789201608271,0.04035700426852929,81,3482.0,1672.0,27.77777777777778,31.34160647280698,0.639656313068688,-22.34567901234568,-0.5198161975875933,-3.913608390158215,0.34023295096547856,-0.4327402808104703,39.244464910889604,126.86160070076585,0.7269000052474439,15,0
D_tile320,ios-nmm@0.5-drop,ios,nmm,0.5,True,0.64,24,96,1488,3386,0.06060606060606061,0.027570361860999426,0.0378997236478484,81,3482.0,1584.0,28.271604938271604,31.92081251479884,0.6455285526188472,-23.432098765432098,-0.5450890292935094,-4.096897605425912,0.3342184022429152,-0.41613348866145317,37.44415811752074,126.73709935322404,0.6472999812103808,15,0
D_tile320,ios-nmm@0.5-drop,ios,nmm,0.5,True,0.65,24,89,1389,3393,0.060216508795669824,0.02556002297530155,0.03588709677419354,81,3482.0,1478.0,28.765432098765434,32.66817834748687,0.6485843822131525,-24.74074074074074,-0.575531303848363,-4.338360149798114,0.3343561279732553,-0.39954041987386624,35.42221903704694,126.728796901647,0.6097000441513956,15,0
D_tile320,ios-nmm@0.5-drop,ios,nmm,0.5,True,0.66,24,83,1307,3399,0.05971223021582734,0.023836875358989085,0.03407224958949096,81,3482.0,1390.0,29.061728395061728,33.16326988003147,0.6475209547429652,-25.82716049382716,-0.6008041355542791,-4.501393683594179,0.3297416160490423,-0.3722499908510917,33.16264775485805,126.5575019447133,0.5509000038728118,15,0
D_tile320,ios-nmm@0.5-drop,ios,nmm,0.5,True,0.67,24,77,1233,3405,0.05877862595419847,0.02211372774267662,0.03213689482470785,81,3482.0,1310.0,29.45679012345679,33.61253440512635,0.6487813447173253,-26.814814814814813,-0.623779437105112,-4.651458640838284,0.30407977467875413,-0.33871619478634185,30.73345420056843,126.65069939382374,0.4762999597005546,15,0
D_tile320,ios-nmm@0.5-drop,ios,nmm,0.5,True,0.68,24,74,1152,3408,0.06035889070146819,0.02125215393452039,0.031435853865760414,81,3482.0,1226.0,29.925925925925927,34.15867115118524,0.6535507318080843,-27.85185185185185,-0.6479035037334865,-4.836600509899117,0.2835923642770616,-0.30938479695524307,28.435529172816747,126.61820194125175,0.47119997907429934,15,0
D_tile320,ios-nmm@0.5-drop,ios,nmm,0.5,True,0.69,24,67,1077,3415,0.05856643356643357,0.019241815048822514,0.02896670990056204,81,3482.0,1144.0,30.395061728395063,34.75522875663352,0.6568483149485148,-28.864197530864196,-0.6714531878230902,-5.042245080937335,0.2824459896897007,-0.2892533881454548,26.557781450894737,126.51679987180978,0.4000000189989805,15,0
D_tile320,ios-nmm@0.5-drop,ios,nmm,0.5,True,0.7,24,59,1009,3423,0.0552434456928839,0.01694428489373923,0.02593406593406593,81,3482.0,1068.0,31.160493827160494,35.43486460577533,0.6744285878052508,-29.80246913580247,-0.6932797242963814,-5.280866889493394,0.2819510021002629,-0.2799863071349275,25.221139770911332,126.50470337737352,0.43920002644881606,15,0
D_tile320,ios-nmm@0.5-drop,ios,nmm,0.5,True,0.71,24,54,929,3428,0.054933875890132246,0.015508328546812177,0.024188129899216128,81,3482.0,983.0,31.790123456790123,36.139476039298934,0.6845992154785747,-30.85185185185185,-0.7176909821941413,-5.533136580992229,0.2644351539194144,-0.2590543689083518,23.271942130109647,126.48160200705752,0.3714999766089022,15,0
D_tile320,ios-nmm@0.5-drop,ios,nmm,0.5,True,0.72,24,48,852,3434,0.05333333333333334,0.013785180930499713,0.021907804655408487,81,3482.0,900.0,32.44444444444444,36.85138655950444,0.6956642705552776,-31.876543209876544,-0.7415278575531303,-5.793063908169365,0.26606933519734655,-0.24361711211681275,21.58363931346595,126.41680192109197,0.36909995833411813,15,0
D_tile320,ios-nmm@0.5-drop,ios,nmm,0.5,True,0.73,24,39,754,3443,0.04918032786885246,0.011200459506031017,0.018245614035087718,81,3482.0,793.0,33.49382716049383,37.758001359535264,0.7199331193477704,-33.19753086419753,-0.7722573233773693,-6.131420245922636,0.2338067294989069,-0.21263586127816297,18.93084035766128,126.28850380051881,0.291600008495152,15,0
D_tile320,ios-nmm@0.5-drop,ios,nmm,0.5,True,0.74,24,26,669,3456,0.03741007194244604,0.007466973004020678,0.012449126167105579,81,3482.0,695.0,34.58024691358025,38.68182972168307,0.7483086115741011,-34.407407407407405,-0.8004020677771396,-6.484659569147444,0.22979523061559448,-0.19696302011539785,17.047225136318712,126.25559970969334,0.2318999613635242,15,0
D_tile320,ios-nmm@0.5-drop,ios,nmm,0.5,True,0.75,24,24,588,3458,0.0392156862745098,0.0068925904652498565,0.01172447484123107,81,3482.0,612.0,35.53086419753087,39.492771646792264,0.7736448537080833,-35.4320987654321,-0.8242389431361287,-6.801772143406077,0.24638027803347795,-0.18868935799065556,15.666868450906946,126.2478019730188,0.21399999968707561,15,0
D_tile320,ios-nmm@0.5-drop,ios,nmm,0.5,True,0.76,24,18,523,3464,0.033271719038817,0.005169442848937392,0.008948545861297539,81,3482.0,541.0,36.382716049382715,40.1790744628514,0.7972242136461889,-36.30864197530864,-0.8446295232624929,-7.075285598399551,0.2429688936795209,-0.17639246373982914,14.261710601754139,126.19430191488937,0.1669999910518527,15,0
D_tile320,ios-nmm@0.5-drop,ios,nmm,0.5,True,0.77,24,17,445,3465,0.0367965367965368,0.004882251579551982,0.008620689655172414,81,3482.0,462.0,37.28395061728395,40.92842291695511,0.8217235126673925,-37.28395061728395,-0.8673176335439403,-7.379306085853349,0.2347251604474332,-0.15903774839284154,12.540363455603387,126.17059755977243,0.14860002556815743,15,0
D_tile320,ios-nmm@0.5-drop,ios,nmm,0.5,True,0.78,24,13,377,3469,0.03333333333333333,0.003733486502010339,0.006714876033057852,81,3482.0,390.0,38.17283950617284,41.535051388281204,0.8498961557407071,-38.17283950617284,-0.8879954049396899,-7.629537858179733,0.22685665221219276,-0.13192038620588678,10.485762774924666,126.14449753565714,0.16629998572170734,15,0
D_tile320,ios-nmm@0.5-drop,ios,nmm,0.5,True,0.79,24,11,313,3471,0.033950617283950615,0.0031591039632395176,0.005780346820809248,81,3482.0,324.0,38.98765432098765,42.118000022863455,0.8765593732893844,-38.98765432098765,-0.9069500287191269,-7.873470607609452,0.17332629992907422,-0.10387212266855313,8.46521890286299,126.14639760833234,0.13569998554885387,15,0
D_tile320,ios-nmm@0.5-drop,ios,nmm,0.5,True,0.8,24,9,248,3473,0.03501945525291829,0.002584721424468696,0.004814121422840332,81,3482.0,257.0,39.81481481481482,42.72608709580739,0.9027118035162597,-39.81481481481482,-0.9261918437679495,-8.131545280993448,0.1403029377742181,-0.07885062273564522,6.562442819327368,126.1384976063855,0.07529999129474163,15,0
D_tile320,ios-nmm@0.5-drop,ios,nmm,0.5,True,0.81,24,5,176,3477,0.027624309392265192,0.0014359563469270534,0.0027300027300027306,81,3482.0,181.0,40.75308641975309,43.497552080973904,0.9297246406808204,-40.75308641975309,-0.9480183802412406,-8.464281902240872,0.17105145210821082,-0.06569296875953,5.058554533588686,126.14609760604799,0.05779997445642948,15,0
D_tile320,ios-nmm@0.5-drop,ios,nmm,0.5,True,0.82,24,2,116,3480,0.01694915254237288,0.0005743825387708214,0.0011111111111111113,81,3482.0,118.0,41.53086419753087,44.08717514590472,0.9535058149254473,-41.53086419753087,-0.9661114302125215,-8.722603596130622,0.10909220128113895,-0.040050867926369554,3.1784829891310964,126.13259761966765,0.037999998312443495,15,0
D_tile320,ios-nmm@0.5-drop,ios,nmm,0.5,True,0.83,24,1,70,3481,0.014084507042253521,0.0002871912693854107,0.0005629045876723895,81,3482.0,71.0,42.111111111111114,44.53033367586583,0.9727133654663277,-42.111111111111114,-0.9796094198736358,-8.919046653329591,0.05904357646045122,-0.02063383631994335,1.7635434329141082,126.13129755156115,0.027100031729787588,15,0
D_tile320,ios-nmm@0.5-drop,ios,nmm,0.5,True,0.84,24,0,39,3482,0.0,0.0,0.0,81,3482.0,39.0,42.50617283950617,44.84857926097989,0.9856311039327964,-42.50617283950617,-0.988799540493969,-9.061330464642522,0.027671256667411992,-0.009974596533173924,0.9102659892408842,126.07060355087742,0.019799976143985987,15,0
D_tile320,ios-nmm@0.5-drop,ios,nmm,0.5,True,0.85,24,0,20,3482,0.0,0.0,0.0,81,3482.0,20.0,42.74074074074074,45.036062367620985,0.9931431791433735,-42.74074074074074,-0.9942561746122918,-9.14562621223026,0.009360898791845207,-0.0033195286482793885,0.3896123302877633,126.00859808875248,0.019499973859637976,15,0
D_tile320,ios-nmm@0.5-drop,ios,nmm,0.5,True,0.86,24,0,4,3482,0.0,0.0,0.0,81,3482.0,4.0,42.93827160493827,45.21717143511514,0.9982905982905983,-42.93827160493827,-0.9988512349224583,-9.227389999634044,0.023390796262303226,-0.002343645168766846,0.1501305244153847,125.97229804517701,0.018700025975704193,15,0
D_tile320,ios-nmm@0.5-drop,ios,nmm,0.5,True,0.87,24,0,2,3482,0.0,0.0,0.0,81,3482.0,2.0,42.96296296296296,45.228910234358445,0.9994513031550067,-42.96296296296296,-0.9994256174612292,-9.232700940507703,0.0005128213640650525,0.00024854532368835127,0.014006977566878529,125.9740980588831,0.019600032828748226,15,0
D_tile320,ios-nmm@0.5-drop,ios,nmm,0.5,True,0.88,24,0,0,3482,0.0,0.0,0.0,81,3482.0,0.0,42.98765432098765,45.253197145084144,1.0,-42.98765432098765,-1.0,-9.243693353013649,,0.0,0.0,125.97479806421325,0.01939997309818864,15,0
D_tile320,ios-nmm@0.5-drop,ios,nmm,0.5,True,0.89,24,0,0,3482,0.0,0.0,0.0,81,3482.0,0.0,42.98765432098765,45.253197145084144,1.0,-42.98765432098765,-1.0,-9.243693353013649,,0.0,0.0,125.97299805050716,0.019400031305849552,15,0
D_tile320,ios-nmm@0.5-drop,ios,nmm,0.5,True,0.9,24,0,0,3482,0.0,0.0,0.0,81,3482.0,0.0,42.98765432098765,45.253197145084144,1.0,-42.98765432098765,-1.0,-9.243693353013649,,0.0,0.0,125.9734980543144,0.018499966245144606,15,0
A_full640,ios-nmm@0.5-drop,ios,nmm,0.5,True,0.01,1,4962,10506,1510,0.3207913110938712,0.7666872682323856,0.45232452142206014,66,6472.0,15468.0,136.3030303030303,137.82861558010103,1.4353387045481192,136.3030303030303,1.3899876390605685,-97.95879952738805,0.11892247316096305,0.5117339787898645,184.18269226169687,21.52309988741763,6.708100001560524,1,1
A_full640,ios-nmm@0.5-drop,ios,nmm,0.5,True,0.02,1,4791,7337,1681,0.3950362796833773,0.740265760197775,0.5151612903225805,66,6472.0,12128.0,85.6969696969697,89.94021583386613,0.8946483536624685,85.6969696969697,0.8739184177997528,-41.1389278214407,0.22818325037697607,1.0706573993905788,78.76826229006318,21.0354998386465,5.711850011721253,1,1
A_full640,ios-nmm@0.5-drop,ios,nmm,0.5,True,0.03,1,4653,5561,1819,0.4555512042294889,0.7189431396786156,0.557713052858684,66,6472.0,10214.0,56.696969696969695,61.27212030991524,0.5953214168954194,56.696969696969695,0.5781829419035847,-18.55696456845459,0.2321414679474233,0.920930777657126,64.45054556065267,20.121400113450363,4.588000010699034,1,1
A_full640,ios-nmm@0.5-drop,ios,nmm,0.5,True,0.04,1,4565,4586,1907,0.4988525844170036,0.7053461063040791,0.5843948025347245,66,6472.0,9151.0,40.621212121212125,45.87119648174295,0.4288017224835994,40.59090909090909,0.4139369592088999,-9.96114106127213,0.23414599475187126,0.8485871868587087,55.43854131288538,19.047999940812588,3.882099990732968,1,1
A_full640,ios-nmm@0.5-drop,ios,nmm,0.5,True,0.05,1,4464,3927,2008,0.5319985698963174,0.6897404202719407,0.6006862679136109,66,6472.0,8391.0,29.71212121212121,34.87140879739663,0.3148810443334101,29.075757575757574,0.2965080346106304,-5.334533200032528,0.2612358626840826,0.8192307140362873,46.80210331450222,18.666149807395414,3.7563999940175563,1,1
A_full640,ios-nmm@0.5-drop,ios,nmm,0.5,True,0.06,1,4400,3409,2072,0.5634524266871559,0.6798516687268232,0.6162033471045446,66,6472.0,7809.0,21.954545454545453,27.27441913944162,0.23494530307382058,20.257575757575758,0.2065822002472188,-2.8751333406680666,0.24864351404008034,0.7437969682039308,45.38100033006298,18.573949706275016,3.513149975333363,1,1
A_full640,ios-nmm@0.5-drop,ios,nmm,0.5,True,0.07,1,4340,3030,2132,0.5888738127544098,0.6705809641532756,0.6270770119924867,66,6472.0,7370.0,17.060606060606062,22.02340352966142,0.18381983642642846,13.606060606060606,0.13875154511742893,-1.526646607765569,0.2476995318497962,0.6956197291569995,43.45377443781661,17.994649725267664,3.183300024829805,1,1
A_full640,ios-nmm@0.5-drop,ios,nmm,0.5,True,0.08,1,4270,2764,2202,0.6070514643161785,0.6597651421508035,0.6323115652302681,66,6472.0,7034.0,14.545454545454545,18.766507884575066,0.1552480537200746,8.515151515151516,0.08683559950556242,-0.8346049528583934,0.26372837515186887,0.6996737638183979,37.9653242510201,18.041649947175756,2.9702999745495617,1,1
A_full640,ios-nmm@0.5-drop,ios,nmm,0.5,True,0.09,1,4210,2518,2262,0.6257431629013079,0.6504944375772559,0.6378787878787878,66,6472.0,6728.0,13.545454545454545,17.051615048363477,0.14322944831719192,3.878787878787879,0.03955500618046971,-0.5146304011939671,0.2461470400724034,0.6559906434315067,37.612553874413415,17.956750301877037,2.802549977786839,1,1
A_full640,ios-nmm@0.5-drop,ios,nmm,0.5,True,0.1,1,4175,2293,2297,0.6454854669140383,0.6450865265760197,0.6452859350850076,66,6472.0,6468.0,12.454545454545455,15.794130094897454,0.13042019611358868,-0.06060606060606061,-0.0006180469715698393,-0.2994723775538026,0.25649114252439587,0.6341084233034041,35.81894370273283,17.621150099439546,2.6855000178329647,1,1
A_full640,ios-nmm@0.5-drop,ios,nmm,0.5,True,0.11,1,4120,2130,2352,0.6592,0.6365883807169345,0.6476969030026726,66,6472.0,6250.0,12.181818181818182,15.658282734125674,0.12679111086033232,-3.3636363636363638,-0.03430160692212608,-0.27721465097033726,0.2592775953657045,0.6111570860699062,34.7665354387207,17.936600293964148,2.7729999856092036,1,1
A_full640,ios-nmm@0.5-drop,ios,nmm,0.5,True,0.12,1,4074,1982,2398,0.6727212681638045,0.6294808405438813,0.6503831417624522,66,6472.0,6056.0,12.848484848484848,16.319722219858196,0.13230865254662416,-6.303030303030303,-0.06427688504326329,-0.3873982903693356,0.25826911834781996,0.5948787616418957,33.42340385838864,17.912149905459955,2.961200021672994,1,1
A_full640,ios-nmm@0.5-drop,ios,nmm,0.5,True,0.13,1,4014,1832,2458,0.6866233321929525,0.6202101359703337,0.6517291768144179,66,6472.0,5846.0,14.121212121212121,17.362446413295146,0.14412211651661924,-9.484848484848484,-0.09672435105067985,-0.5703536457610823,0.26576760774718955,0.5782823330192152,31.869041525752085,17.748849764931947,2.7867000026162714,1,1
A_full640,ios-nmm@0.5-drop,ios,nmm,0.5,True,0.14,1,3967,1709,2505,0.698907681465821,0.6129480840543882,0.6531116233124794,66,6472.0,5676.0,15.787878787878787,19.027093919732014,0.1601953103781706,-12.06060606060606,-0.12299134734239803,-0.8859082233521962,0.24339701774150113,0.544130379668119,32.642245193756544,17.4990000075195,2.5320000131614506,1,1
A_full640,ios-nmm@0.5-drop,ios,nmm,0.5,True,0.15,1,3913,1596,2559,0.7102922490470139,0.6046044499381953,0.6532009014272597,66,6472.0,5509.0,17.46969696969697,20.5001847737423,0.17688477799939228,-14.590909090909092,-0.14879480840543882,-1.1892289441332498,0.25586933827852043,0.549112417544044,29.623400509923428,17.381749745225534,2.5146499974653125,1,1
A_full640,ios-nmm@0.5-drop,ios,nmm,0.5,True,0.16,1,3867,1496,2605,0.721051650195786,0.5974969097651421,0.6534854245880862,66,6472.0,5363.0,19.318181818181817,22.045751325712434,0.19518923834146965,-16.803030303030305,-0.17135352286773795,-1.5317769348149493,0.2505041326835227,0.529842000277444,29.30094809400578,17.329399994574487,2.597549988422543,1,1
A_full640,ios-nmm@0.5-drop,ios,nmm,0.5,True,0.17,1,3826,1384,2646,0.7343570057581574,0.5911619283065513,0.65502482451635,66,6472.0,5210.0,21.09090909090909,23.725705277379866,0.21237073749649577,-19.12121212121212,-0.1949938195302843,-1.9323370852088724,0.25415448096071214,0.5218128590630992,27.770108729448808,17.432050159666687,2.597399987280369,1,1
A_full640,ios-nmm@0.5-drop,ios,nmm,0.5,True,0.18,1,3793,1309,2679,0.7434339474715798,0.5860630407911002,0.6554345947814066,66,6472.0,5102.0,22.363636363636363,24.976959079289152,0.2252980527047486,-20.757575757575758,-0.21168108776266997,-2.2497859374028346,0.2647552068507629,0.532116564857379,25.123357458227904,17.23904980928637,2.327900001546368,1,1
A_full640,ios-nmm@0.5-drop,ios,nmm,0.5,True,0.19,1,3754,1231,2718,0.7530591775325978,0.5800370828182941,0.6553198917692241,66,6472.0,4985.0,23.833333333333332,26.326332019021518,0.24027956672729334,-22.53030303030303,-0.22975896168108775,-2.6104084649200434,0.27768957689466767,0.5378854920569618,22.78492568799002,16.948399690678343,2.1375000360421836,1,1
A_full640,ios-nmm@0.5-drop,ios,nmm,0.5,True,0.2,1,3722,1160,2750,0.7623924621056943,0.5750927070457355,0.6556279725206975,66,6472.0,4882.0,25.181818181818183,27.632874580393505,0.2538262191672163,-24.09090909090909,-0.24567367119901112,-2.9776609535472205,0.2774030789926608,0.5309589526000827,21.90354028442821,17.178699985845014,2.3484500125050545,1,1
A_full640,ios-nmm@0.5-drop,ios,nmm,0.5,True,0.21,1,3695,1086,2777,0.7728508680192429,0.570920889987639,0.6567137652181639,66,6472.0,4781.0,26.59090909090909,29.06080355100841,0.2678434700483513,-25.62121212121212,-0.2612793572311496,-3.399373837006281,0.25797535398994764,0.5056325968304379,22.856755050203088,16.9128497550264,2.0348999823909253,1,1
A_full640,ios-nmm@0.5-drop,ios,nmm,0.5,True,0.22,1,3656,1022,2816,0.781530568619068,0.5648949320148331,0.6557847533632287,66,6472.0,4678.0,27.96969696969697,30.444186388348186,0.281997164135251,-27.181818181818183,-0.27719406674907293,-3.8281902502260214,0.25916739636931263,0.5077827898455397,21.08529975938888,16.9485000227578,1.8298000213690102,1,1
A_full640,ios-nmm@0.5-drop,ios,nmm,0.5,True,0.23,1,3611,963,2861,0.7894621775251421,0.5579419035846724,0.6538113344196995,66,6472.0,4574.0,29.393939393939394,31.82813697077325,0.2964050427775038,-28.757575757575758,-0.29326328800988877,-4.277133331101023,0.25670913093426184,0.4974671252469489,20.521102506087047,16.62255015783012,1.7554000078234822,1,1
A_full640,ios-nmm@0.5-drop,ios,nmm,0.5,True,0.24,1,3579,900,2893,0.7990622906898861,0.5529975278121138,0.6536389370833714,66,6472.0,4479.0,30.71212121212121,33.10383114329271,0.3094303150106046,-30.196969696969695,-0.30794190358467244,-4.708633300008132,0.24882739573717472,0.4759795456611061,21.18879364365635,16.527600096305832,1.7492499900981784,1,1
A_full640,ios-nmm@0.5-drop,ios,nmm,0.5,True,0.25,1,3538,855,2934,0.8053721830184384,0.5466625463535228,0.6512655315232397,66,6472.0,4393.0,31.954545454545453,34.327080925247415,0.3220950940494561,-31.5,-0.321229913473424,-5.138317922420844,0.24072902836186527,0.46565670577992896,20.89802727564089,16.55054998374544,1.8099999870173633,1,1
A_full640,ios-nmm@0.5-drop,ios,nmm,0.5,True,0.26,1,3492,805,2980,0.81265999534559,0.5395550061804697,0.6485281827467732,66,6472.0,4297.0,33.31818181818182,35.68613176011096,0.3359743805554239,-32.95454545454545,-0.3360630407911001,-5.633986443499433,0.2350820471080759,0.4582231130202674,20.17242443231557,16.480549741303548,1.7645999905653298,1,1
A_full640,ios-nmm@0.5-drop,ios,nmm,0.5,True,0.27,1,3452,775,3020,0.8166548379465342,0.5333745364647713,0.6452939527058603,66,6472.0,4227.0,34.28787878787879,36.65750574265422,0.34562620060937815,-34.015151515151516,-0.34687886279357233,-6.00005501049983,0.23069155441424982,0.4473501681407882,20.1780259362548,16.483449684921652,1.7324000073131174,1,1
A_full640,ios-nmm@0.5-drop,ios,nmm,0.5,True,0.28,1,3415,734,3057,0.8230899011810074,0.5276576019777504,0.6430656247057716,66,6472.0,4149.0,35.28787878787879,37.74375324594666,0.35518273326461886,-35.196969696969695,-0.35893077873918416,-6.421057540982822,0.22219207722491374,0.42759661518002734,20.93325312961911,16.26234978553839,1.5613000141456723,1,1
A_full640,ios-nmm@0.5-drop,ios,nmm,0.5,True,0.29,1,3371,697,3101,0.8286627335299902,0.5208590852904821,0.6396584440227704,66,6472.0,4068.0,36.45454545454545,38.91404669657257,0.366906756340226,-36.42424242424242,-0.3714462299134734,-6.888390871127141,0.2121745013813816,0.41259309929156,21.177234263409417,16.3361998135224,1.548900007037446,1,1
A_full640,ios-nmm@0.5-drop,ios,nmm,0.5,True,0.3,1,3339,667,3133,0.8334997503744384,0.5159147095179234,0.6373353693452949,66,6472.0,4006.0,37.39393939393939,39.770554053180724,0.3763554711061348,-37.36363636363637,-0.3810259579728059,-7.239463097521657,0.20810972413821838,0.3990772586593697,21.563211847826622,16.524499737424776,1.5815499646123499,1,1
A_full640,ios-nmm@0.5-drop,ios,nmm,0.5,True,0.31,1,3302,628,3170,0.8402035623409669,0.5101977750309024,0.6348779080945972,66,6472.0,3930.0,38.54545454545455,40.849316599750686,0.38818453444686457,-38.515151515151516,-0.3927688504326329,-7.692510440036163,0.20339401696854098,0.3884697992355928,21.451870596170327,16.190199808217585,1.399400003720075,1,1
A_full640,ios-nmm@0.5-drop,ios,nmm,0.5,True,0.32,1,3264,584,3208,0.8482328482328483,0.5043263288009888,0.6325581395348836,66,6472.0,3848.0,39.75757575757576,42.03281546313042,0.4006102690528704,-39.75757575757576,-0.4054388133498146,-8.20349101415444,0.19778374558330103,0.3796274593281063,21.076531564068116,16.239850014680997,1.433849975001067,1,1
A_full640,ios-nmm@0.5-drop,ios,nmm,0.5,True,0.33,1,3227,547,3245,0.8550609432962374,0.49860939431396784,0.6299043529182119,66,6472.0,3774.0,40.878787878787875,43.05985967408063,0.41217892261395644,-40.878787878787875,-0.4168726823238566,-8.658748343705604,0.1996079193075565,0.37453540045252076,20.454649822292186,16.19844979629852,1.5226500399876386,1,1
A_full640,ios-nmm@0.5-drop,ios,nmm,0.5,True,0.34,1,3186,520,3286,0.8596869940636805,0.492274412855377,0.6260561996462959,66,6472.0,3706.0,41.90909090909091,44.076036229418015,0.4226772290306827,-41.90909090909091,-0.4273794808405439,-9.120004209499116,0.18889113745359376,0.3624689669028129,20.607588578863545,16.15804984490387,1.358149980660528,1,1
A_full640,ios-nmm@0.5-drop,ios,nmm,0.5,True,0.35,1,3153,482,3319,0.8674002751031636,0.4871755253399258,0.6239240130602552,66,6472.0,3635.0,42.984848484848484,45.01531725844868,0.4340413123046693,-42.984848484848484,-0.43834981458590855,-9.555924152479538,0.20388564477957383,0.3695964142721151,18.832909194407122,16.19059981778264,1.339700014796108,1,1
A_full640,ios-nmm@0.5-drop,ios,nmm,0.5,True,0.36,1,3107,452,3365,0.8729980331553807,0.48006798516687266,0.6194796131990828,66,6472.0,3559.0,44.13636363636363,46.01399655309109,0.44620288637930444,-44.13636363636363,-0.45009270704573545,-10.029492803191566,0.22274782767820278,0.37532707329790305,17.11944214569651,15.975549819646403,1.320000010309741,1,1
A_full640,ios-nmm@0.5-drop,ios,nmm,0.5,True,0.37,1,3065,411,3407,0.8817606444188723,0.47357849196538937,0.616204262163249,66,6472.0,3476.0,45.39393939393939,47.221271529348776,0.4591804636328666,-45.39393939393939,-0.46291718170580964,-10.615849720881506,0.2183544879848648,0.36609487636988075,16.76718121415349,15.923199812415987,1.2158500321675092,1,1
A_full640,ios-nmm@0.5-drop,ios,nmm,0.5,True,0.38,1,3026,386,3446,0.8868698710433763,0.46755253399258345,0.6123027114528531,66,6472.0,3412.0,46.36363636363637,48.12263374741535,0.46924037462248624,-46.36363636363637,-0.47280593325092707,-11.063529952021277,0.22382838239705993,0.36545388445881605,15.860340299735483,15.918399925343692,1.2239500065334141,1,1
A_full640,ios-nmm@0.5-drop,ios,nmm,0.5,True,0.39,1,2984,370,3488,0.8896839594514013,0.4610630407911001,0.6073682067982903,66,6472.0,3354.0,47.24242424242424,48.964736847505414,0.47838185050220466,-47.24242424242424,-0.48176761433868975,-11.489426025228294,0.22382487066908363,0.3633634854652689,15.186538213163315,15.986299734562635,1.3197500084061176,1,1
A_full640,ios-nmm@0.5-drop,ios,nmm,0.5,True,0.4,1,2948,348,3524,0.8944174757281553,0.45550061804697156,0.6036036036036035,66,6472.0,3296.0,48.121212121212125,49.778600732735455,0.4874619031043768,-48.121212121212125,-0.4907292954264524,-11.908060712457726,0.2285201883638307,0.35835274645899773,14.7991064381419,15.843850148143247,1.1386499973013997,1,1
A_full640,ios-nmm@0.5-drop,ios,nmm,0.5,True,0.41,1,2898,327,3574,0.8986046511627906,0.4477750309023486,0.5977106321542746,66,6472.0,3225.0,49.196969696969695,50.82993033815626,0.4983093787169906,-49.196969696969695,-0.5016996291718171,-12.459057837561168,0.2189460765945791,0.34259104237721877,15.26895111719151,15.932199708884582,1.3189000019337982,1,1
A_full640,ios-nmm@0.5-drop,ios,nmm,0.5,True,0.42,1,2862,305,3610,0.9036943479633722,0.44221260815822,0.5938375350140056,66,6472.0,3167.0,50.07575757575758,51.64960617644454,0.5077319349817823,-50.07575757575758,-0.5106613102595797,-12.896635270819083,0.23160118593768153,0.35486555912193646,13.186516687315546,15.930199826601893,1.211049995617941,1,1
A_full640,ios-nmm@0.5-drop,ios,nmm,0.5,True,0.43,1,2816,289,3656,0.9069243156199678,0.43510506798516685,0.5880755977863631,66,6472.0,3105.0,51.015151515151516,52.57188440890273,0.5171144961792637,-51.015151515151516,-0.5202410383189122,-13.3973551908386,0.2201941318033488,0.33535118224739385,14.160714371134329,15.779649740550667,1.0996499622706324,1,1
A_full640,ios-nmm@0.5-drop,ios,nmm,0.5,True,0.44,1,2777,270,3695,0.9113882507384312,0.42907911001236093,0.5834646496480723,66,6472.0,3047.0,51.89393939393939,53.43886339745748,0.5260702692741556,-51.89393939393939,-0.529202719406675,-13.87613309670846,0.2137149634743113,0.3282883124213705,13.974515788013465,15.875149795319885,1.2177000171504915,1,1
A_full640,ios-nmm@0.5-drop,ios,nmm,0.5,True,0.45,1,2739,249,3733,0.9166666666666666,0.42320766378244745,0.5790697674418605,66,6472.0,2988.0,52.78787878787879,54.29409254097986,0.5356678507845197,-52.78787878787879,-0.5383189122373301,-14.356094924205099,0.22173230201688088,0.3389101224103207,12.038995269097033,15.72214971180074,1.129549986217171,1,1
A_full640,ios-nmm@0.5-drop,ios,nmm,0.5,True,0.46,1,2693,231,3779,0.9209986320109439,0.4161001236093943,0.5732226479352915,66,6472.0,2924.0,53.75757575757576,55.25862060814721,0.545566890643462,-53.75757575757576,-0.5482076637824475,-14.906539552549377,0.2125071293087839,0.3299816791117954,11.944826860431194,15.837249897187576,1.1383499950170517,1,1
A_full640,ios-nmm@0.5-drop,ios,nmm,0.5,True,0.47,1,2652,218,3820,0.9240418118466899,0.40976514215080345,0.5677585099550417,66,6472.0,2870.0,54.57575757575758,56.045165768874355,0.554042900575551,-54.57575757575758,-0.5565512978986403,-15.36258616318506,0.21268158894820344,0.32510966223553067,11.604397969873396,15.811199852498248,1.0347999923396856,1,1
A_full640,ios-nmm@0.5-drop,ios,nmm,0.5,True,0.48,1,2602,205,3870,0.9269682935518347,0.4020395550061805,0.5608362970147646,66,6472.0,2807.0,55.53030303030303,56.92938209268168,0.5639476662249819,-55.53030303030303,-0.5662855377008653,-15.882959182209127,0.22411458372963833,0.3231221089590575,10.844753194196636,15.72049992531538,1.0147000139113516,1,1
A_full640,ios-nmm@0.5-drop,ios,nmm,0.5,True,0.49,1,2559,192,3913,0.9302071973827699,0.3953955500618047,0.5549170551881167,66,6472.0,2751.0,56.378787878787875,57.775033928631714,0.5724880270392826,-56.378787878787875,-0.5749381953028431,-16.388256932518857,0.21175352329182628,0.30610473042463304,11.665002798360218,15.77764971065335,1.0395499994046986,1,1
A_full640,ios-nmm@0.5-drop,ios,nmm,0.5,True,0.5,1,2504,176,3968,0.9343283582089552,0.3868974042027194,0.5472027972027973,66,6472.0,2680.0,57.45454545454545,58.81635517748134,0.5838386258049929,-57.45454545454545,-0.5859085290482077,-17.02070786554477,0.21553753004696596,0.30881220372062285,10.323748750304967,15.679249732755125,0.9372000058647245,1,1
A_full640,ios-nmm@0.5-drop,ios,nmm,0.5,True,0.51,1,2455,165,4017,0.9370229007633588,0.3793263288009889,0.5400351957765068,66,6472.0,2620.0,58.36363636363637,59.68807809493171,0.5934486679041034,-58.36363636363637,-0.5951792336217553,-17.558839708970538,0.2219461771978528,0.31186169881990494,9.115622503599608,15.704849808709696,0.9833500080276281,1,1
A_full640,ios-nmm@0.5-drop,ios,nmm,0.5,True,0.52,1,2403,154,4069,0.9397731716855691,0.371291718170581,0.532284859895891,66,6472.0,2557.0,59.31818181818182,60.612904916562464,0.6034466955133926,-59.31818181818182,-0.6049134734239803,-18.138408809333608,0.22513151058668857,0.3126366293392519,8.085086892672129,15.4579999120906,0.8408499998040497,1,1
A_full640,ios-nmm@0.5-drop,ios,nmm,0.5,True,0.53,1,2361,145,4111,0.9421388667198723,0.36480222496909764,0.5259523279126754,66,6472.0,2506.0,60.09090909090909,61.36996600351615,0.6114350876669007,-60.09090909090909,-0.6127935723114957,-18.619475630348575,0.22333823192475233,0.3086973991992382,7.6986429148868085,15.611799743026495,0.9323500271420926,1,1
A_full640,ios-nmm@0.5-drop,ios,nmm,0.5,True,0.54,1,2325,134,4147,0.9455063033753558,0.3592398022249691,0.5206583809203896,66,6472.0,2459.0,60.803030303030305,62.055083057984326,0.6188342472599306,-60.803030303030305,-0.6200556242274413,-19.059973403619214,0.22734195538097313,0.30805401552731126,7.049612295564247,15.636899943696335,0.9332500048913062,1,1
A_full640,ios-nmm@0.5-drop,ios,nmm,0.5,True,0.55,1,2270,125,4202,0.9478079331941545,0.3507416563658838,0.5120108266606518,66,6472.0,2395.0,61.77272727272727,62.98424526431313,0.6288939489666396,-61.77272727272727,-0.6299443757725587,-19.665194139229182,0.23497596482595384,0.30741302361624656,6.142771381146238,15.556900076335296,0.8993000083137304,1,1
A_full640,ios-nmm@0.5-drop,ios,nmm,0.5,True,0.56,1,2224,110,4248,0.9528706083976007,0.34363411619283063,0.5051101521689757,66,6472.0,2334.0,62.696969696969695,63.865151497178616,0.6385323870021901,-62.696969696969695,-0.6393695920889988,-20.247288939062717,0.24545292267225816,0.3073891060076247,5.2208743321007915,15.595299903303385,0.8861000242177397,1,1
A_full640,ios-nmm@0.5-drop,ios,nmm,0.5,True,0.57,1,2164,104,4308,0.9541446208112875,0.33436341161928307,0.4951945080091534,66,6472.0,2268.0,63.696969696969695,64.86723036909758,0.6485796718544667,-63.696969696969695,-0.6495673671199012,-20.919282854423084,0.23172276412052684,0.2916034843172239,5.768821962104948,15.705599917797372,0.9219500061590225,1,1
A_full640,ios-nmm@0.5-drop,ios,nmm,0.5,True,0.58,1,2120,98,4352,0.9558160504959423,0.32756489493201485,0.48791714614499426,66,6472.0,2218.0,64.45454545454545,65.65128261573348,0.6561451522200973,-64.45454545454545,-0.657292954264524,-21.452363298907922,0.20976018808681074,0.27589918249613715,6.551219558863639,15.503050081897527,0.7617500086780638,1,1
A_full640,ios-nmm@0.5-drop,ios,nmm,0.5,True,0.59,1,2067,86,4405,0.9600557361820715,0.31937577255871447,0.479304347826087,66,6472.0,2153.0,65.43939393939394,66.61888439155791,0.6660239132754897,-65.43939393939394,-0.667336217552534,-22.119069031002002,0.20463636779374295,0.26192412377840796,6.936773801608234,15.514249966014177,0.8308499818667769,1,1
A_full640,ios-nmm@0.5-drop,ios,nmm,0.5,True,0.6,1,2035,81,4437,0.9617202268431002,0.3144313967861557,0.4739170936190033,66,6472.0,2116.0,66.0,67.17909126380248,0.6717179426014839,-66.0,-0.673053152039555,-22.50952638351407,0.19774975154173124,0.2535768783693929,7.194703684746791,15.33244972769171,0.7619999814778566,1,1
A_full640,ios-nmm@0.5-drop,ios,nmm,0.5,True,0.61,1,1988,73,4484,0.9645803008248424,0.30716934487021014,0.4659557013945857,66,6472.0,2061.0,66.83333333333333,68.00412197845515,0.6803624777549242,-66.83333333333333,-0.6815512978986403,-23.090516189829277,0.19283447232109607,0.2469732266289085,7.008928443298533,15.612449704203755,0.8780000207480043,1,1
A_full640,ios-nmm@0.5-drop,ios,nmm,0.5,True,0.62,1,1945,67,4527,0.9666998011928429,0.30052533992583436,0.4585101367279585,66,6472.0,2012.0,67.57575757575758,68.75274099219168,0.6877964862998077,-67.57575757575758,-0.6891223733003708,-23.62383341863947,0.17979395655608188,0.23284270345513752,7.652151867247708,15.538399753393605,0.7735499821137637,1,1
A_full640,ios-nmm@0.5-drop,ios,nmm,0.5,True,0.63,1,1883,61,4589,0.9686213991769548,0.29094561186650186,0.4474809885931559,66,6472.0,1944.0,68.60606060606061,69.7467279562709,0.6985863011564111,-68.60606060606061,-0.6996291718170581,-24.340974212034382,0.1889106406251745,0.23450976077607838,6.458376185715458,15.452549961861223,0.7585500134155154,1,1
A_full640,ios-nmm@0.5-drop,ios,nmm,0.5,True,0.64,1,1847,50,4625,0.9736425935687928,0.2853831891223733,0.4413908471740949,66,6472.0,1897.0,69.31818181818181,70.4493155439147,0.7059299247926714,-69.31818181818181,-0.7068912237330037,-24.854085845080863,0.18706723068451425,0.2316563900674953,6.0260582345934814,15.734199648723006,0.7859000179450959,1,1
A_full640,ios-nmm@0.5-drop,ios,nmm,0.5,True,0.65,1,1790,46,4682,0.9749455337690632,0.27657601977750307,0.4309099662975445,66,6472.0,1836.0,70.24242424242425,71.34720907242442,0.7153424353020931,-70.24242424242425,-0.7163164400494437,-25.51731874040306,0.19044489744913973,0.22224002755308495,6.02519002540051,15.472599716158584,0.6668500136584044,1,1
A_full640,ios-nmm@0.5-drop,ios,nmm,0.5,True,0.66,1,1756,37,4716,0.9793641940881205,0.27132262051915945,0.4249243799153056,66,6472.0,1793.0,70.89393939393939,71.99400227544211,0.7220252030508174,-70.89393939393939,-0.7229604449938195,-26.000279836020876,0.18670270030561986,0.2188150259984404,5.709532602092323,15.29529995773919,0.6326999864540994,1,1
A_full640,ios-nmm@0.5-drop,ios,nmm,0.5,True,0.67,1,1718,32,4754,0.9817142857142858,0.265451174289246,0.4179031865726101,66,6472.0,1750.0,71.54545454545455,72.62648319040419,0.7289132527805474,-71.54545454545455,-0.7296044499381953,-26.476768826745626,0.19223297738774503,0.2203624952762721,4.906271675332824,15.52214984362945,0.762549985665828,1,1
A_full640,ios-nmm@0.5-drop,ios,nmm,0.5,True,0.68,1,1662,27,4810,0.9840142095914742,0.2567985166872682,0.40730302658987866,66,6472.0,1689.0,72.46969696969697,73.53714789963044,0.7384276313503237,-72.46969696969697,-0.7390296662546354,-27.170152259496486,0.19128350980675135,0.2159186035943381,4.4177999626885365,15.301100081996992,0.6396499811671674,1,1
A_full640,ios-nmm@0.5-drop,ios,nmm,0.5,True,0.69,1,1594,24,4878,0.9851668726823238,0.24629171817058096,0.39406674907292955,66,6472.0,1618.0,73.54545454545455,74.60725450143856,0.749321585117213,-73.54545454545455,-0.75,-27.99597705822981,0.18287683983086034,0.20355080817599522,4.5548359012872535,15.292099670274183,0.5778000049758703,1,1
A_full640,ios-nmm@0.5-drop,ios,nmm,0.5,True,0.7,1,1536,20,4936,0.987146529562982,0.2373300370828183,0.3826606875934231,66,6472.0,1556.0,74.48484848484848,75.54328480273993,0.7588162551806413,-74.48484848484848,-0.7595797280593325,-28.728114192230603,0.17420506314596107,0.18987711132690097,4.95629296200449,15.198350081918761,0.5583500023931265,1,1
A_full640,ios-nmm@0.5-drop,ios,nmm,0.5,True,0.71,1,1471,18,5001,0.9879113498992612,0.2272867737948084,0.36955156387388516,66,6472.0,1489.0,75.5,76.55192335726758,0.7691140659420967,-75.5,-0.7699320148331273,-29.52726129030715,0.1675359163556438,0.17867410344844073,5.039715189116532,15.15565007692203,0.5437500076368451,1,1
A_full640,ios-nmm@0.5-drop,ios,nmm,0.5,True,0.72,1,1422,17,5050,0.9881862404447533,0.21971569839307786,0.3594994311717861,66,6472.0,1439.0,76.25757575757575,77.30586633430201,0.7768658767693861,-76.25757575757575,-0.7776576019777504,-30.131534888615697,0.16222051975842056,0.1736250962683746,4.7772481356224175,15.20610002730973,0.5522000137716532,1,1
A_full640,ios-nmm@0.5-drop,ios,nmm,0.5,True,0.73,1,1368,13,5104,0.9905865314989138,0.21137206427688504,0.3484018846300777,66,6472.0,1381.0,77.13636363636364,78.15514872820135,0.7861246732050926,-77.13636363636364,-0.786619283065513,-30.819314425666462,0.17588442623291234,0.17832251460169996,3.4378285681484484,15.125800144625828,0.4880000196862966,1,1
A_full640,ios-nmm@0.5-drop,ios,nmm,0.5,True,0.74,1,1310,9,5162,0.9931766489764974,0.20241038318912238,0.33628545757925815,66,6472.0,1319.0,78.07575757575758,79.07294292632785,0.7958190453163623,-78.07575757575758,-0.7961990111248455,-31.571025730563356,0.18439885386446664,0.17285734103161415,3.0343528612635233,15.185749987140298,0.46805001329630613,1,1
A_full640,ios-nmm@0.5-drop,ios,nmm,0.5,True,0.75,1,1253,9,5219,0.9928684627575277,0.19360321384425216,0.32402379105249546,66,6472.0,1262.0,78.93939393939394,79.92420652017002,0.8047380607886908,-78.93939393939394,-0.8050061804697157,-32.27609052336511,0.18646638634717383,0.16997287743182277,2.4535687463824676,15.113549734232947,0.41050001163966954,1,1
A_full640,ios-nmm@0.5-drop,ios,nmm,0.5,True,0.76,1,1188,9,5284,0.9924812030075187,0.18355995055624227,0.30981875081496935,66,6472.0,1197.0,79.92424242424242,80.86698768329198,0.8152392970850876,-79.92424242424242,-0.8150494437577256,-33.065766248427416,0.21753123647254669,0.17801876097220284,0.679736045271257,15.083949997788295,0.39625001954846084,1,1
A_full640,ios-nmm@0.5-drop,ios,nmm,0.5,True,0.77,1,1122,8,5350,0.9929203539823008,0.17336217552533992,0.2951854775059195,66,6472.0,1130.0,80.93939393939394,81.89535081339163,0.8254638147945774,-80.93939393939394,-0.8254017305315204,-33.93768506249671,0.1936968918177503,0.16389541308101838,1.049528583934067,15.02764995698817,0.37349999183788896,1,1
A_full640,ios-nmm@0.5-drop,ios,nmm,0.5,True,0.78,1,1051,6,5421,0.9943235572374646,0.1623918417799753,0.27918714304688536,66,6472.0,1057.0,82.04545454545455,82.99516232707163,0.8366270666593475,-82.04545454545455,-0.8366810877626699,-34.88237559255875,0.19121816633177924,0.1528000344413563,1.0314875317506302,15.051199873210862,0.3771499905269593,1,1
A_full640,ios-nmm@0.5-drop,ios,nmm,0.5,True,0.79,1,978,5,5494,0.9949135300101729,0.1511124845488257,0.262374245472837,66,6472.0,983.0,83.16666666666667,84.09527425197656,0.8483512358478812,-83.16666666666667,-0.848114956736712,-35.83993140429847,0.20330490966266657,0.15307508694050723,-0.11669640422671371,15.044649733463302,0.35004998790100217,1,1
A_full640,ios-nmm@0.5-drop,ios,nmm,0.5,True,0.8,1,901,3,5571,0.9966814159292036,0.1392150803461063,0.24430585683297176,66,6472.0,904.0,84.36363636363636,85.27957587022851,0.8605047621287176,-84.36363636363636,-0.8603213844252163,-36.88486063209456,0.21734447222084263,0.14106127212976727,-0.13558413975536407,15.024899774463847,0.3275499911978841,1,1
A_full640,ios-nmm@0.5-drop,ios,nmm,0.5,True,0.81,1,822,2,5650,0.9975728155339806,0.12700865265760197,0.22532894736842105,66,6472.0,824.0,85.57575757575758,86.49452601351736,0.8729025944954212,-85.57575757575758,-0.8726823238566132,-37.97201639791247,0.20766582524538146,0.12715796623790357,0.015661250125573695,14.99144985480234,0.2930000191554427,1,1
A_full640,ios-nmm@0.5-drop,ios,nmm,0.5,True,0.82,1,728,1,5744,0.9986282578875172,0.11248454882571075,0.20219413970281905,66,6472.0,729.0,87.01515151515152,87.9511744714594,0.887469817645187,-87.01515151515152,-0.8873609394313968,-39.29571970476104,0.16555520731058704,0.10993250450846914,0.26540652759375016,14.990450024604797,0.2711499691940844,1,1
A_full640,ios-nmm@0.5-drop,ios,nmm,0.5,True,0.83,1,636,1,5836,0.9984301412872841,0.09826946847960445,0.17892811928541286,66,6472.0,637.0,88.4090909090909,89.34280252844302,0.9016656590119746,-88.4090909090909,-0.9015760197775031,-40.58098502279348,0.15735376060290773,0.09861230034776196,-0.018466785616902563,14.867899953387678,0.21275001927278936,1,1
A_full640,ios-nmm@0.5-drop,ios,nmm,0.5,True,0.84,1,538,1,5934,0.9981447124304267,0.08312731767614338,0.1534731136785052,66,6472.0,539.0,89.89393939393939,90.8557798231501,0.9165785329713688,-89.89393939393939,-0.9167181705809642,-42.00121740627885,0.10362154844239291,0.07264016914532812,1.043527655930852,14.824499864131212,0.17294997815042734,1,1
A_full640,ios-nmm@0.5-drop,ios,nmm,0.5,True,0.85,1,432,0,6040,1.0,0.06674907292954264,0.12514484356894554,66,6472.0,432.0,91.51515151515152,92.46440756673168,0.9332850980443747,-91.51515151515152,-0.9332509270704573,-43.537395181080214,0.10556581798447273,0.0653381232330866,0.13835858235550527,14.787499744910747,0.13380000018514693,1,1
A_full640,ios-nmm@0.5-drop,ios,nmm,0.5,True,0.86,1,320,0,6152,1.0,0.049443757725587144,0.09422850412249706,66,6472.0,320.0,93.21212121212122,94.1597610769091,0.9505854247843082,-93.21212121212122,-0.9505562422744128,-45.185571941774974,0.09583175723042059,0.05119324949414252,-0.17155622312258323,14.761249866336584,0.11049999739043415,1,1
A_full640,ios-nmm@0.5-drop,ios,nmm,0.5,True,0.87,1,228,0,6244,1.0,0.03522867737948084,0.06805970149253732,66,6472.0,228.0,94.60606060606061,95.55008206076111,0.9648620596819644,-94.60606060606061,-0.9647713226205191,-46.55955245370747,0.09182179495929566,0.04208303237009147,-0.67214220453382,14.678299993975088,0.06250001024454832,1,1
A_full640,ios-nmm@0.5-drop,ios,nmm,0.5,True,0.88,1,148,0,6324,1.0,0.022867737948084055,0.04471299093655589,66,6472.0,148.0,95.81818181818181,96.80768188902816,0.9767511577412883,-95.81818181818181,-0.977132262051916,-47.81971863325217,0.007524982130688973,0.009315908558198685,1.328900603202092,14.666449991054833,0.0533499987795949,1,1
A_full640,ios-nmm@0.5-drop,ios,nmm,0.5,True,0.89,1,83,0,6389,1.0,0.012824474660074166,0.025324180015255535,66,6472.0,83.0,96.8030303030303,97.77548493638605,0.9870950989670124,-96.8030303030303,-0.9871755253399258,-48.80071609320213,0.016958060191654023,0.010258262337898389,0.25164433559275146,14.644199967151508,0.02269999822601676,1,1
A_full640,ios-nmm@0.5-drop,ios,nmm,0.5,True,0.9,1,34,0,6438,1.0,0.005253399258343634,0.01045189056255764,66,6472.0,34.0,97.54545454545455,98.50672950400778,0.9949126854498762,-97.54545454545455,-0.9947466007416563,-49.54840206456797,0.04954564096547609,0.01017694246858422,-0.4828056311617739,14.641049972269684,0.01894999877549708,1,1
B_full1280,ios-nmm@0.5-drop,ios,nmm,0.5,True,0.01,1,4988,9713,1484,0.33929664648663355,0.7707045735475896,0.4711661077787748,66,6472.0,14701.0,124.68181818181819,125.3196518967203,1.3154165060837222,124.68181818181819,1.271477132262052,-80.8114311818647,0.25663930690683434,0.4063242940717809,182.89801770859748,29.246400030096993,6.455599999753758,1,1
B_full1280,ios-nmm@0.5-drop,ios,nmm,0.5,True,0.02,1,4921,8622,1551,0.3633611459794728,0.7603522867737948,0.4917312015988009,66,6472.0,13543.0,107.13636363636364,109.29588697243328,1.1160224917802966,107.13636363636364,1.0925525339925835,-61.227631056536445,0.3279883197288609,1.0883564297707249,98.47207858369487,28.455899501219392,5.87620004080236,1,1
B_full1280,ios-nmm@0.5-drop,ios,nmm,0.5,True,0.03,1,4806,6978,1666,0.4078411405295316,0.742583436341162,0.5265118317265557,66,6472.0,11784.0,80.48484848484848,84.50533424081296,0.8322222164432852,80.48484848484848,0.8207663782447466,-36.20008036316497,0.36601885665250056,1.3822536127547822,43.00082754925827,28.002700709970668,4.923050000797957,1,1
B_full1280,ios-nmm@0.5-drop,ios,nmm,0.5,True,0.04,1,4714,5793,1758,0.4486532787665366,0.7283683559950557,0.5552741622003652,66,6472.0,10507.0,61.13636363636363,65.1823781726505,0.631921281710641,61.13636363636363,0.6234548825710754,-21.132783387785754,0.39697778056723454,1.30114661015733,31.60574453123873,27.308350095059723,4.297550010960549,1,1
B_full1280,ios-nmm@0.5-drop,ios,nmm,0.5,True,0.05,1,4621,5011,1851,0.4797549833887043,0.7139987639060569,0.5738946845504223,66,6472.0,9632.0,47.878787878787875,52.19775915310983,0.49485000377727395,47.878787878787875,0.48825710754017304,-13.193168174273262,0.40745619672655764,1.229640135660676,25.36013700006214,26.93834998179227,3.9743499946780503,1,1
B_full1280,ios-nmm@0.5-drop,ios,nmm,0.5,True,0.06,1,4550,4447,1922,0.5057241302656441,0.7030284301606922,0.5882733208352188,66,6472.0,8997.0,38.34848484848485,42.973035943272826,0.3963847311684354,38.25757575757576,0.39014215080346104,-8.619836786238764,0.4246510228378134,1.201185356683297,18.52921775069237,26.55849999561906,3.491750016110018,1,1
B_full1280,ios-nmm@0.5-drop,ios,nmm,0.5,True,0.07,1,4475,4010,1997,0.5274012964054213,0.6914400494437577,0.5983820284816475,66,6472.0,8485.0,31.015151515151516,35.78026373194128,0.32254295536325456,30.5,0.31103213844252164,-5.669030523652123,0.4204272781799364,1.143491301165744,16.42915604326211,26.295350012602285,3.3543999888934195,1,1
B_full1280,ios-nmm@0.5-drop,ios,nmm,0.5,True,0.08,1,4415,3654,2057,0.5471557813855497,0.6821693448702101,0.6072484698438896,66,6472.0,8069.0,25.136363636363637,29.830582233064717,0.2623957414491798,24.196969696969695,0.24675525339925836,-3.6355267374946783,0.4527116375680559,1.1382987883339473,10.635306695495318,26.382250112481415,3.2115500362124294,1,1
B_full1280,ios-nmm@0.5-drop,ios,nmm,0.5,True,0.09,1,4366,3375,2106,0.5640098178529905,0.6745982694684796,0.6143671286850066,66,6472.0,7741.0,21.227272727272727,25.64353542495475,0.22340435695215158,19.227272727272727,0.1960754017305315,-2.425558834925449,0.46428934609034234,1.1333167504580222,6.154151379328459,26.1119002411142,3.145349968690425,1,1
B_full1280,ios-nmm@0.5-drop,ios,nmm,0.5,True,0.1,1,4312,3146,2160,0.5781710914454278,0.6662546353522868,0.6190954773869347,66,6472.0,7458.0,17.727272727272727,22.052966542697455,0.18832705980298464,14.93939393939394,0.1523485784919654,-1.5334344250924414,0.47717357717994,1.113280969715524,3.830993393956447,25.734200248029083,2.8759999840985984,1,1
B_full1280,ios-nmm@0.5-drop,ios,nmm,0.5,True,0.11,1,4273,2962,2199,0.5906012439530062,0.6602286773794809,0.6234770555190777,66,6472.0,7235.0,15.772727272727273,19.816200901833284,0.1690853123490599,11.56060606060606,0.11789245982694685,-1.0455797867506016,0.4773284589084794,1.1055077469134325,1.2144524541857828,25.778300219215453,2.7772500179708004,1,1
B_full1280,ios-nmm@0.5-drop,ios,nmm,0.5,True,0.12,1,4231,2803,2241,0.6015069661643446,0.6537391841779975,0.6265363542129423,66,6472.0,7034.0,14.090909090909092,17.69523133844856,0.15225080414675984,8.515151515151516,0.08683559950556242,-0.6311282892691257,0.4829609807284655,1.0793179654725402,0.7371837494199752,25.88965023122728,2.913600008469075,1,1
B_full1280,ios-nmm@0.5-drop,ios,nmm,0.5,True,0.13,1,4181,2660,2291,0.6111679579008917,0.6460135970333746,0.6281078644933525,66,6472.0,6841.0,12.530303030303031,16.028856553860678,0.1359463165370317,5.590909090909091,0.05701483312731768,-0.3383839350206408,0.49847132914459247,1.0781101262371382,-2.068617227375179,25.73834920465015,2.830699988408014,1,1
B_full1280,ios-nmm@0.5-drop,ios,nmm,0.5,True,0.14,1,4130,2512,2342,0.6218006624510689,0.6381334981458591,0.6298612170199785,66,6472.0,6642.0,11.666666666666666,14.769953119475876,0.12700750134201022,2.5757575757575757,0.02626699629171817,-0.13640690549196122,0.5087187693477725,1.0660389091657059,-3.9000578806128963,25.836049949284643,2.665150008397177,1,1
B_full1280,ios-nmm@0.5-drop,ios,nmm,0.5,True,0.15,1,4080,2379,2392,0.6316767301439852,0.630407911001236,0.6310416827778208,66,6472.0,6459.0,11.56060606060606,14.282326438113943,0.12583648848278733,-0.19696969696969696,-0.0020086526576019777,-0.06260912408933694,0.5100969278018719,1.0504972470832477,-5.148760350345161,25.545149696758017,2.5478499883320183,1,1
B_full1280,ios-nmm@0.5-drop,ios,nmm,0.5,True,0.16,1,4030,2265,2442,0.6401906274821286,0.6226823238566132,0.6313151092660766,66,6472.0,6295.0,11.409090909090908,14.10405056798374,0.12337934720265083,-2.6818181818181817,-0.02734857849196539,-0.03624713586636741,0.513593454815739,1.0265772467005658,-5.287999100697962,25.369299540063366,2.4097500136122108,1,1
B_full1280,ios-nmm@0.5-drop,ios,nmm,0.5,True,0.17,1,3994,2172,2478,0.6477457022380798,0.6171199011124846,0.6320620351321411,66,6472.0,6166.0,11.727272727272727,14.49764871218151,0.126544265069622,-4.636363636363637,-0.047280593325092705,-0.09489072044620683,0.5063030749961233,1.0039894571181196,-5.027572219219258,25.24309948203154,2.3340499901678413,1,1
B_full1280,ios-nmm@0.5-drop,ios,nmm,0.5,True,0.18,1,3954,2081,2518,0.6551781275890638,0.6109394313967862,0.6322859198848645,66,6472.0,6035.0,11.954545454545455,15.036823487893333,0.1284436022055821,-6.621212121212121,-0.06752163164400495,-0.1778441624292637,0.5080499024373881,0.9901722546172944,-5.657497452774727,25.11430030479096,2.2489499824587256,1,1
B_full1280,ios-nmm@0.5-drop,ios,nmm,0.5,True,0.19,1,3913,1983,2559,0.6636702849389416,0.6046044499381953,0.6327619663648124,66,6472.0,5896.0,12.636363636363637,15.836283616678466,0.13504321136526767,-8.727272727272727,-0.08899876390605686,-0.30641805109757914,0.5162885930483978,0.9852332684368885,-7.279238080659775,25.072499408386648,2.214550011558458,1,1
B_full1280,ios-nmm@0.5-drop,ios,nmm,0.5,True,0.2,1,3877,1902,2595,0.6708773144142586,0.5990420271940667,0.6329279242510815,66,6472.0,5779.0,13.590909090909092,16.6728776305966,0.14481112046697883,-10.5,-0.10707663782447466,-0.4480940057689271,0.5175781882720074,0.9676394755346781,-7.326707358491503,24.98815023060888,2.2376500128302723,1,1
B_full1280,ios-nmm@0.5-drop,ios,nmm,0.5,True,0.21,1,3834,1822,2638,0.6778642149929278,0.592398022249691,0.6322559366754618,66,6472.0,5656.0,14.787878787878787,17.700368083828945,0.15726186120600744,-12.363636363636363,-0.1260815822002472,-0.6320754265705497,0.5282264565610197,0.9667282146461866,-9.100984927123074,25.122000032104552,2.1787500008940697,1,1
B_full1280,ios-nmm@0.5-drop,ios,nmm,0.5,True,0.22,1,3781,1747,2691,0.683972503617945,0.5842088998763906,0.6301666666666668,66,6472.0,5528.0,16.21212121212121,18.964879822099235,0.17183146066742286,-14.303030303030303,-0.14585908529048208,-0.8735954384336837,0.5315704494429574,0.9563694983520767,-10.024596868706704,25.070650008739904,2.105649997247383,1,1
B_full1280,ios-nmm@0.5-drop,ios,nmm,0.5,True,0.23,1,3732,1657,2740,0.6925218036741511,0.57663782447466,0.6292892673467667,66,6472.0,5389.0,18.075757575757574,20.58942064323915,0.1911189208247471,-16.40909090909091,-0.167336217552534,-1.2083295463786348,0.5344131468582989,0.9607440289690076,-12.559626598294226,24.956200101412833,1.962649985216558,1,1
B_full1280,ios-nmm@0.5-drop,ios,nmm,0.5,True,0.24,1,3684,1598,2788,0.6974630821658463,0.569221260815822,0.6268504338948443,66,6472.0,5282.0,19.545454545454547,21.82159064279729,0.2062028519398089,-18.03030303030303,-0.1838689740420272,-1.4805525924295986,0.5383550771929425,0.9569148198286542,-13.805344150470491,24.932100053178146,1.9326000183355063,1,1
B_full1280,ios-nmm@0.5-drop,ios,nmm,0.5,True,0.25,1,3641,1532,2831,0.7038468973516335,0.5625772558714462,0.625332760841563,66,6472.0,5173.0,20.893939393939394,23.097618924902193,0.2201126841982351,-19.681818181818183,-0.20071075401730532,-1.7791376267035317,0.5501309292891069,0.9639872566981263,-16.150386747731453,25.15435012592934,1.9733499793801457,1,1
B_full1280,ios-nmm@0.5-drop,ios,nmm,0.5,True,0.26,1,3596,1470,2876,0.7098302408211606,0.5556242274412856,0.6233315999306639,66,6472.0,5066.0,22.393939393939394,24.363410220569648,0.23541784408752123,-21.303030303030305,-0.21724351050679852,-2.0920875767157296,0.555222503061575,0.9517916680618604,-16.5756920560055,24.86230030679144,1.9083500083070248,1,1
B_full1280,ios-nmm@0.5-drop,ios,nmm,0.5,True,0.27,1,3552,1396,2920,0.7178658043654002,0.5488257107540173,0.6220665499124343,66,6472.0,4948.0,23.96969696969697,25.86972021963949,0.25133029180430627,-23.09090909090909,-0.23547589616810877,-2.4862545503250404,0.5587819417672562,0.9454104500815591,-17.7378247413311,24.80820040497929,1.9055000157095492,1,1
B_full1280,ios-nmm@0.5-drop,ios,nmm,0.5,True,0.28,1,3507,1347,2965,0.7224969097651421,0.5418726823238567,0.6192830655129791,66,6472.0,4854.0,25.151515151515152,27.014586407862673,0.263366383994782,-24.515151515151516,-0.25,-2.8016512716992503,0.5755033418351311,0.9520954216913579,-19.81759953312831,24.955100395251065,1.8700000073295087,1,1
B_full1280,ios-nmm@0.5-drop,ios,nmm,0.5,True,0.29,1,3460,1288,3012,0.7287278854254423,0.534610630407911,0.6167557932263814,66,6472.0,4748.0,26.545454545454547,28.386403061816036,0.2777382009378742,-26.12121212121212,-0.26637824474660077,-3.197554663694505,0.591071517203871,0.9631788415267089,-22.5105070054676,24.810500061372295,1.862550008809194,1,1
B_full1280,ios-nmm@0.5-drop,ios,nmm,0.5,True,0.3,1,3430,1244,3042,0.733846812152332,0.5299752781211372,0.6154674322626951,66,6472.0,4674.0,27.636363636363637,29.46903870885921,0.2886352253636746,-27.242424242424242,-0.2778121137206428,-3.5238434640350915,0.5775212114818498,0.9461686382748707,-21.963688286590376,24.712300015380606,1.793250034097582,1,1
B_full1280,ios-nmm@0.5-drop,ios,nmm,0.5,True,0.31,1,3378,1181,3094,0.7409519631498136,0.5219406674907293,0.6124558063638837,66,6472.0,4559.0,29.28787878787879,30.954267341784504,0.305215838840033,-28.984848484848484,-0.29558096415327567,-3.9913346503963147,0.5841162221944332,0.9250924415573235,-21.639367905439368,24.705300031462684,1.7806999967433512,1,1
B_full1280,ios-nmm@0.5-drop,ios,nmm,0.5,True,0.32,1,3344,1124,3128,0.7484333034914951,0.5166872682323856,0.6113345521023765,66,6472.0,4468.0,30.575757575757574,32.23117256397112,0.31807076170016113,-30.363636363636363,-0.3096415327564895,-4.4116268279032385,0.5758583678740641,0.9020860938239953,-20.762139382256038,24.542499573435634,1.6724000161048025,1,1
B_full1280,ios-nmm@0.5-drop,ios,nmm,0.5,True,0.33,1,3305,1064,3167,0.7564660105287251,0.5106613102595797,0.6097223503366849,66,6472.0,4369.0,31.984848484848484,33.60758392044416,0.33260366446110723,-31.863636363636363,-0.324938195302843,-4.883695844554678,0.5820156423531639,0.9027964468000631,-22.331797025606214,24.486200011568144,1.578349998453632,1,1
B_full1280,ios-nmm@0.5-drop,ios,nmm,0.5,True,0.34,1,3258,1020,3214,0.761570827489481,0.5033992583436341,0.6061395348837209,66,6472.0,4278.0,33.36363636363637,34.936305679700226,0.3466248069312159,-33.24242424242424,-0.3389987639060569,-5.358132704459678,0.5704881195970801,0.8838154325977874,-21.849295148073953,24.468450292712077,1.6882500203792006,1,1
B_full1280,ios-nmm@0.5-drop,ios,nmm,0.5,True,0.35,1,3224,980,3248,0.7668886774500476,0.49814585908529047,0.6039715249156987,66,6472.0,4204.0,34.45454545454545,36.019775713130734,0.35769921450267556,-34.36363636363637,-0.3504326328800989,-5.758613926745149,0.562422243960913,0.8713041315277136,-21.743641503747916,24.36154956347309,1.5465999895241112,1,1
B_full1280,ios-nmm@0.5-drop,ios,nmm,0.5,True,0.36,1,3188,946,3284,0.7711659409772618,0.4925834363411619,0.6011691495379974,66,6472.0,4134.0,35.515151515151516,37.03274554261731,0.36874656677692114,-35.42424242424242,-0.36124845488257107,-6.144098808424738,0.5620354810574724,0.8703761283131869,-22.713247006711335,24.336449914146215,1.554100017528981,1,1
B_full1280,ios-nmm@0.5-drop,ios,nmm,0.5,True,0.37,1,3125,898,3347,0.7767834949043003,0.482849196538937,0.5955216769890425,66,6472.0,4023.0,37.166666666666664,38.61366534680632,0.3858959271722875,-37.10606060606061,-0.37839925834363414,-6.76707836843641,0.5694209043646364,0.8750902889725475,-24.857338639853474,24.350249376613647,1.4584000164177269,1,1
B_full1280,ios-nmm@0.5-drop,ios,nmm,0.5,True,0.38,1,3081,859,3391,0.781979695431472,0.4760506798516687,0.5918171340760661,66,6472.0,3940.0,38.39393939393939,39.828039460570075,0.3984358503569316,-38.36363636363637,-0.3912237330037083,-7.263299386274163,0.5644569257254041,0.865858092044525,-25.209599571396488,24.34300074726343,1.5036999830044806,1,1
B_full1280,ios-nmm@0.5-drop,ios,nmm,0.5,True,0.39,1,3031,812,3441,0.7887067395264117,0.46832509270704575,0.5876878332525448,66,6472.0,3843.0,39.833333333333336,41.25915876285145,0.4131765503917752,-39.833333333333336,-0.4062113720642769,-7.8678097689080655,0.5582856956468129,0.85771892983052,-25.88116536156252,24.40565006318502,1.4212499954737723,1,1
B_full1280,ios-nmm@0.5-drop,ios,nmm,0.5,True,0.4,1,2976,778,3496,0.7927543953116676,0.45982694684796044,0.5820457656952867,66,6472.0,3754.0,41.18181818181818,42.53910856583337,0.42716045752001924,-41.18181818181818,-0.4199629171817058,-8.426541848639806,0.5620501201717081,0.8562503886611402,-27.085644172953046,24.31704972521402,1.4505499857477844,1,1
B_full1280,ios-nmm@0.5-drop,ios,nmm,0.5,True,0.41,1,2924,736,3548,0.7989071038251366,0.45179233621755255,0.5771812080536913,66,6472.0,3660.0,42.60606060606061,43.99173476089261,0.44172162311111646,-42.60606060606061,-0.43448702101359704,-9.081329436357635,0.5415059403852436,0.8418615553142537,-27.09890887869472,24.282149570062757,1.3728499761782587,1,1
B_full1280,ios-nmm@0.5-drop,ios,nmm,0.5,True,0.42,1,2879,709,3593,0.802396878483835,0.44483930778739184,0.572365805168986,66,6472.0,3588.0,43.696969696969695,45.044758885249934,0.4528521225755518,-43.696969696969695,-0.44561186650185414,-9.56973657145864,0.5382802351028786,0.8329713801895232,-27.318042008887826,24.15149936499074,1.2688499700743705,1,1
B_full1280,ios-nmm@0.5-drop,ios,nmm,0.5,True,0.43,1,2814,674,3658,0.8067660550458715,0.434796044499382,0.5650602409638554,66,6472.0,3488.0,45.21212121212121,46.44155662570089,0.46798177147489806,-45.21212121212121,-0.4610630407911001,-10.235416238142845,0.5404211769369257,0.802825626282582,-25.877082625770786,24.13839973206632,1.2693500029854476,1,1
B_full1280,ios-nmm@0.5-drop,ios,nmm,0.5,True,0.44,1,2768,646,3704,0.8107791446983011,0.4276885043263288,0.559983815496662,66,6472.0,3414.0,46.333333333333336,47.55188553760848,0.4796533389611893,-46.333333333333336,-0.47249690976514214,-10.779073049160253,0.5349002931426734,0.7994699857929407,-26.669238606847177,24.19154968461953,1.3217500236351043,1,1
B_full1280,ios-nmm@0.5-drop,ios,nmm,0.5,True,0.45,1,2715,619,3757,0.8143371325734853,0.41949938195302844,0.5537426065674077,66,6472.0,3334.0,47.54545454545455,48.746406238943614,0.4917915043521115,-47.54545454545455,-0.48485784919653896,-11.378295248527872,0.5234146653103915,0.7800417123094366,-25.97621154646478,24.15210017003119,1.206350018037483,1,1
B_full1280,ios-nmm@0.5-drop,ios,nmm,0.5,True,0.46,1,2649,588,3823,0.8183503243744208,0.4093016069221261,0.5456792666598003,66,6472.0,3237.0,49.015151515151516,50.21001348879977,0.5067814782287406,-49.015151515151516,-0.49984548825710756,-12.132769037220582,0.510598164632554,0.7664565106122432,-26.11373540427939,24.070050260750577,1.1851000017486513,1,1
B_full1280,ios-nmm@0.5-drop,ios,nmm,0.5,True,0.47,1,2587,562,3885,0.821530644649095,0.3997218788627936,0.5377819353497557,66,6472.0,3149.0,50.34848484848485,51.48065244106349,0.5202509362414695,-50.34848484848485,-0.513442521631644,-12.805867946099276,0.5111992386175084,0.7502236296406142,-25.855262591425102,24.103899351786822,1.1523500143084675,1,1
B_full1280,ios-nmm@0.5-drop,ios,nmm,0.5,True,0.48,1,2541,532,3931,0.826879271070615,0.39261433868974044,0.532425353588266,66,6472.0,3073.0,51.5,52.58802144975603,0.532255671720891,-51.5,-0.5251854140914709,-13.406195138985224,0.515248010403756,0.7480614778212018,-26.794755825133624,24.04504964640364,1.1934000067412853,1,1
B_full1280,ios-nmm@0.5-drop,ios,nmm,0.5,True,0.49,1,2494,504,3978,0.8318879252835224,0.3853522867737948,0.5267159450897572,66,6472.0,2998.0,52.63636363636363,53.69950059019509,0.5436863746960316,-52.63636363636363,-0.5367737948084055,-14.021597600585503,0.5066654489870288,0.7267150121262277,-25.837872098196176,24.01590002537705,1.1618999997153878,1,1
B_full1280,ios-nmm@0.5-drop,ios,nmm,0.5,True,0.5,1,2438,481,4034,0.8352175402535115,0.37669962917181704,0.5192205302949632,66,6472.0,2919.0,53.833333333333336,54.88348540040956,0.555908352637163,-53.833333333333336,-0.5489802224969098,-14.69130260080076,0.5001913320545299,0.718095105978924,-26.189568574175716,23.8699492351152,1.0577000211924314,1,1
B_full1280,ios-nmm@0.5-drop,ios,nmm,0.5,True,0.51,1,2394,455,4078,0.8402948402948403,0.3699011124845488,0.5136787898294174,66,6472.0,2849.0,54.89393939393939,55.91321738898486,0.5667312814674151,-54.89393939393939,-0.5597960444993819,-15.285631257444354,0.49965597331031186,0.709353220027649,-26.392940000287055,23.85004959302023,1.0832000116351992,1,1
B_full1280,ios-nmm@0.5-drop,ios,nmm,0.5,True,0.52,1,2362,434,4110,0.8447782546494993,0.36495673671199014,0.5097108329736729,66,6472.0,2796.0,55.696969696969695,56.69963390400757,0.5749222172972123,-55.696969696969695,-0.5679851668726823,-15.746966051346323,0.49719518962689646,0.7018717920507437,-26.462336941703253,23.863249947316945,1.0424000211060047,1,1
B_full1280,ios-nmm@0.5-drop,ios,nmm,0.5,True,0.53,1,2312,418,4160,0.8468864468864469,0.3572311495673671,0.5024994566398608,66,6472.0,2730.0,56.696969696969695,57.6751613992041,0.5850531750547374,-56.696969696969695,-0.5781829419035847,-16.328192641986885,0.4947647806517935,0.6906640006505591,-26.363294124400298,24.02895005303435,1.0863000061362982,1,1
B_full1280,ios-nmm@0.5-drop,ios,nmm,0.5,True,0.54,1,2257,392,4215,0.8520196300490751,0.3487330037082818,0.49490187479443043,66,6472.0,2649.0,57.92424242424242,58.89603063231362,0.59756363646616,-57.92424242424242,-0.590698393077874,-17.069564364676562,0.48503571290977454,0.6775547593649398,-26.305066706210482,23.86809969553724,0.9802499844226986,1,1
B_full1280,ios-nmm@0.5-drop,ios,nmm,0.5,True,0.55,1,2210,370,4262,0.8565891472868217,0.3414709517923362,0.4882898806893504,66,6472.0,2580.0,58.96969696969697,59.89612219956693,0.6081124740359503,-58.96969696969697,-0.6013597033374537,-17.68843966304873,0.4887126719706657,0.6632831223003001,-25.951035871629443,23.867150311823934,1.0892499994952232,1,1
B_full1280,ios-nmm@0.5-drop,ios,nmm,0.5,True,0.56,1,2165,349,4307,0.8611774065234685,0.3345179233621755,0.4818606721566881,66,6472.0,2514.0,59.96969696969697,60.876925020897694,0.6181933492047836,-59.96969696969697,-0.611557478368356,-18.3054996149265,0.4852863799049486,0.6507335530564313,-25.72041750577613,23.701149705564603,0.9398999973200262,1,1
B_full1280,ios-nmm@0.5-drop,ios,nmm,0.5,True,0.57,1,2114,317,4358,0.869600987248046,0.32663782447466005,0.4748961024373806,66,6472.0,2431.0,61.22727272727273,62.118045004261965,0.630938859007999,-61.22727272727273,-0.6243819530284301,-19.100700307580446,0.47840620036064163,0.6342399701508247,-25.36062252751724,23.73515004129149,0.8498500101268291,1,1
B_full1280,ios-nmm@0.5-drop,ios,nmm,0.5,True,0.58,1,2063,298,4409,0.8737822956374418,0.3187577255871446,0.4671119664893014,66,6472.0,2361.0,62.28787878787879,63.1341765007214,0.641548760863177,-62.28787878787879,-0.6351977750309024,-19.763696418577286,0.48215969661012603,0.6122381619796128,-24.263717944425082,23.647550282999873,0.8793000015430152,1,1
B_full1280,ios-nmm@0.5-drop,ios,nmm,0.5,True,0.59,1,2008,276,4464,0.8791593695271454,0.31025957972805934,0.45865692096847877,66,6472.0,2284.0,63.45454545454545,64.24809866305914,0.6533507425419103,-63.45454545454545,-0.6470951792336218,-20.502858154230307,0.49397518420198516,0.5979258649803159,-24.026912093221295,23.683749394724146,0.8203999896068126,1,1
B_full1280,ios-nmm@0.5-drop,ios,nmm,0.5,True,0.6,1,1961,259,4511,0.8833333333333333,0.3029975278121137,0.4512195121951219,66,6472.0,2220.0,64.42424242424242,65.20573501455128,0.6633822477882875,-64.42424242424242,-0.6569839307787392,-21.14864793758461,0.4935068406079077,0.5958641671171151,-24.79443772093894,23.665099369129166,0.8064999710768461,1,1
B_full1280,ios-nmm@0.5-drop,ios,nmm,0.5,True,0.61,1,1895,242,4577,0.886757136172204,0.2927997527812114,0.44023696131954937,66,6472.0,2137.0,65.68181818181819,66.43577440816146,0.6763328702647906,-65.68181818181819,-0.6698084054388134,-21.99215263261118,0.49809704255287335,0.5901048069609809,-25.48724713108288,23.539350024657324,0.74970000423491,1,1
B_full1280,ios-nmm@0.5-drop,ios,nmm,0.5,True,0.62,1,1830,228,4642,0.8892128279883382,0.2827564894932015,0.429073856975381,66,6472.0,2058.0,66.87878787878788,67.63785026062543,0.6884531361901138,-66.87878787878788,-0.6820148331273177,-22.83171092221515,0.48413755614724596,0.5722503121247927,-24.93339424350999,23.56819953978993,0.739050010452047,1,1
B_full1280,ios-nmm@0.5-drop,ios,nmm,0.5,True,0.63,1,1772,211,4700,0.8935955622793746,0.2737948084054388,0.41916026020106445,66,6472.0,1983.0,68.01515151515152,68.76475048373919,0.699672851459763,-68.01515151515152,-0.6936032138442522,-23.632436582460738,0.4767150800122617,0.5485360031762585,-23.744318372071913,23.621449440717697,0.747050013160333,1,1
B_full1280,ios-nmm@0.5-drop,ios,nmm,0.5,True,0.64,1,1721,190,4751,0.9005756148613292,0.26591470951792334,0.4105928665155672,66,6472.0,1911.0,69.10606060606061,69.83324293043978,0.7107819935819747,-69.10606060606061,-0.7047280593325093,-24.403879914470632,0.48130473829522646,0.5418558150881845,-24.180164170465616,23.544349340256304,0.7208499882835895,1,1
B_full1280,ios-nmm@0.5-drop,ios,nmm,0.5,True,0.65,1,1667,163,4805,0.9109289617486339,0.2575710754017305,0.4015899783184775,66,6472.0,1830.0,70.33333333333333,71.05418333706307,0.7233178088262501,-70.33333333333333,-0.7172435105067985,-25.299950729726238,0.47578861939360106,0.5322983386829053,-24.470224969026727,23.453050306532532,0.6917999999132007,1,1
B_full1280,ios-nmm@0.5-drop,ios,nmm,0.5,True,0.66,1,1599,152,4873,0.9131924614505996,0.24706427688504326,0.3889091572418825,66,6472.0,1751.0,71.53030303030303,72.25889900108142,0.7353123148144571,-71.53030303030303,-0.7294499381953028,-26.19933652553683,0.4601369525853204,0.512154928701609,-23.691919675103243,23.51780014229007,0.6521999894175678,1,1
B_full1280,ios-nmm@0.5-drop,ios,nmm,0.5,True,0.67,1,1539,138,4933,0.9177101967799642,0.23779357231149567,0.37771505706221625,66,6472.0,1677.0,72.65151515151516,73.35767502346626,0.747118868140393,-72.65151515151516,-0.7408838071693449,-27.032817350789998,0.46749246475938633,0.5138506871528958,-24.979418897780945,23.387150323949754,0.6616500031668693,1,1
B_full1280,ios-nmm@0.5-drop,ios,nmm,0.5,True,0.68,1,1475,120,4997,0.9247648902821317,0.22790482076637825,0.3656873682905665,66,6472.0,1595.0,73.89393939393939,74.58359150116144,0.7596073393047417,-73.89393939393939,-0.7535537700865266,-27.977586808960492,0.46826509997401733,0.49632625531568864,-24.50338673338088,23.432600162923336,0.6553000130224973,1,1
B_full1280,ios-nmm@0.5-drop,ios,nmm,0.5,True,0.69,1,1384,108,5088,0.9276139410187667,0.2138442521631644,0.34756403817177295,66,6472.0,1492.0,75.45454545454545,76.16330143086292,0.7752296881464719,-75.45454545454545,-0.76946847960445,-29.218099889500646,0.44176322926485734,0.4679312703598645,-23.27956336013703,23.37170002865605,0.5746500100940466,1,1
B_full1280,ios-nmm@0.5-drop,ios,nmm,0.5,True,0.7,1,1320,93,5152,0.9341825902335457,0.20395550061804696,0.3348129359543437,66,6472.0,1413.0,76.65151515151516,77.35151954394675,0.7871084008496406,-76.65151515151516,-0.7816749072929543,-30.16831538715433,0.4384771018461494,0.44313110197989974,-22.0446135153623,23.31389999599196,0.5590000073425472,1,1
B_full1280,ios-nmm@0.5-drop,ios,nmm,0.5,True,0.71,1,1259,82,5213,0.9388516032811335,0.19453028430160693,0.3222833738640727,66,6472.0,1341.0,77.74242424242425,78.42879418667457,0.7982585743282345,-77.74242424242425,-0.7927997527812114,-31.042523116368734,0.4417827708039981,0.4331359333368414,-22.155390311455122,23.324400311801583,0.5638999864459038,1,1
B_full1280,ios-nmm@0.5-drop,ios,nmm,0.5,True,0.72,1,1195,68,5277,0.946159936658749,0.1846415327564895,0.30898513251454435,66,6472.0,1263.0,78.92424242424242,79.61564868260206,0.809981888840247,-78.92424242424242,-0.8048516687268232,-32.01965309900455,0.4304822249477298,0.40509492898862015,-20.587490612338637,23.260100346058607,0.4936999757774174,1,1
B_full1280,ios-nmm@0.5-drop,ios,nmm,0.5,True,0.73,1,1134,64,5338,0.9465776293823038,0.17521631644004945,0.2956975228161669,66,6472.0,1198.0,79.9090909090909,80.59663877494012,0.8198742618548406,-79.9090909090909,-0.8148949320148331,-32.83837436797719,0.42906878864012143,0.3879627459328107,-19.892346843593206,23.231749970000237,0.45140000293031335,1,1
B_full1280,ios-nmm@0.5-drop,ios,nmm,0.5,True,0.74,1,1051,58,5421,0.9477006311992786,0.1623918417799753,0.2772721276876402,66,6472.0,1109.0,81.25757575757575,81.96516259233479,0.8332428522083904,-81.25757575757575,-0.828646477132262,-33.997275784377976,0.4031785931346962,0.3591061511305854,-18.411136516926515,23.176300319144502,0.4184500139672309,1,1
B_full1280,ios-nmm@0.5-drop,ios,nmm,0.5,True,0.75,1,977,51,5495,0.9503891050583657,0.15095797280593326,0.26053333333333334,66,6472.0,1028.0,82.48484848484848,83.22040833615492,0.8453534521377474,-82.48484848484848,-0.8411619283065513,-35.077406948543654,0.36877294781340586,0.33178985032360536,-16.959756231732946,23.187949520070106,0.42234998545609415,1,1
B_full1280,ios-nmm@0.5-drop,ios,nmm,0.5,True,0.76,1,896,44,5576,0.9531914893617022,0.138442521631644,0.2417701025364274,66,6472.0,940.0,83.81818181818181,84.56304802281603,0.8586107997787222,-83.81818181818181,-0.8547589616810878,-36.25091006500806,0.3528995284361628,0.30592774012083185,-15.75703536457612,23.232900249538943,0.36639999598264694,1,1
B_full1280,ios-nmm@0.5-drop,ios,nmm,0.5,True,0.77,1,814,29,5658,0.9655990510083037,0.1257725587144623,0.22255639097744365,66,6472.0,843.0,85.28787878787878,86.04165657788481,0.8734193128829991,-85.28787878787878,-0.8697466007416563,-37.564984142625484,0.33407288579464056,0.28634400218128603,-15.306339122989145,23.14260032447055,0.3169999981764704,1,1
B_full1280,ios-nmm@0.5-drop,ios,nmm,0.5,True,0.78,1,728,23,5744,0.9693741677762983,0.11248454882571075,0.2015782915686003,66,6472.0,751.0,86.68181818181819,87.47423863196767,0.8869589520289262,-86.68181818181819,-0.8839616810877626,-38.85987868988907,0.2882955115184277,0.2427422016637089,-12.424659532841282,23.110949192661792,0.2856000210158527,1,1
B_full1280,ios-nmm@0.5-drop,ios,nmm,0.5,True,0.79,1,639,14,5833,0.9785604900459418,0.09873300370828184,0.1793684210526316,66,6472.0,653.0,88.16666666666667,88.96245377583838,0.9018752836312744,-88.16666666666667,-0.8991038318912238,-40.227702809362306,0.27856555992765175,0.2187432731725752,-11.556158545044045,23.087249241536483,0.21860000560991466,1,1
B_full1280,ios-nmm@0.5-drop,ios,nmm,0.5,True,0.8,1,558,8,5914,0.9858657243816255,0.08621755253399259,0.15856777493606136,66,6472.0,566.0,89.48484848484848,90.30789085963171,0.9147796727952844,-89.48484848484848,-0.9125463535228677,-41.48415936780977,0.24528098680553234,0.18237894102396074,-9.308431913743549,23.084149247035384,0.20984999719075859,1,1
B_full1280,ios-nmm@0.5-drop,ios,nmm,0.5,True,0.81,1,476,5,5996,0.9896049896049897,0.07354758961681088,0.13691931540342298,66,6472.0,481.0,90.77272727272727,91.56277859612182,0.9280357190665147,-90.77272727272727,-0.9256798516687268,-42.67305346542231,0.3036405473141661,0.17552415439294727,-9.924126170169014,23.002999185584486,0.17600000137463212,1,1
B_full1280,ios-nmm@0.5-drop,ios,nmm,0.5,True,0.82,1,403,3,6069,0.9926108374384236,0.06226823238566131,0.11718522826403024,66,6472.0,406.0,91.9090909090909,92.70791538891152,0.93943648366426,-91.9090909090909,-0.9372682323856613,-43.77228523183338,0.29802222210956797,0.15749266925295746,-9.29231144553244,22.982849206775427,0.14045002171769738,1,1
B_full1280,ios-nmm@0.5-drop,ios,nmm,0.5,True,0.83,1,326,2,6146,0.9939024390243902,0.050370828182941904,0.09588235294117649,66,6472.0,328.0,93.0909090909091,93.9095309327014,0.9511208708052434,-93.0909090909091,-0.9493201483312732,-44.940421236923044,0.2910703217072942,0.13055665842306424,-7.8327680805162405,22.938299187691882,0.11240001185797155,1,1
B_full1280,ios-nmm@0.5-drop,ios,nmm,0.5,True,0.84,1,255,1,6217,0.99609375,0.03940049443757725,0.0758026159334126,66,6472.0,256.0,94.18181818181819,95.04002346699026,0.9618278154455875,-94.18181818181819,-0.9604449938195303,-46.053149709879406,0.20930309580787498,0.10177659996842882,-6.101487196904111,22.937349209561944,0.0889000075403601,1,1
B_full1280,ios-nmm@0.5-drop,ios,nmm,0.5,True,0.85,1,169,1,6303,0.9941176470588236,0.026112484548825712,0.05088828666064439,66,6472.0,170.0,95.48484848484848,96.38920472687171,0.9745461536946833,-95.48484848484848,-0.9737330037082819,-47.39855824655228,0.13102904109054447,0.06335535347833783,-3.6369067835121607,22.906349206343293,0.049600028432905674,1,1
B_full1280,ios-nmm@0.5-drop,ios,nmm,0.5,True,0.86,1,122,0,6350,1.0,0.0188504326328801,0.0370033363663937,66,6472.0,122.0,96.21212121212122,97.13439611739453,0.9817026030931281,-96.21212121212122,-0.9811495673671199,-48.14979598279845,0.10899321712082388,0.04472114460107822,-2.5368976948208837,22.885249191196635,0.03165000816807151,1,1
B_full1280,ios-nmm@0.5-drop,ios,nmm,0.5,True,0.87,1,80,0,6392,1.0,0.012360939431396786,0.02442002442002442,66,6472.0,80.0,96.84848484848484,97.79384624625602,0.9879172375529626,-96.84848484848484,-0.9876390605686032,-48.81942205490526,0.06371285141289973,0.026058234593472427,-1.3431650649841456,22.85944928228855,0.022650026949122548,1,1
B_full1280,ios-nmm@0.5-drop,ios,nmm,0.5,True,0.88,1,32,0,6440,1.0,0.004944375772558714,0.00984009840098401,66,6472.0,32.0,97.57575757575758,98.52872216216493,0.9952721346284051,-97.57575757575758,-0.9950556242274413,-49.570975503585245,0.06895009030973942,0.014843267910701225,-0.9706913623948233,22.85569922463037,0.0161500065587461,1,1
B_full1280,ios-nmm@0.5-drop,ios,nmm,0.5,True,0.89,1,9,0,6463,1.0,0.0013906056860321385,0.002777349174510106,66,6472.0,9.0,97.92424242424242,98.88767732772737,0.9987228260307659,-97.92424242424242,-0.9986093943139679,-49.94012226681527,0.05490920041431957,0.006507981305997095,-0.5018129547335336,22.83209924865514,0.016499980119988322,1,1
B_full1280,ios-nmm@0.5-drop,ios,nmm,0.5,True,0.9,1,2,0,6470,1.0,0.00030902348578491963,0.0006178560395427864,66,6472.0,2.0,98.03030303030303,99.00122435728976,0.9997229769729351,-98.03030303030303,-0.9996909765142151,-50.057172651649594,0.021302554460395418,0.0018057794509473751,-0.14677279706865778,22.824649250134826,0.016000005416572094,1,1
C_tile640,ios-nmm@0.5-drop,ios,nmm,0.5,True,0.01,24,4977,7015,1495,0.4150266844563042,0.7690049443757726,0.5391031195840555,66,6472.0,11992.0,83.63636363636364,85.93320168313963,0.8714430057242067,83.63636363636364,0.8529048207663782,-37.467823641121065,0.3616693858857132,1.0708343896943804,76.69030045299948,75.22879956825636,19.62004997767508,6,1
C_tile640,ios-nmm@0.5-drop,ios,nmm,0.5,True,0.02,24,4931,5576,1541,0.4693061768344913,0.7618974042027195,0.5808351493020791,66,6472.0,10507.0,61.13636363636363,63.99562011528128,0.6342116799265232,61.13636363636363,0.6234548825710754,-20.334188786468374,0.4291636792286788,1.1740723555496024,44.066722952772295,69.61175075615756,13.786099996650591,6,1
C_tile640,ios-nmm@0.5-drop,ios,nmm,0.5,True,0.03,24,4849,4830,1623,0.5009815063539622,0.7492274412855378,0.6004581759643366,66,6472.0,9679.0,48.59090909090909,51.72435684384187,0.504086702844465,48.59090909090909,0.4955191594561187,-12.936888606129605,0.4448530641212146,1.1387269135282776,34.98726387340885,67.3108007137198,11.952899978496134,6,1
C_tile640,ios-nmm@0.5-drop,ios,nmm,0.5,True,0.04,24,4762,4295,1710,0.525781163740753,0.7357849196538937,0.6133041406400928,66,6472.0,9057.0,39.166666666666664,42.76238080510967,0.40554373431214213,39.166666666666664,0.39941285537700866,-8.525754480963975,0.4617167477895777,1.1399658456548878,25.44153101396305,64.98469980643131,9.410050028236583,6,1
C_tile640,ios-nmm@0.5-drop,ios,nmm,0.5,True,0.05,24,4696,3958,1776,0.5426392419690317,0.7255871446229913,0.620917625280973,66,6472.0,8654.0,33.09090909090909,36.9860743654919,0.3427224657790633,33.06060606060606,0.33714462299134734,-6.126103199697681,0.46891166565423115,1.1190044534587258,21.390957230532244,64.36930024647154,8.642499975394458,6,1
C_tile640,ios-nmm@0.5-drop,ios,nmm,0.5,True,0.06,24,4644,3660,1828,0.5592485549132948,0.7175525339925835,0.6285868976719005,66,6472.0,8304.0,28.181818181818183,32.060548776943726,0.2925303259241638,27.757575757575758,0.2830655129789864,-4.354482877383988,0.48808292571935896,1.1241515228341408,15.583202185112686,63.468450002372265,8.240400027716532,6,1
C_tile640,ios-nmm@0.5-drop,ios,nmm,0.5,True,0.07,24,4584,3431,1888,0.5719276356830942,0.7082818294190358,0.6328432387657901,66,6472.0,8015.0,24.196969696969695,28.315591593196977,0.2521365151292374,23.37878787878788,0.2384116192830655,-3.1766387149547235,0.47598366440303386,1.0951466388584603,14.048650807697621,63.46520032687113,7.824949978385121,6,1
C_tile640,ios-nmm@0.5-drop,ios,nmm,0.5,True,0.08,24,4527,3219,1945,0.5844306738962045,0.6994746600741656,0.6367984245322831,66,6472.0,7746.0,20.424242424242426,24.610295948376294,0.2134688596752932,19.303030303030305,0.1968479604449938,-2.1550722072604294,0.48681564683767853,1.0709396271723166,12.34664746879945,62.79274891875684,7.452949997968972,6,1
C_tile640,ios-nmm@0.5-drop,ios,nmm,0.5,True,0.09,24,4486,3048,1986,0.5954340323865145,0.6931396786155748,0.6405826074539483,66,6472.0,7534.0,18.0,22.039908705745034,0.188982806180778,16.09090909090909,0.16409147095179233,-1.5304351569712655,0.49061686448585773,1.0649291321256535,9.723919043678308,62.53389980783686,6.926750036654994,6,1
C_tile640,ios-nmm@0.5-drop,ios,nmm,0.5,True,0.1,24,4440,2888,2032,0.6058951965065502,0.6860321384425216,0.6434782608695652,66,6472.0,7328.0,15.727272727272727,19.86011687841344,0.16569749195775482,12.969696969696969,0.13226205191594562,-1.0546565192225819,0.4874881241002591,1.057232445671152,7.357448660853045,62.195400471566245,6.726449995767325,6,1
C_tile640,ios-nmm@0.5-drop,ios,nmm,0.5,True,0.11,24,4383,2770,2089,0.6127498951488886,0.6772249690976514,0.6433761467889907,66,6472.0,7153.0,14.075757575757576,18.01220125191238,0.14931486233603217,10.318181818181818,0.10522249690976514,-0.6900875862827731,0.4852882879543905,1.0341543451119581,6.968986036900048,62.00255001918413,6.484850018750876,6,1
C_tile640,ios-nmm@0.5-drop,ios,nmm,0.5,True,0.12,24,4341,2645,2131,0.6213856283996565,0.6707354758961681,0.645118145341061,66,6472.0,6986.0,12.93939393939394,16.675149356470726,0.13757837217268604,7.787878787878788,0.07941903584672436,-0.44848864631118723,0.4857453958609981,1.033769271613147,4.476443547268332,61.571100362809375,6.228350015589967,6,1
C_tile640,ios-nmm@0.5-drop,ios,nmm,0.5,True,0.13,24,4292,2536,2180,0.6285881663737551,0.6631644004944376,0.6454135338345866,66,6472.0,6828.0,12.0,15.695975164469278,0.12773095067614554,5.393939393939394,0.0550061804697157,-0.28337104342959374,0.49658675943641206,1.0552042324600217,-0.019421098200961794,61.3443994326517,5.798950005555525,6,1
C_tile640,ios-nmm@0.5-drop,ios,nmm,0.5,True,0.14,24,4239,2425,2233,0.6361044417767107,0.6549752781211372,0.6454019488428745,66,6472.0,6664.0,11.515151515151516,14.885420974085939,0.12289114827277763,2.909090909090909,0.029666254635352288,-0.1542446580021144,0.4939859228139398,1.0402820364408687,-1.0409899976561192,61.46949991234578,5.884800018975511,6,1
C_tile640,ios-nmm@0.5-drop,ios,nmm,0.5,True,0.15,24,4195,2319,2277,0.643997543751919,0.6481767614338689,0.646080394270753,66,6472.0,6514.0,11.393939393939394,14.195603245905103,0.12135040694552585,0.6363636363636364,0.0064894932014833125,-0.0497438424116603,0.5027042922421945,1.0286867797810102,-2.176679374889415,61.08815029403195,5.469750001793727,6,1
C_tile640,ios-nmm@0.5-drop,ios,nmm,0.5,True,0.16,24,4159,2219,2313,0.652085293195359,0.6426143386897404,0.6473151750972762,66,6472.0,6378.0,11.272727272727273,14.139992713555193,0.12086004218872239,-1.4242424242424243,-0.014524103831891224,-0.04153531913265174,0.5129201448334212,1.0410976268948724,-5.4543006252063195,60.88300105626695,5.39899998693727,6,1
C_tile640,ios-nmm@0.5-drop,ios,nmm,0.5,True,0.17,24,4115,2146,2357,0.657243251876697,0.6358158220024722,0.6463519987434226,66,6472.0,6261.0,11.378787878787879,14.270652232869917,0.12194420995784987,-3.196969696969697,-0.03260197775030902,-0.06087270570339287,0.5114692780024823,1.0267398864391943,-5.8190991671889,60.99234969704412,5.586900020716712,6,1
C_tile640,ios-nmm@0.5-drop,ios,nmm,0.5,True,0.18,24,4080,2054,2392,0.665145092924682,0.630407911001236,0.6473108043788671,66,6472.0,6134.0,11.848484848484848,14.702092203204112,0.1268787293790166,-5.121212121212121,-0.052224969097651425,-0.12598839517629656,0.5055331171083124,1.0057210919823394,-5.682225868328818,60.926099790260196,5.3783000039402395,6,1
C_tile640,ios-nmm@0.5-drop,ios,nmm,0.5,True,0.19,24,4042,1968,2430,0.6725457570715474,0.6245364647713226,0.6476526197724725,66,6472.0,6010.0,12.636363636363637,15.422337204473415,0.135131405860234,-7.0,-0.07138442521631644,-0.23901344647956724,0.5048035568170262,1.001420705952136,-7.139315286700419,60.54389993287623,5.1620999875012785,6,1
C_tile640,ios-nmm@0.5-drop,ios,nmm,0.5,True,0.2,24,3995,1910,2477,0.676545300592718,0.617274412855377,0.6455522339823867,66,6472.0,5905.0,13.166666666666666,15.969193827966128,0.14081374428630541,-8.590909090909092,-0.08760815822002473,-0.3284389933556884,0.5138323569873409,0.998844779503566,-8.477627468895179,60.35219966783188,4.792199993971735,6,1
C_tile640,ios-nmm@0.5-drop,ios,nmm,0.5,True,0.21,24,3942,1839,2530,0.68188894654904,0.6090852904820766,0.6434342609973068,66,6472.0,5781.0,14.136363636363637,16.982611427842624,0.1514103543697416,-10.469696969696969,-0.10676761433868974,-0.5023965443839062,0.5157084876691891,0.9958861713170473,-10.066292435817113,60.61964989406988,5.337149981642142,6,1
C_tile640,ios-nmm@0.5-drop,ios,nmm,0.5,True,0.22,24,3909,1772,2563,0.6880830839640908,0.6039864029666254,0.6432979511231793,66,6472.0,5681.0,14.984848484848484,17.915204309595396,0.16053566881742345,-11.984848484848484,-0.12221878862793573,-0.6719341213388121,0.5187274334459309,0.9977852294416195,-11.767666741608545,60.10424905619584,4.454350011656061,6,1
C_tile640,ios-nmm@0.5-drop,ios,nmm,0.5,True,0.23,24,3850,1718,2622,0.6914511494252874,0.5948702101359703,0.6395348837209303,66,6472.0,5568.0,16.393939393939394,19.15012461388366,0.17499048850836216,-13.696969696969697,-0.13967861557478367,-0.9103759369723177,0.5160385840660336,0.9974575582035007,-13.447656313531184,59.87024968024343,4.610649979440495,6,1
C_tile640,ios-nmm@0.5-drop,ios,nmm,0.5,True,0.24,24,3804,1653,2668,0.697086311159978,0.5877626699629172,0.6377734931679101,66,6472.0,5457.0,17.62121212121212,20.32799234374297,0.1876944139558942,-15.378787878787879,-0.1568294190358467,-1.1526063018115198,0.5154959861829114,0.9896221496189926,-14.361129580820018,60.05420010536909,4.693149996455759,6,1
C_tile640,ios-nmm@0.5-drop,ios,nmm,0.5,True,0.25,24,3757,1602,2715,0.7010636312744916,0.5805006180469716,0.6351111486772041,66,6472.0,5359.0,18.803030303030305,21.452201977814997,0.1995392520074419,-16.863636363636363,-0.17197156983930778,-1.397283438012734,0.5079543748258681,0.971937469804019,-14.111807645024445,59.741648765979335,4.460900032427162,6,1
C_tile640,ios-nmm@0.5-drop,ios,nmm,0.5,True,0.26,24,3718,1548,2754,0.7060387390808963,0.5744746600741656,0.6334980405520532,66,6472.0,5266.0,20.03030303030303,22.511949688729292,0.21221542212936934,-18.272727272727273,-0.18634116192830655,-1.6399873715026478,0.5112230749279817,0.9700934221792769,-15.340070126428518,59.46665056515485,4.237250017467886,6,1
C_tile640,ios-nmm@0.5-drop,ios,nmm,0.5,True,0.27,24,3666,1500,2806,0.7096399535423926,0.5664400494437577,0.6300051555250044,66,6472.0,5166.0,21.424242424242426,23.668800586682064,0.22644693226212687,-19.78787878787879,-0.20179233621755252,-1.9182878819044156,0.510406710725013,0.9559700742880922,-15.470277587765706,59.65264983987436,4.157649993430823,6,1
C_tile640,ios-nmm@0.5-drop,ios,nmm,0.5,True,0.28,24,3623,1433,2849,0.7165743670886076,0.5597960444993819,0.628556557945871,66,6472.0,5056.0,22.848484848484848,25.02665245959462,0.24085555009527068,-21.454545454545453,-0.21878862793572312,-2.2627301471889636,0.5140729541677006,0.9554701962678965,-17.08792591281557,59.500049501424655,3.9604000048711896,6,1
C_tile640,ios-nmm@0.5-drop,ios,nmm,0.5,True,0.29,24,3574,1378,2898,0.7217285945072698,0.5522249690976514,0.6257002801120448,66,6472.0,4952.0,24.333333333333332,26.311076132927884,0.25573885276006425,-23.03030303030303,-0.23485784919653893,-2.606225275172087,0.512407927540109,0.9393138516438573,-17.07938254301586,59.584601161303,4.074750002473593,6,1
C_tile640,ios-nmm@0.5-drop,ios,nmm,0.5,True,0.3,24,3529,1315,2943,0.7285301403798513,0.5452719406674907,0.6237186284906328,66,6472.0,4844.0,25.757575757575758,27.707891885296377,0.26964543131155344,-24.666666666666668,-0.2515451174289246,-2.9992872552630696,0.5049217965873023,0.9159941832375833,-16.429005362327885,59.37294982606545,3.958450019126758,6,1
C_tile640,ios-nmm@0.5-drop,ios,nmm,0.5,True,0.31,24,3496,1279,2976,0.7321465968586387,0.5401730531520396,0.621676891615542,66,6472.0,4775.0,26.651515151515152,28.548470213220735,0.2785186873374743,-25.71212121212121,-0.26220642768850433,-3.2456218817417755,0.5107539187524262,0.9102467818857601,-16.910866247949095,59.153151635080576,3.7401000154204667,6,1
C_tile640,ios-nmm@0.5-drop,ios,nmm,0.5,True,0.32,24,3447,1229,3025,0.7371685201026519,0.532601977750309,0.6184068891280947,66,6472.0,4676.0,28.09090909090909,29.829820345053736,0.29329923454597273,-27.21212121212121,-0.27750309023485786,-3.6352899531693224,0.5145528019576118,0.9024328991490116,-17.644632171097037,58.95534936641343,3.4494999854359776,6,1
C_tile640,ios-nmm@0.5-drop,ios,nmm,0.5,True,0.33,24,3403,1184,3069,0.7418792238936124,0.5258034610630408,0.615426349579528,66,6472.0,4587.0,29.37878787878788,31.006597538412546,0.30608832045306245,-28.560606060606062,-0.2912546353522868,-4.008225265605043,0.5100273788237448,0.8804430497821106,-16.836779063482147,59.01094848802313,3.739249979844317,6,1
C_tile640,ios-nmm@0.5-drop,ios,nmm,0.5,True,0.34,24,3364,1136,3108,0.7475555555555555,0.5197775030902348,0.6131972293109734,66,6472.0,4500.0,30.575757575757574,32.121926807372276,0.31854662216392504,-29.87878787878788,-0.3046971569839308,-4.375004185581509,0.5248985086532034,0.8866998961975787,-18.768511033192897,58.88670090190135,3.47140000667423,6,1
C_tile640,ios-nmm@0.5-drop,ios,nmm,0.5,True,0.35,24,3320,1096,3152,0.7518115942028986,0.5129789864029666,0.6098457016899338,66,6472.0,4416.0,31.727272727272727,33.31256929039357,0.3299147319183337,-31.151515151515152,-0.3176761433868974,-4.780852519241716,0.5170043335394621,0.8712371622235724,-18.52495324107518,58.78315120888874,3.5523499827831984,6,1
C_tile640,ios-nmm@0.5-drop,ios,nmm,0.5,True,0.36,24,3270,1054,3202,0.7562442183163737,0.5052533992583437,0.605779918488329,66,6472.0,4324.0,33.06060606060606,34.65807002967445,0.3431738350959734,-32.54545454545455,-0.3318912237330037,-5.257262581858015,0.5020962299258045,0.8504455850486247,-17.880057976283346,58.79624877078459,3.549299988662824,6,1
C_tile640,ios-nmm@0.5-drop,ios,nmm,0.5,True,0.37,24,3222,1010,3250,0.7613421550094518,0.4978368355995056,0.602017937219731,66,6472.0,4232.0,34.333333333333336,35.94693058081341,0.3560298223169949,-33.93939393939394,-0.34610630407911,-5.731304801220754,0.5012601042996268,0.8423614333344495,-18.48126055364484,58.69524846877903,3.2461999799124897,6,1
C_tile640,ios-nmm@0.5-drop,ios,nmm,0.5,True,0.38,24,3185,976,3287,0.7654409997596732,0.49211990111248455,0.5990783410138248,66,6472.0,4161.0,35.378787878787875,36.92149739239959,0.3663343845186775,-35.015151515151516,-0.3570766378244747,-6.1012408455353,0.4961105784151957,0.8192594151666341,-17.291620226643296,58.45065013412386,3.2291500247083604,6,1
C_tile640,ios-nmm@0.5-drop,ios,nmm,0.5,True,0.39,24,3143,941,3329,0.769588638589618,0.48563040791100126,0.5954907161803714,66,6472.0,4084.0,36.484848484848484,38.0195324601033,0.3776803433353235,-36.18181818181818,-0.3689740420271941,-6.5298994025381365,0.4964166302591949,0.8167863344351378,-18.215775097942643,58.76979946694337,3.2981500262394547,6,1
C_tile640,ios-nmm@0.5-drop,ios,nmm,0.5,True,0.4,24,3086,905,3386,0.7732397895264345,0.476823238566131,0.5898881773869826,66,6472.0,3991.0,37.833333333333336,39.332113489045454,0.39128625223222907,-37.59090909090909,-0.3833436341161928,-7.058796657275019,0.4950135149262972,0.803892351627115,-18.3604742383438,58.70580011419952,3.296300012152642,6,1
C_tile640,ios-nmm@0.5-drop,ios,nmm,0.5,True,0.41,24,3046,863,3426,0.7792274238935789,0.47064276885043266,0.5868413447644736,66,6472.0,3909.0,39.07575757575758,40.54271970665167,0.40402796345402026,-38.833333333333336,-0.3960135970333745,-7.562515845415712,0.4868294391718244,0.7938660900928483,-18.61971719819569,58.31914906296879,3.0457500251941383,6,1
C_tile640,ios-nmm@0.5-drop,ios,nmm,0.5,True,0.42,24,2992,828,3480,0.7832460732984293,0.4622991347342398,0.5814224640497473,66,6472.0,3820.0,40.39393939393939,41.82611914132415,0.41744392214216886,-40.18181818181818,-0.40976514215080345,-8.113197258085348,0.4821853452732645,0.7805583326556679,-18.6632352870831,58.264700152212754,3.046300000278279,6,1
C_tile640,ios-nmm@0.5-drop,ios,nmm,0.5,True,0.43,24,2945,799,3527,0.7865918803418803,0.4550370828182942,0.5765465935787001,66,6472.0,3744.0,41.515151515151516,42.932999245829826,0.42924743183962516,-41.333333333333336,-0.4215080346106304,-8.60192010562016,0.4856968149004406,0.7877886257420439,-20.52375736064409,58.50905067496933,3.116300009423867,6,1
C_tile640,ios-nmm@0.5-drop,ios,nmm,0.5,True,0.44,24,2891,765,3581,0.7907549234135668,0.44669344870210137,0.5708925750394945,66,6472.0,3656.0,42.84848484848485,44.26846473164582,0.4427715141737078,-42.666666666666664,-0.43510506798516685,-9.208561547182267,0.4687991567728488,0.770529679360539,-20.164667951839544,58.15529996389523,2.9765000217594206,6,1
C_tile640,ios-nmm@0.5-drop,ios,nmm,0.5,True,0.45,24,2851,732,3621,0.7957019257605359,0.44051297898640296,0.5670810542018896,66,6472.0,3583.0,43.92424242424242,45.33394607429036,0.4539433140576073,-43.77272727272727,-0.44638442521631644,-9.705887558538347,0.4674641731904208,0.7671692553491735,-20.94120334272502,58.08794919797219,2.885549998609349,6,1
C_tile640,ios-nmm@0.5-drop,ios,nmm,0.5,True,0.46,24,2813,689,3659,0.8032552826956025,0.4346415327564895,0.564066573090034,66,6472.0,3502.0,45.15151515151515,46.536398266694036,0.4662867009900625,-45.0,-0.4588998763906057,-10.281352397261912,0.4539591119192383,0.7449832815915736,-19.992906037282815,58.325999193126336,2.928250003606081,6,1
C_tile640,ios-nmm@0.5-drop,ios,nmm,0.5,True,0.47,24,2776,663,3696,0.8072113986624019,0.4289245982694685,0.5601856523055191,66,6472.0,3439.0,46.015151515151516,47.399494946804246,0.4752526032087127,-45.95454545454545,-0.46863411619283063,-10.703696705588587,0.4680831522987374,0.7508096110518488,-21.51878488981161,57.9183994224295,2.662549988599494,6,1
C_tile640,ios-nmm@0.5-drop,ios,nmm,0.5,True,0.48,24,2729,633,3743,0.8117192147531231,0.42166254635352285,0.5550132194427496,66,6472.0,3362.0,47.15151515151515,48.515227225349285,0.4865469078617563,-47.121212121212125,-0.4805315203955501,-11.261165935585096,0.46240809328405064,0.7317616275454317,-20.817594749606588,57.88770056562498,2.620349987410009,6,1
C_tile640,ios-nmm@0.5-drop,ios,nmm,0.5,True,0.49,24,2668,605,3804,0.8151542926978307,0.4122373300370828,0.5475628527449974,66,6472.0,3273.0,48.46969696969697,49.84080718252926,0.49986422170372424,-48.46969696969697,-0.494283065512979,-11.940342308814595,0.452266724002105,0.7165595955054034,-20.6753591228935,57.86184925632551,2.594149991637096,6,1
C_tile640,ios-nmm@0.5-drop,ios,nmm,0.5,True,0.5,24,2622,573,3850,0.8206572769953052,0.40512978986402964,0.5424640529636908,66,6472.0,3195.0,49.65151515151515,50.96478284962167,0.5119168098201295,-49.65151515151515,-0.5063349814585909,-12.530566703818685,0.45456774187056703,0.7094345398969631,-21.158490033532527,57.7655990049243,2.513150015147403,6,1
C_tile640,ios-nmm@0.5-drop,ios,nmm,0.5,True,0.51,24,2570,542,3902,0.8258354755784062,0.39709517923362175,0.5363105175292153,66,6472.0,3112.0,50.90909090909091,52.1939854888676,0.5248956200905641,-50.90909090909091,-0.519159456118665,-13.191116043453512,0.45140625989443517,0.704148748391541,-21.897737872576585,57.866900315275416,2.5072000280488282,6,1
C_tile640,ios-nmm@0.5-drop,ios,nmm,0.5,True,0.52,24,2516,520,3956,0.8287220026350461,0.38875154511742893,0.5292385359697097,66,6472.0,3036.0,52.06060606060606,53.32774591944127,0.5369145559027495,-52.06060606060606,-0.530902348578492,-13.81433238779054,0.448576084399388,0.7029337338735525,-22.930107964085355,57.70629910985008,2.3412999871652573,6,1
C_tile640,ios-nmm@0.5-drop,ios,nmm,0.5,True,0.53,24,2474,496,3998,0.832996632996633,0.3822620519159456,0.524041516627833,66,6472.0,2970.0,53.06060606060606,54.303300865126836,0.5471460840880048,-53.06060606060606,-0.5411001236093943,-14.36130417936293,0.4450125150793489,0.6946462824860922,-23.11743545833317,57.6617005483713,2.381700003752485,6,1
C_tile640,ios-nmm@0.5-drop,ios,nmm,0.5,True,0.54,24,2427,473,4045,0.8368965517241379,0.375,0.5179257362355955,66,6472.0,2900.0,54.121212121212125,55.326852486478984,0.5578499039724313,-54.121212121212125,-0.5519159456118665,-14.945845750558476,0.4407897314144277,0.6784851543403286,-22.593271498342556,57.73980035656132,2.3495499917771667,6,1
C_tile640,ios-nmm@0.5-drop,ios,nmm,0.5,True,0.55,24,2382,443,4090,0.8431858407079647,0.3680469715698393,0.5124233623749597,66,6472.0,2825.0,55.25757575757576,56.38974224363,0.5695255891397165,-55.25757575757576,-0.563504326328801,-15.564405336496836,0.44986965316144756,0.6706353951906474,-22.959882995058663,57.35115012526512,2.0970500190742314,6,1
C_tile640,ios-nmm@0.5-drop,ios,nmm,0.5,True,0.56,24,2317,411,4155,0.8493401759530792,0.3580037082818294,0.503695652173913,66,6472.0,2728.0,56.72727272727273,57.80426743185431,0.5845541915240671,-56.72727272727273,-0.5784919653893696,-16.405857900703655,0.451714090668194,0.65807625890333,-23.198023448823538,57.366150403162464,2.1135999995749444,6,1
C_tile640,ios-nmm@0.5-drop,ios,nmm,0.5,True,0.57,24,2266,391,4206,0.8528415506210011,0.350123609394314,0.49643991674882243,66,6472.0,2657.0,57.803030303030305,58.860518227931074,0.5954477790727795,-57.803030303030305,-0.5894622991347342,-17.04778020674381,0.4460248874489794,0.6449191824004671,-22.98359012872461,57.245600005146116,1.9726500031538308,6,1
C_tile640,ios-nmm@0.5-drop,ios,nmm,0.5,True,0.58,24,2207,360,4265,0.859758472925594,0.34100741656365885,0.4883283549065162,66,6472.0,2567.0,59.166666666666664,60.195263077502176,0.6094557416515115,-59.166666666666664,-0.6033683559950557,-17.875578208188433,0.4437852523855266,0.6361151106667754,-23.483893882354106,57.59810066828504,2.0777500176336616,6,1
C_tile640,ios-nmm@0.5-drop,ios,nmm,0.5,True,0.59,24,2159,331,4313,0.8670682730923694,0.33359085290482077,0.48181209551439413,66,6472.0,2490.0,60.333333333333336,61.33687407434553,0.6212986611041369,-60.333333333333336,-0.615265760197775,-18.59832289728344,0.43946613828126346,0.6216449574505746,-23.231608554850293,57.64334979397245,2.1314000186976045,6,1
C_tile640,ios-nmm@0.5-drop,ios,nmm,0.5,True,0.6,24,2098,308,4374,0.8719866999168745,0.3241656365883807,0.4726289704888488,66,6472.0,2406.0,61.60606060606061,62.57674076562701,0.6345037212186705,-61.60606060606061,-0.6282447466007417,-19.398653916986763,0.44301806300434665,0.620310354889477,-24.37346389158631,57.112750325817615,1.9295499951113015,6,1
C_tile640,ios-nmm@0.5-drop,ios,nmm,0.5,True,0.61,24,2023,294,4449,0.8731117824773413,0.31257725587144625,0.460348162475822,66,6472.0,2317.0,62.95454545454545,63.8666935534833,0.6481751945347966,-62.95454545454545,-0.6419962917181706,-20.24831500447259,0.44996512332461447,0.6037665450057644,-24.09965271632285,57.494050374487415,2.124650025507435,6,1
C_tile640,ios-nmm@0.5-drop,ios,nmm,0.5,True,0.62,24,1970,272,4502,0.8786797502230151,0.30438813349814586,0.45214597199908196,66,6472.0,2242.0,64.0909090909091,64.96129383694337,0.6598150971893717,-64.0909090909091,-0.6535846724351051,-20.9828989098354,0.45725485701419966,0.5964692826152473,-24.52044238008911,57.09385101054795,1.9261999987065792,6,1
C_tile640,ios-nmm@0.5-drop,ios,nmm,0.5,True,0.63,24,1902,247,4570,0.8850628199162401,0.2938813349814586,0.4412481150678575,66,6472.0,2149.0,65.5,66.35019581620303,0.674053857324536,-65.5,-0.6679542645241038,-21.932956551272177,0.4500631520134538,0.5737882143591757,-23.705413989887674,57.18860026448965,1.9648500019684434,6,1
C_tile640,ios-nmm@0.5-drop,ios,nmm,0.5,True,0.64,24,1834,233,4638,0.8872762457668119,0.28337453646477134,0.4295584963110435,66,6472.0,2067.0,66.74242424242425,67.58664472700613,0.6864543923538802,-66.74242424242425,-0.6806242274412856,-22.795640776652586,0.438763768249941,0.5525541614247244,-22.865614132436622,56.956550035392866,1.6585000266786665,6,1
C_tile640,ios-nmm@0.5-drop,ios,nmm,0.5,True,0.65,24,1768,213,4704,0.8924785461887935,0.273176761433869,0.4183130249615521,66,6472.0,1981.0,68.04545454545455,68.88846936985327,0.699535596570693,-68.04545454545455,-0.693912237330037,-23.72115177636079,0.4249173269095424,0.5305499614926503,-22.010899254249,56.954201112734154,1.6088999691419303,6,1
C_tile640,ios-nmm@0.5-drop,ios,nmm,0.5,True,0.66,24,1705,191,4767,0.8992616033755274,0.263442521631644,0.40750478011472274,66,6472.0,1896.0,69.33333333333333,70.1489756723417,0.7124326378353819,-69.33333333333333,-0.7070457354758962,-24.634113206825127,0.42416906335739224,0.5086199061473041,-21.148303524020495,56.96130133164115,1.6203499981202185,6,1
C_tile640,ios-nmm@0.5-drop,ios,nmm,0.5,True,0.67,24,1637,161,4835,0.9104560622914349,0.2529357231149567,0.3958887545344619,66,6472.0,1798.0,70.81818181818181,71.62740291595702,0.727380994915166,-70.81818181818181,-0.7221878862793573,-25.72600465915016,0.41260124123575304,0.48604168360830635,-20.419117822923628,56.86680012429133,1.4613000093959272,6,1
C_tile640,ios-nmm@0.5-drop,ios,nmm,0.5,True,0.68,24,1575,146,4897,0.9151656013945381,0.24335599505562422,0.38447455144635667,66,6472.0,1721.0,71.98484848484848,72.80890305200569,0.7386877424048628,-71.98484848484848,-0.7340852904820766,-26.614971944645085,0.3881911047887303,0.44970844435090024,-18.022925027864044,57.18160017975606,1.680499961366877,6,1
C_tile640,ios-nmm@0.5-drop,ios,nmm,0.5,True,0.69,24,1508,128,4964,0.921760391198044,0.23300370828182942,0.3719782930439073,66,6472.0,1636.0,73.27272727272727,74.09392074191439,0.7517411454771881,-73.27272727272727,-0.7472187886279357,-27.59833724784861,0.37735852490064836,0.431488010102798,-17.52409699068651,56.52280092937872,1.4554499939549714,6,1
C_tile640,ios-nmm@0.5-drop,ios,nmm,0.5,True,0.7,24,1431,116,5041,0.925016160310278,0.22110630407911,0.35690235690235694,66,6472.0,1547.0,74.62121212121212,75.42475680699235,0.7656394110994541,-74.62121212121212,-0.7609703337453646,-28.634900096148787,0.3780164834248647,0.42599413540236614,-18.333849156425977,56.79250139952637,1.4436999917961657,6,1
C_tile640,ios-nmm@0.5-drop,ios,nmm,0.5,True,0.71,24,1357,105,5115,0.9281805745554036,0.20967243510506797,0.34207209478195105,66,6472.0,1462.0,75.9090909090909,76.73152724094102,0.7784673919073529,-75.9090909090909,-0.7741038318912238,-29.670673663364443,0.3528334702714164,0.40177516491191156,-17.24680101984686,56.49135004659183,1.1621500307228416,6,1
C_tile640,ios-nmm@0.5-drop,ios,nmm,0.5,True,0.72,24,1279,92,5193,0.9328956965718453,0.1976205191594561,0.3261507076373837,66,6472.0,1371.0,77.28787878787878,78.1068615307376,0.7924460426086417,-77.28787878787878,-0.7881644004944376,-30.780008227657365,0.34218422900407675,0.38413592855331974,-16.895874690864936,56.279300266643986,1.1523000139277428,6,1
C_tile640,ios-nmm@0.5-drop,ios,nmm,0.5,True,0.73,24,1197,83,5275,0.93515625,0.1849505562422744,0.3088235294117647,66,6472.0,1280.0,78.66666666666667,79.46735560002362,0.806173088430202,-78.66666666666667,-0.8022249690976514,-31.89676203414478,0.3411285778552562,0.35663067863822734,-15.577481093130414,56.44184963661246,1.044250006088987,6,1
C_tile640,ios-nmm@0.5-drop,ios,nmm,0.5,True,0.74,24,1118,71,5354,0.9402859545836838,0.17274412855377008,0.2918679023626158,66,6472.0,1189.0,80.04545454545455,80.8356919368486,0.8202359585302601,-80.04545454545455,-0.8162855377008653,-33.03940426020445,0.33788785279062683,0.34530569095579566,-15.845733816150148,56.23475060611963,0.9833999793045223,6,1
C_tile640,ios-nmm@0.5-drop,ios,nmm,0.5,True,0.75,24,1044,64,5428,0.9422382671480144,0.16131025957972805,0.27546174142480206,66,6472.0,1108.0,81.27272727272727,82.10396218247087,0.8322423276635216,-81.27272727272727,-0.8288009888751545,-34.115904731381335,0.2935310450487417,0.3104122917374231,-13.651338668554592,56.203499655239284,0.7985499978531152,6,1
C_tile640,ios-nmm@0.5-drop,ios,nmm,0.5,True,0.76,24,961,54,5511,0.9467980295566503,0.1484857849196539,0.2567116334980633,66,6472.0,1015.0,82.68181818181819,83.4916980086262,0.8465693948440034,-82.68181818181819,-0.8431705809641533,-35.31300735227289,0.29902085976621673,0.2939665440490599,-13.447749592204799,56.04399984423071,0.8518999675288796,6,1
C_tile640,ios-nmm@0.5-drop,ios,nmm,0.5,True,0.77,24,885,35,5587,0.9619565217391305,0.13674289245982696,0.239448051948052,66,6472.0,920.0,84.12121212121212,84.90565173750035,0.861242176883025,-84.12121212121212,-0.857849196538937,-36.55336257659614,0.3123491336125406,0.2814767688267457,-13.662388603737863,56.19350104150362,0.6978499877732247,6,1
C_tile640,ios-nmm@0.5-drop,ios,nmm,0.5,True,0.78,24,794,28,5678,0.9659367396593674,0.1226823238566131,0.21771318892240196,66,6472.0,822.0,85.60606060606061,86.40619366127814,0.8759185596468341,-85.60606060606061,-0.872991347342398,-37.89245686459285,0.289136651654771,0.2471382581283994,-11.779981918287898,56.01179987168871,0.60889997985214,6,1
C_tile640,ios-nmm@0.5-drop,ios,nmm,0.5,True,0.79,24,701,22,5771,0.9695712309820194,0.10831273176761434,0.19485753995830438,66,6472.0,723.0,87.10606060606061,87.93170559294781,0.8906295194304977,-87.10606060606061,-0.8882880098887516,-39.27788195225089,0.2565732902634288,0.20743741957704107,-9.386893628827428,55.95985098998062,0.6218500202521682,6,1
C_tile640,ios-nmm@0.5-drop,ios,nmm,0.5,True,0.8,24,618,16,5854,0.9747634069400631,0.09548825710754018,0.17393751759076836,66,6472.0,634.0,88.45454545454545,89.2731592904439,0.904176290113769,-88.45454545454545,-0.9020395550061805,-40.51618504575438,0.26444776464916264,0.18757862913834428,-8.788013451263101,55.972501046722755,0.5436000064946711,6,1
C_tile640,ios-nmm@0.5-drop,ios,nmm,0.5,True,0.81,24,537,11,5935,0.9799270072992701,0.08297280593325093,0.152991452991453,66,6472.0,548.0,89.75757575757575,90.59784598416066,0.9171938296176819,-89.75757575757575,-0.915327564894932,-41.75740847927061,0.22944827144076396,0.1636012264949702,-7.739805119324959,55.78785048145801,0.43039998854510486,6,1
C_tile640,ios-nmm@0.5-drop,ios,nmm,0.5,True,0.82,24,449,7,6023,0.9846491228070176,0.06937577255871447,0.1296189376443418,66,6472.0,456.0,91.15151515151516,91.96936248753514,0.9315569503976343,-91.15151515151516,-0.9295426452410384,-43.06177439954843,0.26208280168325737,0.15685885262447927,-8.47258324523682,55.878150957869366,0.4288000054657459,6,1
C_tile640,ios-nmm@0.5-drop,ios,nmm,0.5,True,0.83,24,358,6,6114,0.9835164835164835,0.055315203955500616,0.10473961380924518,66,6472.0,364.0,92.54545454545455,93.38337403121899,0.9453762997000679,-92.54545454545455,-0.9437577255871447,-44.427072819551206,0.2393214884203898,0.12896374568885108,-7.131111546943098,55.742950580315664,0.2977499971166253,6,1
C_tile640,ios-nmm@0.5-drop,ios,nmm,0.5,True,0.84,24,275,4,6197,0.985663082437276,0.04249072929542645,0.08146941193897199,66,6472.0,279.0,93.83333333333333,94.69240473845575,0.9581965961911706,-93.83333333333333,-0.9568912237330037,-45.70957565378783,0.21987541134220845,0.10166657896876843,-5.742213622513175,55.62660043314099,0.20775001030415297,6,1
C_tile640,ios-nmm@0.5-drop,ios,nmm,0.5,True,0.85,24,204,2,6268,0.9902912621359223,0.0315203955500618,0.06109613656783467,66,6472.0,206.0,94.93939393939394,95.82781275271651,0.9691129585949928,-94.93939393939394,-0.9681705809641533,-46.8364322581571,0.17847951463862743,0.07383844133728137,-4.119430186892199,55.61560109932907,0.12824998702853918,6,1
C_tile640,ios-nmm@0.5-drop,ios,nmm,0.5,True,0.86,24,131,1,6341,0.9924242424242424,0.020241038318912236,0.03967292549969715,66,6472.0,132.0,96.06060606060606,96.9953138511903,0.9800577307471143,-96.06060606060606,-0.9796044499381953,-48.009146093536984,0.08084275159896914,0.039779766659810326,-1.9008280276104932,55.56695049256086,0.0947499938774854,6,1
C_tile640,ios-nmm@0.5-drop,ios,nmm,0.5,True,0.87,24,86,1,6386,0.9885057471264368,0.013288009888751545,0.026223509681353868,66,6472.0,87.0,96.74242424242425,97.6892878963552,0.986841647914605,-96.74242424242425,-0.986557478368356,-48.71294803660351,0.057590979596104264,0.026656174809017923,-1.2957388388479403,55.48370108450763,0.03920000744983554,6,1
C_tile640,ios-nmm@0.5-drop,ios,nmm,0.5,True,0.88,24,45,0,6427,1.0,0.006953028430160693,0.013810035292312416,66,6472.0,45.0,97.37878787878788,98.33854634358643,0.9931993138751122,-97.37878787878788,-0.9930469715698393,-49.37594414760034,0.03617641220060175,0.013123591850792407,-0.6050891887625527,55.478300189599395,0.02500001573935151,6,1
C_tile640,ios-nmm@0.5-drop,ios,nmm,0.5,True,0.89,24,20,0,6452,1.0,0.0030902348578491965,0.0061614294516327784,66,6472.0,20.0,97.75757575757575,98.7219849022005,0.9970228177175092,-97.75757575757575,-0.9969097651421508,-49.76955862445049,0.0273386760651394,0.007481427976905148,-0.4306030585837897,55.48105021053925,0.017300015315413475,6,1
C_tile640,ios-nmm@0.5-drop,ios,nmm,0.5,True,0.9,24,3,0,6469,1.0,0.0004635352286773795,0.0009266409266409266,66,6472.0,3.0,98.01515151515152,98.98553613349965,0.9995756088839798,-98.01515151515152,-0.9995364647713226,-50.040992389416935,0.021329040008692735,0.0021956364714830374,-0.16985089762785185,55.47510019433685,0.016449979739263654,6,1
D_tile320,ios-nmm@0.5-drop,ios,nmm,0.5,True,0.01,24,1027,7260,5445,0.12392904549294075,0.15868355995055625,0.13916932041466226,66,6472.0,8287.0,44.59090909090909,57.467382052778426,0.47297284287446073,27.5,0.2804388133498146,-16.203565158741167,0.11201485853564686,1.2894293736935005,-0.8816197961263396,135.38400152442046,7.399599999189377,15,1
D_tile320,ios-nmm@0.5-drop,ios,nmm,0.5,True,0.02,24,760,5611,5712,0.11929053523779626,0.11742892459826947,0.1183524098730826,66,6472.0,6371.0,33.803030303030305,41.56466302186524,0.36184683509582277,-1.5303030303030303,-0.015605686032138442,-7.9996197100229125,0.10152536250907218,1.0077445216717453,-2.289735519083898,132.71794699667953,4.920550010865554,15,1
D_tile320,ios-nmm@0.5-drop,ios,nmm,0.5,True,0.03,24,609,4780,5863,0.11300797921692336,0.09409765142150804,0.10268948655256725,66,6472.0,5389.0,33.65151515151515,39.73186645655112,0.3582460617458066,-16.40909090909091,-0.167336217552534,-7.2234406915059,0.0886034302766796,0.8122013288623348,2.0065606000449403,131.97160048480146,4.389300011098385,15,1
D_tile320,ios-nmm@0.5-drop,ios,nmm,0.5,True,0.04,24,524,4185,5948,0.11127627946485454,0.08096415327564895,0.09373043556032555,66,6472.0,4709.0,36.46969696969697,41.55773639823823,0.3833349917635059,-26.71212121212121,-0.2724042027194067,-7.996620441901737,0.09013874536813671,0.7177411253713207,0.966355099951665,130.76394884614274,3.132199984975159,15,1
D_tile320,ios-nmm@0.5-drop,ios,nmm,0.5,True,0.05,24,469,3771,6003,0.11061320754716981,0.07246600741656366,0.08756534727408513,66,6472.0,4240.0,39.21212121212121,44.51421291582219,0.40889334002879396,-33.81818181818182,-0.34487021013597036,-9.322218023353154,0.08744749256367379,0.6368732988600868,1.7902425723866073,130.36274722614326,2.6903499965555966,15,1
D_tile320,ios-nmm@0.5-drop,ios,nmm,0.5,True,0.06,24,417,3471,6055,0.10725308641975309,0.06443139678615575,0.08050193050193051,66,6472.0,3888.0,42.78787878787879,47.810230932491656,0.44291120743113077,-39.15151515151515,-0.3992583436341162,-10.907410153503212,0.07968336871922743,0.5687846506354909,3.1337233498045753,130.09089577151462,2.367899985983968,15,1
D_tile320,ios-nmm@0.5-drop,ios,nmm,0.5,True,0.07,24,379,3191,6093,0.1061624649859944,0.058559950556242274,0.07548297151961761,66,6472.0,3570.0,46.303030303030305,50.90484289635938,0.4756834021017059,-43.96969696969697,-0.4483930778739184,-12.498758676112526,0.07839075030966336,0.5216071676289518,2.941794107657916,129.75084975361824,2.0616499532479793,15,1
D_tile320,ios-nmm@0.5-drop,ios,nmm,0.5,True,0.08,24,337,2998,6135,0.10104947526236882,0.05207045735475896,0.06872641990415009,66,6472.0,3335.0,49.166666666666664,53.59061993907652,0.5032381870235801,-47.53030303030303,-0.48470333745364647,-13.960744028969007,0.07242472725365179,0.4774265609827268,3.7135651109059236,129.62899877899326,2.1853999933227897,15,1
D_tile320,ios-nmm@0.5-drop,ios,nmm,0.5,True,0.09,24,307,2824,6165,0.09805174065793676,0.047435105067985164,0.06393835259814641,66,6472.0,3131.0,51.56060606060606,55.97334322260152,0.5266446744349503,-50.621212121212125,-0.5162237330037083,-15.320675337597045,0.07527278681844052,0.46782603288192853,1.5640896240629991,129.49290140811354,1.7821999790612608,15,1
D_tile320,ios-nmm@0.5-drop,ios,nmm,0.5,True,0.1,24,283,2670,6189,0.09583474432780223,0.04372682323856613,0.06005305039787798,66,6472.0,2953.0,53.89393939393939,58.109483917964035,0.5497464794129204,-53.31818181818182,-0.5437268232385661,-16.590155033939087,0.07433220396010409,0.44570942018933196,1.035888371737009,129.04370202333666,1.602899981662631,15,1
D_tile320,ios-nmm@0.5-drop,ios,nmm,0.5,True,0.11,24,263,2523,6209,0.09440057430007179,0.04063658838071693,0.056815726938863685,66,6472.0,2786.0,56.36363636363637,60.193123537594566,0.5751706925103197,-55.84848484848485,-0.5695302843016069,-17.874236430344748,0.07326746522854344,0.4261448163366834,0.42410225256037354,128.97730201249942,1.5158499882090837,15,1
D_tile320,ios-nmm@0.5-drop,ios,nmm,0.5,True,0.12,24,250,2400,6222,0.09433962264150944,0.03862793572311496,0.05481254110940584,66,6472.0,2650.0,58.333333333333336,61.92615348016123,0.5949946258976793,-57.90909090909091,-0.5905438813349815,-18.976704249202346,0.06851000983328903,0.39711840651324315,1.2098435310043827,128.9027523624245,1.3911499991081655,15,1
D_tile320,ios-nmm@0.5-drop,ios,nmm,0.5,True,0.13,24,236,2274,6236,0.09402390438247012,0.03646477132262052,0.05254954353150746,66,6472.0,2510.0,60.333333333333336,63.668411843446094,0.6148506479790619,-60.03030303030303,-0.6121755253399258,-20.116583991466197,0.06460204646350654,0.3662957842823044,2.111116426135231,128.94299762044102,1.3063499936833978,15,1
D_tile320,ios-nmm@0.5-drop,ios,nmm,0.5,True,0.14,24,225,2176,6247,0.0937109537692628,0.03476514215080346,0.05071565423193959,66,6472.0,2401.0,61.92424242424242,65.06442029157554,0.6310502974631234,-61.68181818181818,-0.629017305315204,-21.052750285815424,0.06324535308484036,0.3496108605077231,2.09573501203054,128.9314001374878,1.195250020828098,15,1
D_tile320,ios-nmm@0.5-drop,ios,nmm,0.5,True,0.15,24,211,2088,6261,0.09177903436276642,0.03260197775030902,0.048113099988598786,66,6472.0,2299.0,63.43939393939394,66.38192981573077,0.646281955780659,-63.22727272727273,-0.6447775030902348,-21.954898565421836,0.05979054866166034,0.3264992752964588,2.816616519413912,128.6628023397643,1.1630000080913305,15,1
D_tile320,ios-nmm@0.5-drop,ios,nmm,0.5,True,0.16,24,203,2017,6269,0.09144144144144144,0.03136588380716934,0.04670961803957662,66,6472.0,2220.0,64.54545454545455,67.45323857265413,0.6569422252623958,-64.42424242424242,-0.6569839307787392,-22.701795255703153,0.05214965568009877,0.2952270020234297,4.686224892490333,128.69329998269677,1.0803000186569989,15,1
D_tile320,ios-nmm@0.5-drop,ios,nmm,0.5,True,0.17,24,193,1929,6279,0.09095193213949104,0.029820766378244747,0.04491505701652316,66,6472.0,2122.0,65.93939393939394,68.8040696470783,0.6705134808730481,-65.9090909090909,-0.6721260815822002,-23.660613917178104,0.04344247055817063,0.25954671348139935,6.700207126490653,128.6116003820207,1.0067499824799597,15,1
D_tile320,ios-nmm@0.5-drop,ios,nmm,0.5,True,0.18,24,182,1858,6290,0.0892156862745098,0.02812113720642769,0.04276315789473684,66,6472.0,2040.0,67.15151515151516,69.92615152192108,0.6826601422641086,-67.15151515151516,-0.6847960444993819,-24.471521303414,0.039930089982677,0.241864425427288,7.19171876719078,128.49980101408437,0.9490499796811491,15,1
D_tile320,ios-nmm@0.5-drop,ios,nmm,0.5,True,0.19,24,174,1797,6298,0.0882800608828006,0.02688504326328801,0.041217576690749734,66,6472.0,1971.0,68.1969696969697,70.86297062684153,0.6933424443480852,-68.1969696969697,-0.6954573547589616,-25.1585904874887,0.0391285493150304,0.23398596514726078,6.918830811620117,128.47685115318745,0.8967999892774969,15,1
D_tile320,ios-nmm@0.5-drop,ios,nmm,0.5,True,0.2,24,157,1724,6315,0.0834662413609782,0.024258343634116192,0.03759128456841853,66,6472.0,1881.0,69.56060606060606,72.09663128346735,0.7074262938259228,-69.56060606060606,-0.7093634116192831,-26.07731366987003,0.03791747148808855,0.22360333124452897,6.573321820991032,128.39235115004703,0.9028000058606267,15,1
D_tile320,ios-nmm@0.5-drop,ios,nmm,0.5,True,0.21,24,150,1666,6322,0.08259911894273128,0.023176761433868973,0.036196911196911194,66,6472.0,1816.0,70.54545454545455,72.96221521092166,0.7179349930363517,-70.54545454545455,-0.7194066749072929,-26.731390904611793,0.041314848369547574,0.2284920904468288,5.1090786458806585,128.25720236543566,0.7379000016953796,15,1
D_tile320,ios-nmm@0.5-drop,ios,nmm,0.5,True,0.22,24,144,1606,6328,0.08228571428571428,0.022249690976514216,0.0350279737290197,66,6472.0,1750.0,71.54545454545455,73.94141825346152,0.7278076073909223,-71.54545454545455,-0.7296044499381953,-27.480734366255124,0.03335517606271665,0.20165653357314733,6.740589616887727,128.36765247862786,0.8203999896068126,15,1
D_tile320,ios-nmm@0.5-drop,ios,nmm,0.5,True,0.23,24,141,1558,6331,0.08298999411418481,0.021786155747836836,0.03451229959613266,66,6472.0,1699.0,72.31818181818181,74.64085728177012,0.7358454585319926,-72.31818181818181,-0.7374845488257108,-28.022102262127422,0.033333062754928755,0.1977962315415856,6.346405900952382,128.21424954617396,0.7820499886292964,15,1
D_tile320,ios-nmm@0.5-drop,ios,nmm,0.5,True,0.24,24,135,1516,6337,0.08176862507571168,0.020859085290482075,0.03323895112643112,66,6472.0,1651.0,73.04545454545455,75.31036791273506,0.7431487854483786,-73.04545454545455,-0.7449011124845488,-28.545079908730404,0.030744531799849373,0.18571305566584234,6.804016723191935,128.33450070302933,0.8040499815251678,15,1
D_tile320,ios-nmm@0.5-drop,ios,nmm,0.5,True,0.25,24,130,1454,6342,0.08207070707070707,0.020086526576019777,0.03227408142999007,66,6472.0,1584.0,74.06060606060606,76.19850471769195,0.7535614362047652,-74.06060606060606,-0.7552533992583437,-29.246040439892656,0.030593331024654336,0.17735145969165422,6.608808376903232,128.26010273443535,0.6656499754171818,15,1
D_tile320,ios-nmm@0.5-drop,ios,nmm,0.5,True,0.26,24,120,1403,6352,0.07879185817465528,0.018541409147095178,0.030018761726078796,66,6472.0,1523.0,74.98484848484848,77.07660494795441,0.7627495066330527,-74.98484848484848,-0.7646786155747837,-29.947158827271814,0.02404097799412841,0.15199161926993895,8.171367274014468,128.12305136211216,0.7152000325731933,15,1
D_tile320,ios-nmm@0.5-drop,ios,nmm,0.5,True,0.27,24,116,1362,6356,0.07848443843031123,0.01792336217552534,0.029182389937106916,66,6472.0,1478.0,75.66666666666667,77.6768753857734,0.76960747591699,-75.66666666666667,-0.7716316440049443,-30.431067060191054,0.022141566396856383,0.14005194904592658,8.660360390526703,128.0728023292031,0.6643000233452767,15,1
D_tile320,ios-nmm@0.5-drop,ios,nmm,0.5,True,0.28,24,109,1318,6363,0.07638402242466713,0.01684177997527812,0.027598430181035572,66,6472.0,1427.0,76.43939393939394,78.41411051126403,0.7771866967914711,-76.43939393939394,-0.7795117428924598,-31.03052604388403,0.017271351153785086,0.11993245667325199,9.860562733495646,127.93620233680122,0.6470000080298632,15,1
D_tile320,ios-nmm@0.5-drop,ios,nmm,0.5,True,0.29,24,105,1272,6367,0.07625272331154684,0.01622373300370828,0.026755000637023824,66,6472.0,1377.0,77.1969696969697,79.13423578153309,0.7850234176898082,-77.1969696969697,-0.7872373300370828,-31.62153971997264,0.01700575481797373,0.11756700518055405,9.334944582900814,127.97250204486772,0.6023500172886997,15,1
D_tile320,ios-nmm@0.5-drop,ios,nmm,0.5,True,0.3,24,100,1230,6372,0.07518796992481203,0.015451174289245983,0.02563445270443476,66,6472.0,1330.0,77.9090909090909,79.7891159889808,0.7923197239206271,-77.9090909090909,-0.7944993819530284,-32.16369689692946,0.016509098322769145,0.11274043176067085,9.096120085529364,127.93080235389061,0.5949499900452793,15,1
D_tile320,ios-nmm@0.5-drop,ios,nmm,0.5,True,0.31,24,95,1186,6377,0.0741608118657299,0.014678615574783683,0.024506642589965173,66,6472.0,1281.0,78.65151515151516,80.45260227066127,0.8001300725994243,-78.65151515151516,-0.802070457354759,-32.71753543393717,0.017968032148772184,0.11376410540968468,8.253313784674551,128.04315275885165,0.5838499928358942,15,1
D_tile320,ios-nmm@0.5-drop,ios,nmm,0.5,True,0.32,24,89,1154,6383,0.07160096540627514,0.013751545117428925,0.023071937783538558,66,6472.0,1243.0,79.22727272727273,80.99915824478447,0.8060127865757628,-79.22727272727273,-0.8079419035846724,-33.177212737561646,0.016667315438808616,0.1075527024505982,8.286650147571637,127.94294985989109,0.5302500212565064,15,1
D_tile320,ios-nmm@0.5-drop,ios,nmm,0.5,True,0.33,24,87,1114,6385,0.07243963363863447,0.013442521631644005,0.022676919066857815,66,6472.0,1201.0,79.86363636363636,81.59109057125086,0.8126495360965695,-79.86363636363636,-0.8144313967861557,-33.67856408244878,0.017115619785796787,0.1068064730615974,7.723462217353652,127.91795243043453,0.519749999511987,15,1
D_tile320,ios-nmm@0.5-drop,ios,nmm,0.5,True,0.34,24,83,1076,6389,0.07161345987920621,0.012824474660074166,0.02175337439391954,66,6472.0,1159.0,80.5,82.20862227137476,0.8191300952215277,-80.5,-0.820920889987639,-34.205488134474365,0.015114681669560537,0.0987988576950122,7.872330196937582,127.86710245069116,0.45349998981691897,15,1
D_tile320,ios-nmm@0.5-drop,ios,nmm,0.5,True,0.35,24,78,1038,6394,0.06989247311827956,0.012051915945611866,0.02055877701634159,66,6472.0,1116.0,81.15151515151516,82.83353149174518,0.8257203783739699,-81.15151515151516,-0.8275648949320148,-34.74275176870716,0.01356823378971539,0.09174316315157548,7.912700728530351,127.8133027665317,0.44124998385086656,15,1
D_tile320,ios-nmm@0.5-drop,ios,nmm,0.5,True,0.36,24,76,996,6396,0.0708955223880597,0.011742892459826947,0.02014846235418876,66,6472.0,1072.0,81.81818181818181,83.47472852923993,0.8324115598368557,-81.81818181818181,-0.8343634116192831,-35.29824779599237,0.010553083666292262,0.07845693156215468,8.548889983783859,127.64485278190114,0.4540000227279961,15,1
D_tile320,ios-nmm@0.5-drop,ios,nmm,0.5,True,0.37,24,71,970,6401,0.06820365033621517,0.010970333745364647,0.018900572341275124,66,6472.0,1041.0,82.28787878787878,83.9107570667501,0.8371203157284508,-82.28787878787878,-0.8391532756489494,-35.67844449440567,0.008920028436739336,0.06968634448053347,8.93924209881799,127.63925237488002,0.4467999970074743,15,1
D_tile320,ios-nmm@0.5-drop,ios,nmm,0.5,True,0.38,24,69,948,6403,0.06784660766961652,0.010661310259579728,0.018427026305247694,66,6472.0,1017.0,82.65151515151516,84.26536367423756,0.8407961491592734,-82.65151515151516,-0.8428615574783683,-35.98910552927276,0.00723878642993514,0.06175048193981371,9.353801225538259,127.63175276946276,0.4104000108782202,15,1
D_tile320,ios-nmm@0.5-drop,ios,nmm,0.5,True,0.39,24,65,913,6407,0.06646216768916155,0.010043263288009889,0.017449664429530203,66,6472.0,978.0,83.24242424242425,84.8349556313298,0.8467407899919862,-83.24242424242425,-0.8488875154511742,-36.49085151470215,0.005439148943873762,0.05207102573056334,9.712065476845359,127.72760234912857,0.44680002611130476,15,1
D_tile320,ios-nmm@0.5-drop,ios,nmm,0.5,True,0.4,24,63,877,6409,0.06702127659574468,0.00973423980222497,0.016999460334592553,66,6472.0,940.0,83.81818181818181,85.41591647859775,0.852414634260072,-83.81818181818181,-0.8547589616810878,-37.00609420667684,0.0029185930745074806,0.037572171384016334,10.558074345494637,127.65045237285085,0.3996499872300774,15,1
D_tile320,ios-nmm@0.5-drop,ios,nmm,0.5,True,0.41,24,60,849,6412,0.066006600660066,0.009270704573547589,0.016257959626066926,66,6472.0,909.0,84.28787878787878,85.84596847278446,0.8573073648961819,-84.28787878787878,-0.859548825710754,-37.38976374186203,0.0029056344952002044,0.036299754605335514,10.21315133627679,127.61644925829023,0.36869998439215124,15,1
D_tile320,ios-nmm@0.5-drop,ios,nmm,0.5,True,0.42,24,57,822,6415,0.06484641638225255,0.00880716934487021,0.015508094136852132,66,6472.0,879.0,84.74242424242425,86.2725596319858,0.861957543129304,-84.74242424242425,-0.8641841779975278,-37.77224935542045,0.002313688512506018,0.03139186131613818,10.23987687215081,127.61440233117901,0.34559998312033713,15,1
D_tile320,ios-nmm@0.5-drop,ios,nmm,0.5,True,0.43,24,54,796,6418,0.06352941176470588,0.00834363411619283,0.01475006828735318,66,6472.0,850.0,85.18181818181819,86.70744961179413,0.8663054569677151,-85.18181818181819,-0.8686650185414091,-38.16412741388465,0.000884646553987789,0.018902086093823944,11.025237860617747,127.58604688569903,0.3545999643392861,15,1
D_tile320,ios-nmm@0.5-drop,ios,nmm,0.5,True,0.44,24,48,768,6424,0.058823529411764705,0.007416563658838072,0.013172338090010977,66,6472.0,816.0,85.6969696969697,87.20265494985247,0.8714888591435255,-85.6969696969697,-0.8739184177997528,-38.612754782325844,0.000245207477211129,0.009593352818211864,11.422906372129283,127.62390272133052,0.28795000980608165,15,1
D_tile320,ios-nmm@0.5-drop,ios,nmm,0.5,True,0.45,24,46,739,6426,0.05859872611464968,0.007107540173053152,0.012677414909742318,66,6472.0,785.0,86.16666666666667,87.68270967390079,0.8761427227806059,-86.16666666666667,-0.8787082818294191,-39.0500954312584,1.3806143716599273e-05,-0.002255430493037613,12.11510827501423,127.45690108300187,0.27520000003278255,15,1
D_tile320,ios-nmm@0.5-drop,ios,nmm,0.5,True,0.46,24,45,711,6427,0.05952380952380952,0.006953028430160693,0.012451577199778638,66,6472.0,756.0,86.60606060606061,88.09550602509859,0.8807245313778714,-86.60606060606061,-0.8831891223733004,-39.42808214263505,2.0347219374161618e-05,-0.0026692051221950575,11.716289326527972,127.44504939951003,0.29960001120343804,15,1
D_tile320,ios-nmm@0.5-drop,ios,nmm,0.5,True,0.47,24,42,678,6430,0.058333333333333334,0.0064894932014833125,0.011679644048943269,66,6472.0,720.0,87.15151515151516,88.60313285383961,0.8864213024768017,-87.15151515151516,-0.8887515451174289,-39.89533654467092,3.513696809809286e-05,-0.003365207533090043,11.239085199305434,127.38430280610919,0.31480001052841544,15,1
D_tile320,ios-nmm@0.5-drop,ios,nmm,0.5,True,0.48,24,34,658,6438,0.049132947976878616,0.005253399258343634,0.009491903964265774,66,6472.0,692.0,87.57575757575758,89.0059582615715,0.890740288743855,-87.57575757575758,-0.8930778739184178,-40.26803507278128,0.00021615384553219652,-0.008045883540380099,11.273832701111212,127.35840110713616,0.25599999935366213,15,1
D_tile320,ios-nmm@0.5-drop,ios,nmm,0.5,True,0.49,24,32,633,6440,0.0481203007518797,0.004944375772558714,0.008967353229648312,66,6472.0,665.0,87.98484848484848,89.41349298217091,0.8948330562798373,-87.98484848484848,-0.8972496909765142,-40.64681106524245,0.0009695807594028993,-0.016677748491994816,11.711187700608944,127.36124940169975,0.2634999982547015,15,1
D_tile320,ios-nmm@0.5-drop,ios,nmm,0.5,True,0.5,24,29,613,6443,0.045171339563862926,0.004480840543881335,0.008152937868990722,66,6472.0,642.0,88.33333333333333,89.74171693017556,0.8985107206644793,-88.33333333333333,-0.9008034610630408,-40.953131054144684,0.0007857744904602448,-0.01475238099793834,11.173900148767526,127.2917510943953,0.24059999850578606,15,1
D_tile320,ios-nmm@0.5-drop,ios,nmm,0.5,True,0.51,24,27,593,6445,0.043548387096774194,0.004171817058096415,0.007614213197969542,66,6472.0,620.0,88.66666666666667,90.06950178342917,0.9019139019430402,-88.66666666666667,-0.904202719406675,-41.26016139602298,0.0012506273051766659,-0.018356764617246554,11.194014857618475,127.32970109232701,0.2170500229112804,15,1
D_tile320,ios-nmm@0.5-drop,ios,nmm,0.5,True,0.52,24,24,572,6448,0.040268456375838924,0.003708281829419036,0.006791171477079796,66,6472.0,596.0,89.03030303030303,90.39174003561756,0.9058650985594197,-89.03030303030303,-0.9079110012360939,-41.56308747626177,0.000620950219842209,-0.012401280070413483,10.246380069935089,127.26834812154993,0.22899999748915434,15,1
D_tile320,ios-nmm@0.5-drop,ios,nmm,0.5,True,0.53,24,21,548,6451,0.03690685413005272,0.0032447466007416562,0.005965061780997017,66,6472.0,569.0,89.43939393939394,90.7665169876018,0.9101924559382745,-89.43939393939394,-0.9120828182941904,-41.9167643302352,0.0006352806808762601,-0.011877484441595634,9.785925444030406,127.27249980042689,0.21905000903643668,15,1
D_tile320,ios-nmm@0.5-drop,ios,nmm,0.5,True,0.54,24,20,520,6452,0.037037037037037035,0.0030902348578491965,0.005704506560182543,66,6472.0,540.0,89.87878787878788,91.20406689496811,0.9145872543383324,-89.87878787878788,-0.9165636588380717,-42.331531540150486,0.001942050508742188,-0.020184069915953538,10.161080310546227,127.24969812505879,0.2164000179618597,15,1
D_tile320,ios-nmm@0.5-drop,ios,nmm,0.5,True,0.55,24,20,498,6452,0.03861003861003861,0.0030902348578491965,0.005722460658082976,66,6472.0,518.0,90.21212121212122,91.53422939816095,0.9179816623566797,-90.21212121212122,-0.9199629171817059,-42.64582326800637,0.002939275204458691,-0.02441987840287777,10.243112924597346,127.23349632997997,0.18995002028532326,15,1
D_tile320,ios-nmm@0.5-drop,ios,nmm,0.5,True,0.56,24,17,473,6455,0.03469387755102041,0.002626699629171817,0.0048836541223786275,66,6472.0,490.0,90.63636363636364,91.94431780027288,0.9223591157952405,-90.63636363636364,-0.9242892459826947,-43.037780254579026,0.0033600326339319198,-0.025469861421375646,9.92183247150217,127.29554752120748,0.17884999397210777,15,1
D_tile320,ios-nmm@0.5-drop,ios,nmm,0.5,True,0.57,24,16,458,6456,0.03375527426160337,0.002472187886279357,0.004606968039159228,66,6472.0,474.0,90.87878787878788,92.18936374592673,0.924781072714729,-90.87878787878788,-0.926761433868974,-43.27282816154909,0.0045033843092990855,-0.02933973049638604,10.058889935948644,127.21444633044302,0.18780000391416252,15,1
D_tile320,ios-nmm@0.5-drop,ios,nmm,0.5,True,0.58,24,14,435,6458,0.031180400890868598,0.0021631644004944375,0.0040456581418870105,66,6472.0,449.0,91.25757575757575,92.56128191144994,0.928682728707479,-91.25757575757575,-0.9306242274412856,-43.63076713337894,0.005048264866189478,-0.030719776513865038,9.81543020602628,127.2175993847195,0.18199995975010097,15,1
D_tile320,ios-nmm@0.5-drop,ios,nmm,0.5,True,0.59,24,14,413,6458,0.03278688524590164,0.0021631644004944375,0.0040585592114799245,66,6472.0,427.0,91.5909090909091,92.88498916467188,0.9321096475435923,-91.5909090909091,-0.9340234857849197,-43.943480299065776,0.005918253895677905,-0.03250881363877715,9.657530937426754,127.23715111520141,0.1718499988783151,15,1
D_tile320,ios-nmm@0.5-drop,ios,nmm,0.5,True,0.6,24,13,396,6459,0.03178484107579462,0.0020086526576019777,0.00377852056387153,66,6472.0,409.0,91.86363636363636,93.14334017084538,0.9349932395541661,-91.86363636363636,-0.9368046971569839,-44.193840259075536,0.005509875379961504,-0.030765219970246522,9.21382581283993,127.30794996372424,0.16095003229565918,15,1
D_tile320,ios-nmm@0.5-drop,ios,nmm,0.5,True,0.61,24,12,370,6460,0.031413612565445025,0.001854140914709518,0.003501604902246863,66,6472.0,382.0,92.27272727272727,93.51632494010353,0.9394393714856639,-92.27272727272727,-0.9409765142150803,-44.5565149174125,0.003350311198443534,-0.022980038363844237,8.04131527713333,127.29775236477144,0.13765000039711595,15,1
D_tile320,ios-nmm@0.5-drop,ios,nmm,0.5,True,0.62,24,11,351,6461,0.03038674033149171,0.001699629171817058,0.003219198127011999,66,6472.0,362.0,92.57575757575758,93.81009185228066,0.9426046256638482,-92.57575757575758,-0.9440667490729295,-44.843181807310174,0.0034845821025505375,-0.023042224146260972,7.744382949615167,127.15634811273776,0.14070002362132072,15,1
D_tile320,ios-nmm@0.5-drop,ios,nmm,0.5,True,0.63,24,9,332,6463,0.026392961876832845,0.0013906056860321385,0.0026420079260237785,66,6472.0,341.0,92.89393939393939,94.11574112375,0.9458498638013373,-92.89393939393939,-0.9473114956736712,-45.14239826645173,0.004553726778284806,-0.025230685335157446,7.64080296195665,127.17844816460274,0.1333499967586249,15,1
D_tile320,ios-nmm@0.5-drop,ios,nmm,0.5,True,0.64,24,9,310,6463,0.02821316614420063,0.0013906056860321385,0.002650566926814902,66,6472.0,319.0,93.22727272727273,94.43829154051289,0.949277191539093,-93.22727272727273,-0.9507107540173053,-45.45921569377807,0.005122515840349506,-0.0259936570501935,7.382287097406853,127.2160969527904,0.11895000352524221,15,1
D_tile320,ios-nmm@0.5-drop,ios,nmm,0.5,True,0.65,24,8,293,6464,0.026578073089700997,0.0012360939431396785,0.0023623209803632066,66,6472.0,301.0,93.5,94.7092040581766,0.9520432504719384,-93.5,-0.9534919653893696,-45.72615055656275,0.005989734282035641,-0.027880756370455086,7.294609927720988,127.10484812804498,0.09539999882690609,15,1
D_tile320,ios-nmm@0.5-drop,ios,nmm,0.5,True,0.66,24,8,275,6464,0.028268551236749116,0.0012360939431396785,0.0023686158401184307,66,6472.0,283.0,93.77272727272727,94.969133741634,0.9548700390485868,-93.77272727272727,-0.9562731767614339,-45.982982621465574,0.006489168693993963,-0.02795250919632052,7.028918780584641,127.11729813553393,0.0886499765329063,15,1
D_tile320,ios-nmm@0.5-drop,ios,nmm,0.5,True,0.67,24,8,260,6464,0.029850746268656716,0.0012360939431396785,0.002373887240356083,66,6472.0,268.0,94.0,95.18132615426646,0.9572346627011207,-94.0,-0.9585908529048207,-46.19316817427326,0.00686767907458008,-0.027407187719743018,6.748171498820861,127.10809809458442,0.0754999928176403,15,1
D_tile320,ios-nmm@0.5-drop,ios,nmm,0.5,True,0.68,24,7,245,6465,0.027777777777777776,0.0010815822002472187,0.002082093991671624,66,6472.0,252.0,94.24242424242425,95.41186636065895,0.9597403403784024,-94.24242424242425,-0.9610630407911002,-46.422059688784074,0.007417874524478729,-0.027330651372153205,6.498242055766296,127.11044814158231,0.07419998291879892,15,1
D_tile320,ios-nmm@0.5-drop,ios,nmm,0.5,True,0.69,24,6,223,6466,0.026200873362445413,0.000927070457354759,0.0017907774958961348,66,6472.0,229.0,94.5909090909091,95.76937259517119,0.9631149098234606,-94.5909090909091,-0.9646168108776267,-46.778104386011066,0.015179896644316071,-0.03763914068815744,7.1606139171781065,127.1180481412448,0.07345000631175935,15,1
D_tile320,ios-nmm@0.5-drop,ios,nmm,0.5,True,0.7,24,6,209,6466,0.027906976744186046,0.000927070457354759,0.001794526693584567,66,6472.0,215.0,94.8030303030303,95.98871461444483,0.9651516133233805,-94.8030303030303,-0.9667799752781211,-46.99720881507383,0.023498881679530292,-0.045386054120764775,7.708159731357419,127.10629810998216,0.05765000241808593,15,1
D_tile320,ios-nmm@0.5-drop,ios,nmm,0.5,True,0.71,24,3,188,6469,0.015706806282722512,0.0004635352286773795,0.0009004952723998199,66,6472.0,191.0,95.16666666666667,96.30404818578343,0.9692446972485603,-95.16666666666667,-0.9704882571075402,-47.31307910509876,0.016421892570800845,-0.033353105223127365,6.16456510612243,127.1118981235195,0.05849997978657484,15,1
D_tile320,ios-nmm@0.5-drop,ios,nmm,0.5,True,0.72,24,3,172,6469,0.017142857142857144,0.0004635352286773795,0.0009026628554234992,66,6472.0,175.0,95.4090909090909,96.5359879511106,0.9717696941613536,-95.4090909090909,-0.9729604449938195,-47.54607488124907,0.0163335924333603,-0.03201371914030549,5.790799852667533,127.08954812795855,0.06555000436492264,15,1
D_tile320,ios-nmm@0.5-drop,ios,nmm,0.5,True,0.73,24,2,154,6470,0.01282051282051282,0.00030902348578491963,0.0006035003017501509,66,6472.0,156.0,95.6969696969697,96.80924699134016,0.9747874604893626,-95.6969696969697,-0.9758961681087762,-47.82129719542121,0.017949271811550926,-0.030975694926118506,5.401131781239983,127.09704812685959,0.04610000178217888,15,1
D_tile320,ios-nmm@0.5-drop,ios,nmm,0.5,True,0.74,24,2,135,6470,0.014598540145985401,0.00030902348578491963,0.0006052352852171281,66,6472.0,137.0,95.98484848484848,97.07486957513929,0.9778551540906817,-95.98484848484848,-0.978831891223733,-48.089573836049574,0.01713342340569113,-0.02693840259075537,4.717353660111647,127.08744814107195,0.03605001256801188,15,1
D_tile320,ios-nmm@0.5-drop,ios,nmm,0.5,True,0.75,24,2,123,6470,0.016,0.00030902348578491963,0.000606336213430347,66,6472.0,125.0,96.16666666666667,97.23877204016301,0.9798182549500639,-96.16666666666667,-0.9806860321384425,-48.25548072001569,0.014826184563044409,-0.022697810582106754,4.119700455869619,127.09469813806936,0.031099974876269698,15,1
D_tile320,ios-nmm@0.5-drop,ios,nmm,0.5,True,0.76,24,2,113,6470,0.017391304347826087,0.00030902348578491963,0.0006072567177774404,66,6472.0,115.0,96.31818181818181,97.38793093042428,0.9813628244504942,-96.31818181818181,-0.9822311495673671,-48.40670697580973,0.01706610890795124,-0.023518184557835158,4.048631673610744,127.11959815304726,0.03304998972453177,15,1
D_tile320,ios-nmm@0.5-drop,ios,nmm,0.5,True,0.77,24,2,106,6470,0.018518518518518517,0.00030902348578491963,0.00060790273556231,66,6472.0,108.0,96.42424242424242,97.49638687944007,0.9824053249565258,-96.42424242424242,-0.9833127317676144,-48.51681168710028,0.02253807464328561,-0.02624718370158479,4.210178377525103,127.07649629865773,0.023900007363408804,15,1
D_tile320,ios-nmm@0.5-drop,ios,nmm,0.5,True,0.78,24,2,92,6470,0.02127659574468085,0.00030902348578491963,0.0006091989034419737,66,6472.0,94.0,96.63636363636364,97.69355302695416,0.9847199092304504,-96.63636363636364,-0.9854758961681088,-48.71728908256837,0.01797813261430914,-0.021839168432583433,3.5658045166012124,127.07594629446976,0.02414998016320169,15,1
D_tile320,ios-nmm@0.5-drop,ios,nmm,0.5,True,0.79,24,2,73,6470,0.02666666666666667,0.00030902348578491963,0.0006109668550481135,66,6472.0,75.0,96.92424242424242,97.9643565360134,0.9877658714728853,-96.92424242424242,-0.9884116192830655,-48.993300677825026,0.018417009465834244,-0.018591157181740346,2.9594237769730842,127.08374626655132,0.024599983589723706,15,1
D_tile320,ios-nmm@0.5-drop,ios,nmm,0.5,True,0.8,24,1,65,6471,0.015151515151515152,0.00015451174289245981,0.00030590394616090543,66,6472.0,66.0,97.06060606060606,98.08654187486526,0.9892756882021098,-97.06060606060606,-0.9898022249690976,-49.118086017287645,0.01484956979746721,-0.014443843846716837,2.4163720814538086,127.07674627145752,0.025500019546598196,15,1
D_tile320,ios-nmm@0.5-drop,ios,nmm,0.5,True,0.81,24,0,53,6472,0.0,0.0,0.0,66,6472.0,53.0,97.25757575757575,98.28244702865,0.9913222700725842,-97.25757575757575,-0.9918108776266996,-49.318484484647286,0.02217407720694009,-0.016118076450244205,2.3835786482724317,127.07909631845541,0.0244499824475497,15,1
D_tile320,ios-nmm@0.5-drop,ios,nmm,0.5,True,0.82,24,0,43,6472,0.0,0.0,0.0,66,6472.0,43.0,97.4090909090909,98.42278930484268,0.9929587629945029,-97.4090909090909,-0.9933559950556242,-49.46229149824684,0.01950665827168674,-0.012834188786468375,1.9100434822124746,127.07599632395431,0.01829996472224593,15,1
D_tile320,ios-nmm@0.5-drop,ios,nmm,0.5,True,0.83,24,0,30,6472,0.0,0.0,0.0,66,6472.0,30.0,97.60606060606061,98.60296879174305,0.9951233847172549,-97.60606060606061,-0.9953646477132262,-49.64722005634989,0.008069773337829211,-0.006694538653247292,1.1110159721790376,127.07549629104324,0.017499987734481692,15,1
D_tile320,ios-nmm@0.5-drop,ios,nmm,0.5,True,0.84,24,0,19,6472,0.0,0.0,0.0,66,6472.0,19.0,97.77272727272727,98.76502570763753,0.9968633260440005,-97.77272727272727,-0.9970642768850433,-49.81383729329207,0.012209280398283062,-0.006326207480471274,0.9082305274789407,127.07699633156881,0.017400016076862812,15,1
D_tile320,ios-nmm@0.5-drop,ios,nmm,0.5,True,0.85,24,0,14,6472,0.0,0.0,0.0,66,6472.0,14.0,97.84848484848484,98.83549233678428,0.9976890567099024,-97.84848484848484,-0.9978368355995055,-49.88637222495946,0.005953049726446391,-0.004171230943645333,0.621154646473827,127.07594632357359,0.017149985069409013,15,1
D_tile320,ios-nmm@0.5-drop,ios,nmm,0.5,True,0.86,24,0,6,6472,0.0,0.0,0.0,66,6472.0,6.0,97.96969696969697,98.9496351839172,0.9989992969869131,-97.96969696969697,-0.9990729295426453,-50.00397510655294,0.005159426806536471,-0.0021597600585503054,0.30269647119602394,127.07694633118808,0.01659998088143766,15,1
D_tile320,ios-nmm@0.5-drop,ios,nmm,0.5,True,0.87,24,0,3,6472,0.0,0.0,0.0,66,6472.0,3.0,98.01515151515152,98.99946433892428,0.9994172494172493,-98.01515151515152,-0.9995364647713226,-50.0553573051552,0.032251533762648554,-0.004750037072293365,0.5112460595739798,127.07754630665295,0.016799982404336333,15,1
D_tile320,ios-nmm@0.5-drop,ios,nmm,0.5,True,0.88,24,0,1,6472,0.0,0.0,0.0,66,6472.0,1.0,98.04545454545455,99.02272466459404,0.9998057498057499,-98.04545454545455,-0.9998454882571075,-50.07935145012461,0.03225153376264811,-0.0015833456907644546,0.17041535319132656,127.07579632243142,0.016700010746717453,15,1
D_tile320,ios-nmm@0.5-drop,ios,nmm,0.5,True,0.89,24,0,0,6472,0.0,0.0,0.0,66,6472.0,0.0,98.06060606060606,99.03458226724887,1.0,-98.06060606060606,-1.0,-50.09158530693467,,0.0,0.0,127.07569632166997,0.015650002751499414,15,1
D_tile320,ios-nmm@0.5-drop,ios,nmm,0.5,True,0.9,24,0,0,6472,0.0,0.0,0.0,66,6472.0,0.0,98.06060606060606,99.03458226724887,1.0,-98.06060606060606,-1.0,-50.09158530693467,,0.0,0.0,127.07464631367475,0.01514999894425273,15,1
A_full640,ios-nmm@0.5-drop,ios,nmm,0.5,True,0.01,1,1896,3076,258,0.3813354786806114,0.8802228412256268,0.5321358405837777,59,2154.0,4972.0,47.76271186440678,57.472469459409105,1.4151712407996428,47.76271186440678,1.308263695450325,-4.378912189010738,0.928063806750743,2.143590002685237,6.01198532569491,16.95080044073984,2.3609999916516244,1,2
A_full640,ios-nmm@0.5-drop,ios,nmm,0.5,True,0.02,1,1870,2121,284,0.46855424705587573,0.8681522748375116,0.6086248982912937,59,2154.0,3991.0,31.135593220338983,38.27531841800928,0.8989176080319604,31.135593220338983,0.8528319405756731,-1.3856809508171262,0.9394828272995234,1.776934937738993,2.7708837984781267,16.401800414547324,1.9346000044606626,1,2
A_full640,ios-nmm@0.5-drop,ios,nmm,0.5,True,0.03,1,1846,1706,308,0.5197072072072072,0.8570102135561746,0.6470382053978269,59,2154.0,3552.0,23.694915254237287,29.341357402773447,0.6871751432137566,23.694915254237287,0.649025069637883,-0.4019584452571887,0.9431114771575875,1.5805056478859139,2.501539567012562,16.148599772248417,1.6909000114537776,1,2
A_full640,ios-nmm@0.5-drop,ios,nmm,0.5,True,0.04,1,1830,1440,324,0.5596330275229358,0.8495821727019499,0.6747787610619469,59,2154.0,3270.0,18.915254237288135,23.725835164168366,0.5516888682708593,18.915254237288135,0.5181058495821727,0.08332000071107315,0.9446262771830459,1.4576925487950583,2.2055974558549827,16.275100055150688,1.532500027678907,1,2
A_full640,ios-nmm@0.5-drop,ios,nmm,0.5,True,0.05,1,1808,1271,346,0.5872036375446573,0.8393686165273909,0.6909994267150773,59,2154.0,3079.0,15.745762711864407,19.981771353928508,0.45553239322646394,15.677966101694915,0.42943361188486534,0.34980637289987804,0.9493294472005661,1.3842499160278703,1.649587811457068,16.11800008127466,1.5341999824158847,1,2
A_full640,ios-nmm@0.5-drop,ios,nmm,0.5,True,0.06,1,1797,1143,357,0.6112244897959184,0.8342618384401114,0.7055359246171967,59,2154.0,2940.0,13.491525423728813,17.214499209992937,0.4008739945422542,13.322033898305085,0.3649025069637883,0.517426439010972,0.9487971518557333,1.3163152935936984,1.7738450440537827,15.80880011152476,1.3644000282511115,1,2
A_full640,ios-nmm@0.5-drop,ios,nmm,0.5,True,0.07,1,1786,1040,368,0.6319886765746638,0.8291550603528319,0.7172690763052209,59,2154.0,2826.0,11.694915254237289,14.913308809952838,0.3523692286567106,11.389830508474576,0.31197771587743733,0.6378214214540137,0.9523845453861384,1.266053178918177,1.6766347900041767,15.887099917978048,1.3692000065930188,1,2
A_full640,ios-nmm@0.5-drop,ios,nmm,0.5,True,0.08,1,1773,947,381,0.6518382352941177,0.8231197771587744,0.7275338530980715,59,2154.0,2720.0,9.932203389830509,12.936612083671282,0.2978686869014956,9.59322033898305,0.2627669452181987,0.7274690379086215,0.9545757064630396,1.2261119173059307,1.3382191546275333,15.801899909507483,1.2798999669030309,1,2
A_full640,ios-nmm@0.5-drop,ios,nmm,0.5,True,0.09,1,1758,867,396,0.6697142857142857,0.8161559888579387,0.7357187696170748,59,2154.0,2625.0,8.457627118644067,11.3114611143907,0.25379617796118403,7.983050847457627,0.21866295264623956,0.791641053997588,0.9529414906138635,1.187065110913383,1.153589001569033,15.800299955531955,1.2698000064119697,1,2
A_full640,ios-nmm@0.5-drop,ios,nmm,0.5,True,0.1,1,1748,801,406,0.6857591212240094,0.8115134633240483,0.7433553051243886,59,2154.0,2549.0,7.305084745762712,9.866052049875242,0.22383296964137123,6.694915254237288,0.18337975858867223,0.841488220043469,0.9540054227703094,1.1481932659497922,1.284605171934687,15.819499927107245,1.2339000240899622,1,2
A_full640,ios-nmm@0.5-drop,ios,nmm,0.5,True,0.11,1,1738,750,416,0.6985530546623794,0.8068709377901578,0.7488151658767772,59,2154.0,2488.0,6.440677966101695,8.808701399127061,0.19958305517460032,5.661016949152542,0.15506035283194058,0.8736432302557898,0.9546615815818735,1.1205652657589253,1.2593630094114263,15.602800362743437,1.2160000042058527,1,2
A_full640,ios-nmm@0.5-drop,ios,nmm,0.5,True,0.12,1,1729,702,425,0.7112299465240641,0.8026926648096564,0.7541984732824427,59,2154.0,2431.0,5.745762711864407,7.971346992908785,0.18363827677369196,4.694915254237288,0.12859795728876508,0.8965243491107375,0.9530859472309784,1.0934331455538744,1.2838136352026108,15.799799951724708,1.2289999867789447,1,2
A_full640,ios-nmm@0.5-drop,ios,nmm,0.5,True,0.13,1,1721,657,433,0.723717409587889,0.7989786443825441,0.7594880847308032,59,2154.0,2378.0,5.1525423728813555,7.182842079496322,0.1614526104305703,3.7966101694915255,0.10399257195914577,0.9159829604409402,0.9557556015086258,1.080569738035024,0.8551319368230194,15.633500421885401,1.1291999835520983,1,2
A_full640,ios-nmm@0.5-drop,ios,nmm,0.5,True,0.14,1,1713,625,441,0.73267750213858,0.7952646239554317,0.7626892252894034,59,2154.0,2338.0,4.813559322033898,6.742227163085213,0.15259560722379875,3.1186440677966103,0.08542246982358404,0.9259744743438245,0.9532655935542781,1.0577531771404936,1.0101636684639983,15.611300427466631,1.0538999922573566,1,2
A_full640,ios-nmm@0.5-drop,ios,nmm,0.5,True,0.15,1,1704,590,450,0.7428073234524848,0.7910863509749304,0.7661870503597122,59,2154.0,2294.0,4.711864406779661,6.4255844553799415,0.15090958007362026,2.3728813559322033,0.06499535747446611,0.9327642876590442,0.949689935782871,1.0355171700784145,1.0762036551033054,15.62059965217486,1.1708999518305063,1,2
A_full640,ios-nmm@0.5-drop,ios,nmm,0.5,True,0.16,1,1697,562,457,0.7512173528109783,0.7878365831012071,0.7690913210967596,59,2154.0,2259.0,4.593220338983051,6.163039091832667,0.14892873979941987,1.7796610169491525,0.04874651810584958,0.9381464567503768,0.9480586372534469,1.0151973181313374,1.2248301143237266,15.6666000764817,1.0433000279590487,1,2
A_full640,ios-nmm@0.5-drop,ios,nmm,0.5,True,0.17,1,1685,538,469,0.7579847053531265,0.7822655524605385,0.7699337445739091,59,2154.0,2223.0,4.3559322033898304,5.797427834093791,0.1443684921263068,1.1694915254237288,0.03203342618384401,0.945267480471217,0.9501610694761174,1.0004944765518937,1.1514389408003527,15.56390041578561,1.088900025933981,1,2
A_full640,ios-nmm@0.5-drop,ios,nmm,0.5,True,0.18,1,1676,508,478,0.7673992673992674,0.7780872794800371,0.772706316274781,59,2154.0,2184.0,4.406779661016949,5.680773401630976,0.14596926402785296,0.5084745762711864,0.013927576601671309,0.947447948974885,0.9490458804010679,0.9824664321996394,1.1485983905419754,15.680100372992456,1.1838999926112592,1,2
A_full640,ios-nmm@0.5-drop,ios,nmm,0.5,True,0.19,1,1667,484,487,0.7749883774988378,0.7739090064995358,0.7744483159117306,59,2154.0,2151.0,4.491525423728813,5.771055773925834,0.1475128230870928,-0.05084745762711865,-0.001392757660167131,0.9457642960796477,0.9463596662958421,0.9700123595747409,1.043955550440814,15.481000354047865,0.9973999694921076,1,2
A_full640,ios-nmm@0.5-drop,ios,nmm,0.5,True,0.2,1,1660,460,494,0.7830188679245284,0.7706592386258124,0.7767898923724849,59,2154.0,2120.0,4.5423728813559325,5.903173521684641,0.14523900577251908,-0.576271186440678,-0.015784586815227482,0.9432526171703591,0.9439263600621669,0.9551289428306513,1.0619026634368982,15.452600383199751,0.9669000282883644,1,2
A_full640,ios-nmm@0.5-drop,ios,nmm,0.5,True,0.21,1,1650,429,504,0.7936507936507936,0.766016713091922,0.7795889440113395,59,2154.0,2079.0,4.389830508474576,5.9218068703875755,0.13350221063158835,-1.271186440677966,-0.034818941504178275,0.9428938058976036,0.9456990505538525,0.9328784336180435,1.1793195590971983,15.404400231316686,0.9919999865815043,1,2
A_full640,ios-nmm@0.5-drop,ios,nmm,0.5,True,0.22,1,1645,407,509,0.8016569200779727,0.7636954503249768,0.7822158820732288,59,2154.0,2052.0,4.372881355932203,6.039418537507269,0.13217941092672778,-1.728813559322034,-0.04735376044568245,0.9406029339253953,0.9462175393688752,0.9196225324123064,1.2056451726083364,15.431700344197452,0.9848999907262623,1,2
A_full640,ios-nmm@0.5-drop,ios,nmm,0.5,True,0.23,1,1633,388,521,0.8080158337456704,0.7581244196843082,0.7822754491017964,59,2154.0,2021.0,4.3559322033898304,6.244997998398398,0.1330656848850785,-2.2542372881355934,-0.061745589600742806,0.9364904047222744,0.9466343668271788,0.9045735104654067,1.229638278940914,15.442200365941972,0.9519000304862857,1,2
A_full640,ios-nmm@0.5-drop,ios,nmm,0.5,True,0.24,1,1622,367,532,0.8154851684263449,0.7530176415970288,0.7830074825006034,59,2154.0,1989.0,4.389830508474576,6.37925663806037,0.12785316146935605,-2.7966101694915255,-0.0766016713091922,0.9337303180087705,0.9499332266417101,0.8925470173754474,1.126334314801457,15.330700386315584,0.9553999989293516,1,2
A_full640,ios-nmm@0.5-drop,ios,nmm,0.5,True,0.25,1,1611,353,543,0.820264765784114,0.7479108635097493,0.7824186498300146,59,2154.0,1964.0,4.6440677966101696,6.747253050598707,0.13635736962268288,-3.2203389830508473,-0.0882079851439183,0.9258640708752843,0.9473929939878586,0.8810847047221807,1.12107705132919,15.382100315764546,0.9221999789588153,1,2
A_full640,ios-nmm@0.5-drop,ios,nmm,0.5,True,0.26,1,1601,335,553,0.8269628099173554,0.7432683379758589,0.7828850855745721,59,2154.0,1936.0,4.88135593220339,7.0446517759267415,0.14170402787538972,-3.694915254237288,-0.10120705663881151,0.9191846610286047,0.9485952994326446,0.8660763823590227,1.194431735570588,15.330499906558543,0.8879000088199973,1,2
A_full640,ios-nmm@0.5-drop,ios,nmm,0.5,True,0.27,1,1591,321,563,0.8321129707112971,0.7386258124419685,0.7825873093949828,59,2154.0,1912.0,5.084745762711864,7.3806894170657555,0.14464487747626537,-4.101694915254237,-0.11234911792014857,0.9112908130279835,0.9476191642557044,0.8556212674505312,1.1693523713822986,15.30630043335259,0.909399997908622,1,2
A_full640,ios-nmm@0.5-drop,ios,nmm,0.5,True,0.28,1,1576,312,578,0.8347457627118644,0.7316620241411328,0.7798119742701632,59,2154.0,1888.0,5.322033898305085,7.752528291806115,0.15062159473292092,-4.508474576271187,-0.12349117920148561,0.9021273251391505,0.9467219800851588,0.842406065828536,1.2450395628022648,15.334800417535007,0.824499991722405,1,2
A_full640,ios-nmm@0.5-drop,ios,nmm,0.5,True,0.29,1,1557,293,597,0.8416216216216216,0.7228412256267409,0.7777222777222778,59,2154.0,1850.0,5.762711864406779,8.26468902898123,0.16241835072038752,-5.1525423728813555,-0.14113277623026926,0.8887685054457914,0.9484255322586369,0.8236187637244143,1.286867507417148,15.400900034233928,0.9054000256583095,1,2
A_full640,ios-nmm@0.5-drop,ios,nmm,0.5,True,0.3,1,1544,277,610,0.8478857770455793,0.7168059424326834,0.7768553459119497,59,2154.0,1821.0,6.254237288135593,8.811587132668562,0.17579867567835122,-5.6440677966101696,-0.15459610027855153,0.8735604276543847,0.9446404229932632,0.8099493173229593,1.2943927201075596,15.441600223537534,0.9150999831035733,1,2
A_full640,ios-nmm@0.5-drop,ios,nmm,0.5,True,0.31,1,1532,262,622,0.8539576365663322,0.7112349117920148,0.7760891590678825,59,2154.0,1794.0,6.677966101694915,9.344625936778051,0.18278323769428242,-6.101694915254237,-0.1671309192200557,0.8578003325202773,0.9422075918311563,0.7925256851798316,1.4728758325871707,15.503200168721378,0.8090999908745289,1,2
A_full640,ios-nmm@0.5-drop,ios,nmm,0.5,True,0.32,1,1520,252,634,0.8577878103837472,0.7056638811513464,0.7743250127356087,59,2154.0,1772.0,6.915254237288136,9.649800208698448,0.18769648769876174,-6.47457627118644,-0.17734447539461468,0.8483608359600938,0.9454266557552897,0.7804140504319299,1.5421717859258028,15.317300346214324,0.754699984099716,1,2
A_full640,ios-nmm@0.5-drop,ios,nmm,0.5,True,0.33,1,1510,238,644,0.8638443935926774,0.7010213556174559,0.7739620707329575,59,2154.0,1748.0,7.288135593220339,10.01524262041428,0.19604931640757947,-6.88135593220339,-0.18848653667595172,0.8366580682948371,0.9463657478526952,0.7707317598032194,1.4888777861671947,15.290300006978214,0.7872999995015562,1,2
A_full640,ios-nmm@0.5-drop,ios,nmm,0.5,True,0.34,1,1491,225,663,0.8688811188811189,0.692200557103064,0.7705426356589147,59,2154.0,1716.0,7.694915254237288,10.541282847348164,0.20801430498262818,-7.423728813559322,-0.20334261838440112,0.8190487150626821,0.9458941071394915,0.7585672623775855,1.3906121498081492,15.257500411011279,0.7984000258147717,1,2
A_full640,ios-nmm@0.5-drop,ios,nmm,0.5,True,0.35,1,1480,212,674,0.8747044917257684,0.6870937790157846,0.7696307852314094,59,2154.0,1692.0,8.0,10.901718104368625,0.2168870924245387,-7.830508474576271,-0.21448467966573817,0.8064627196491041,0.9487784355167901,0.748056945734824,1.3675481167320187,15.282300062477589,0.8178999996744096,1,2
A_full640,ios-nmm@0.5-drop,ios,nmm,0.5,True,0.36,1,1466,203,688,0.8783702816057519,0.680594243268338,0.7669369605022233,59,2154.0,1669.0,8.389830508474576,11.42773907380559,0.2247587994503739,-8.220338983050848,-0.22516248839368616,0.7873353187245218,0.945446967338979,0.7322608291300488,1.5544097297266932,15.227400414645672,0.7333999965339899,1,2
A_full640,ios-nmm@0.5-drop,ios,nmm,0.5,True,0.37,1,1444,192,710,0.882640586797066,0.6703806870937791,0.7620052770448549,59,2154.0,1636.0,8.915254237288135,12.014115991234954,0.24437568993004213,-8.779661016949152,-0.2404828226555246,0.7649510154780049,0.9422932950669075,0.7213248041975773,1.3943452840409924,15.182600060012192,0.7647000020369887,1,2
A_full640,ios-nmm@0.5-drop,ios,nmm,0.5,True,0.38,1,1432,184,722,0.8861386138613861,0.6648096564531105,0.7596816976127321,59,2154.0,1616.0,9.254237288135593,12.396008105400405,0.2506565270594078,-9.11864406779661,-0.24976787372330547,0.7497705385537332,0.9424691842065374,0.7100959293866899,1.4653113237469462,15.224700201768428,0.7819000165909529,1,2
A_full640,ios-nmm@0.5-drop,ios,nmm,0.5,True,0.39,1,1415,174,739,0.8904971680302077,0.6569173630454967,0.7560780122896072,59,2154.0,1589.0,9.64406779661017,12.85578416280695,0.26441134753822065,-9.576271186440678,-0.26230269266480966,0.7308639445662313,0.940951234066705,0.7018633859995302,1.308241806051045,15.218900045379996,0.7682000286877155,1,2
A_full640,ios-nmm@0.5-drop,ios,nmm,0.5,True,0.4,1,1406,167,748,0.8938334392879848,0.6527390900649953,0.754494231285216,59,2154.0,1573.0,9.88135593220339,13.106474011607743,0.265881745217992,-9.847457627118644,-0.26973073351903437,0.7202652115863761,0.9439603543621319,0.694773705636284,1.2958887806685389,15.293400338850915,0.7608000305481255,1,2
A_full640,ios-nmm@0.5-drop,ios,nmm,0.5,True,0.41,1,1389,158,765,0.8978668390433097,0.6448467966573816,0.7506079437989733,59,2154.0,1547.0,10.322033898305085,13.633831300562706,0.27809167106288474,-10.288135593220339,-0.28180129990714947,0.6973012901300235,0.9414024751417523,0.6815313709584611,1.338668253482621,15.226400407031178,0.71720004780218,1,2
A_full640,ios-nmm@0.5-drop,ios,nmm,0.5,True,0.42,1,1372,148,782,0.9026315789473685,0.6369545032497679,0.7468698965704954,59,2154.0,1520.0,10.779661016949152,14.080880172797366,0.2901138250272211,-10.745762711864407,-0.2943361188486537,0.6771250562543096,0.9446938142657724,0.6705939425920675,1.2803499602828208,15.05100021790713,0.6647999980486929,1,2
A_full640,ios-nmm@0.5-drop,ios,nmm,0.5,True,0.43,1,1359,143,795,0.9047936085219707,0.6309192200557103,0.7434354485776805,59,2154.0,1502.0,11.084745762711865,14.474993047625741,0.2968821182124232,-11.05084745762712,-0.30269266480965645,0.6587980804766436,0.9436712765528225,0.658784981760037,1.406392360828475,15.156800038181245,0.7152999751269817,1,2
A_full640,ios-nmm@0.5-drop,ios,nmm,0.5,True,0.44,1,1340,127,814,0.9134287661895024,0.6220984215413184,0.7401270367301851,59,2154.0,1467.0,11.677966101694915,15.071018320615863,0.31558278766152315,-11.64406779661017,-0.318941504178273,0.6301207795233377,0.9444311889612058,0.647242205561902,1.2345811732146221,15.143700167071074,0.6797000532969832,1,2
A_full640,ios-nmm@0.5-drop,ios,nmm,0.5,True,0.45,1,1325,115,829,0.9201388888888888,0.6151346332404828,0.7373400111296605,59,2154.0,1440.0,12.101694915254237,15.525812296225507,0.3271805660851645,-12.101694915254237,-0.33147632311977715,0.6074604676054705,0.9419004552805084,0.6412729332798156,0.9948830799199505,15.04070019768551,0.6826000171713531,1,2
A_full640,ios-nmm@0.5-drop,ios,nmm,0.5,True,0.46,1,1295,107,859,0.9236804564907275,0.6012070566388115,0.7283464566929133,59,2154.0,1402.0,12.745762711864407,16.194788866813855,0.3493503228291371,-12.745762711864407,-0.3491179201485608,0.5729041819524011,0.9403702136614404,0.6292754444909135,0.7888252977385093,14.995500202756375,0.6781999836675823,1,2
A_full640,ios-nmm@0.5-drop,ios,nmm,0.5,True,0.47,1,1271,102,883,0.9257101238164603,0.5900649953574745,0.7207258293166997,59,2154.0,1373.0,13.23728813559322,16.841735890240358,0.36019912673716037,-13.23728813559322,-0.36258124419684307,0.5380994884951165,0.9324815190695888,0.6136187356557358,0.8689024304668658,15.021200345363468,0.6572999991476536,1,2
A_full640,ios-nmm@0.5-drop,ios,nmm,0.5,True,0.48,1,1252,98,902,0.9274074074074075,0.5812441968430826,0.7146118721461188,59,2154.0,1350.0,13.627118644067796,17.328334785566614,0.3675145920326542,-13.627118644067796,-0.3732590529247911,0.5110230378356428,0.9279322172721787,0.6019627491212164,0.9046142100491478,15.067100224085152,0.6121000042185187,1,2
A_full640,ios-nmm@0.5-drop,ios,nmm,0.5,True,0.49,1,1232,90,922,0.9319213313161876,0.5719591457753017,0.7088607594936708,59,2154.0,1322.0,14.101694915254237,17.96889968618567,0.3757705864230646,-14.101694915254237,-0.3862581244196843,0.47420348107750043,0.9234778316535033,0.5831179062262877,1.1180344065860364,14.957200202159584,0.6431000074371696,1,2
A_full640,ios-nmm@0.5-drop,ios,nmm,0.5,True,0.5,1,1207,86,947,0.9334880123743233,0.5603528319405757,0.7003191180736874,59,2154.0,1293.0,14.59322033898305,18.56322225097203,0.3886986311629528,-14.59322033898305,-0.3997214484679666,0.43884677027751506,0.9183978542423152,0.5692276528877523,1.1336209437251048,15.12090030591935,0.6245000404305756,1,2
A_full640,ios-nmm@0.5-drop,ios,nmm,0.5,True,0.51,1,1189,79,965,0.9376971608832808,0.5519962859795728,0.6949152542372882,59,2154.0,1268.0,15.016949152542374,18.953108952967344,0.4036398853706749,-15.016949152542374,-0.4113277623026927,0.4150272219399761,0.9219758864974094,0.5630647067244132,0.9348918934849799,14.872700199019164,0.561299966648221,1,2
A_full640,ios-nmm@0.5-drop,ios,nmm,0.5,True,0.52,1,1171,73,983,0.9413183279742765,0.5436397400185701,0.6892289582107121,59,2154.0,1244.0,15.423728813559322,19.450066445793,0.4174106298290208,-15.423728813559322,-0.42246982358402974,0.3839486455459218,0.9147628223173243,0.5525543900816517,0.9118278604088497,14.944200219586492,0.5663000047206879,1,2
A_full640,ios-nmm@0.5-drop,ios,nmm,0.5,True,0.53,1,1158,70,996,0.9429967426710097,0.5376044568245125,0.6848018923713778,59,2154.0,1228.0,15.694915254237289,19.651195676737427,0.4307891496350352,-15.694915254237289,-0.4298978644382544,0.37114184319526344,0.9200120411468969,0.551343694418169,0.6848420715807431,15.06310038594529,0.6210000137798488,1,2
A_full640,ios-nmm@0.5-drop,ios,nmm,0.5,True,0.54,1,1141,62,1013,0.9484621778886118,0.5297121634168988,0.6797736073875483,59,2154.0,1203.0,16.11864406779661,20.15406759634308,0.4401226331428909,-16.11864406779661,-0.4415041782729805,0.338545219108782,0.9173220893580001,0.5394121670236067,0.6967151225618836,15.077000362798572,0.5398000357672572,1,2
A_full640,ios-nmm@0.5-drop,ios,nmm,0.5,True,0.55,1,1122,58,1032,0.9508474576271186,0.520891364902507,0.6730653869226155,59,2154.0,1180.0,16.508474576271187,20.607716178696148,0.4520317141573671,-16.508474576271187,-0.4521819870009285,0.3084326730644541,0.9143829766641071,0.5293294299157846,0.6749899654474566,15.08540043933317,0.5215000128373504,1,2
A_full640,ios-nmm@0.5-drop,ios,nmm,0.5,True,0.56,1,1098,55,1056,0.9522983521248916,0.5097493036211699,0.6640459631085575,59,2154.0,1153.0,16.966101694915253,21.169613656675015,0.4608772148745728,-16.966101694915253,-0.4647168059424327,0.2702054720824246,0.9114368338014448,0.514941893157511,0.7426298667579836,14.90750031080097,0.4960999940522015,1,2
A_full640,ios-nmm@0.5-drop,ios,nmm,0.5,True,0.57,1,1084,52,1070,0.954225352112676,0.5032497678737233,0.6589665653495441,59,2154.0,1136.0,17.25423728813559,21.504433914104823,0.46924632604977734,-17.25423728813559,-0.4726090993500464,0.24693794108758638,0.910342348798559,0.5071210237208401,0.7400222865306813,14.88800019910559,0.5047000013291836,1,2
A_full640,ios-nmm@0.5-drop,ios,nmm,0.5,True,0.58,1,1064,48,1090,0.9568345323741008,0.49396471680594245,0.651561543172076,59,2154.0,1112.0,17.661016949152543,22.02002170598847,0.48069190114953786,-17.661016949152543,-0.48375116063138346,0.21039439300079432,0.902461826767375,0.49481665071430103,0.7824565145999225,14.954300398007035,0.5436000064946711,1,2
A_full640,ios-nmm@0.5-drop,ios,nmm,0.5,True,0.59,1,1040,46,1114,0.9576427255985267,0.4828226555246054,0.6419753086419754,59,2154.0,1086.0,18.10169491525424,22.568915175599155,0.49263971487983566,-18.10169491525424,-0.4958217270194986,0.17053874085779752,0.8983090484323424,0.48066348742102183,0.8584889507647318,14.897000401746482,0.49780000699684024,1,2
A_full640,ios-nmm@0.5-drop,ios,nmm,0.5,True,0.6,1,1025,43,1129,0.9597378277153558,0.47585886722376974,0.6362507759155804,59,2154.0,1068.0,18.406779661016948,22.927298509618453,0.5023573570583235,-18.406779661016948,-0.5041782729805014,0.1439867066738897,0.893381874941548,0.4731602618620575,0.8273355245614947,14.850299766752869,0.5231000250205398,1,2
A_full640,ios-nmm@0.5-drop,ios,nmm,0.5,True,0.61,1,993,37,1161,0.9640776699029127,0.4610027855153203,0.6237437185929647,59,2154.0,1030.0,19.050847457627118,23.624893507068744,0.5202084567835782,-19.050847457627118,-0.5218198700092851,0.09110344524315428,0.8972601792156146,0.45790587075122063,0.7401822779978057,14.83089979365468,0.4330000374466181,1,2
A_full640,ios-nmm@0.5-drop,ios,nmm,0.5,True,0.62,1,968,36,1186,0.9641434262948207,0.44939647168059427,0.6130462317922736,59,2154.0,1004.0,19.491525423728813,24.18642286175154,0.5315446003840102,-19.491525423728813,-0.5338904363974002,0.047383671701251906,0.8868208630654292,0.44435992653491246,0.7940460719287921,14.851799778174609,0.4477000329643488,1,2
A_full640,ios-nmm@0.5-drop,ios,nmm,0.5,True,0.63,1,947,32,1207,0.9673135852911133,0.43964716805942433,0.6045323970635174,59,2154.0,979.0,19.915254237288135,24.666246751655578,0.542446998894904,-19.915254237288135,-0.5454967502321263,0.009211672453492525,0.8848747505991426,0.43394644683277706,0.7504975173253904,14.949900397099555,0.4718999844044447,1,2
A_full640,ios-nmm@0.5-drop,ios,nmm,0.5,True,0.64,1,923,30,1231,0.968520461699895,0.4285051067780873,0.5941422594142259,59,2154.0,953.0,20.35593220338983,25.17767372568975,0.5541330659046177,-20.35593220338983,-0.5575673166202414,-0.03230003171760676,0.8807719903817105,0.4226361728544068,0.7227404012136883,14.799700359348208,0.43070001993328333,1,2
A_full640,ios-nmm@0.5-drop,ios,nmm,0.5,True,0.65,1,898,28,1256,0.9697624190064795,0.4168987929433612,0.5831168831168831,59,2154.0,926.0,20.8135593220339,25.68518665611216,0.5698730379878527,-20.8135593220339,-0.5701021355617456,-0.0743361523642716,0.8707184738297644,0.41396201559308643,0.5817935324151123,14.852799727581441,0.4240999696776271,1,2
A_full640,ios-nmm@0.5-drop,ios,nmm,0.5,True,0.66,1,869,23,1285,0.9742152466367713,0.4034354688950789,0.5705843729481287,59,2154.0,892.0,21.389830508474578,26.282687477062712,0.5896164948918498,-21.389830508474578,-0.585886722376973,-0.12490094095566362,0.867906891946137,0.4041992614195079,0.3619456085149129,14.791000409517437,0.3671000013127923,1,2
A_full640,ios-nmm@0.5-drop,ios,nmm,0.5,True,0.67,1,843,20,1311,0.9768250289687138,0.39136490250696376,0.5588332780908187,59,2154.0,863.0,21.88135593220339,26.80595683861888,0.6049504016515689,-21.88135593220339,-0.5993500464252554,-0.17013876218999324,0.8609512909811632,0.39571877803944017,0.18002969666179322,14.811899765394628,0.31509995460510254,1,2
A_full640,ios-nmm@0.5-drop,ios,nmm,0.5,True,0.68,1,823,18,1331,0.9785969084423306,0.38207985143918294,0.5495826377295493,59,2154.0,841.0,22.25423728813559,27.259269920710818,0.613110286023541,-22.25423728813559,-0.6095636025998143,-0.21004961606726003,0.8630979912358403,0.38335873548732363,0.2583946400051641,14.792600421700627,0.34030003007501364,1,2
A_full640,ios-nmm@0.5-drop,ios,nmm,0.5,True,0.69,1,793,18,1361,0.9778051787916153,0.3681522748375116,0.5349072512647555,59,2154.0,811.0,22.76271186440678,27.85464693605366,0.6273322775432457,-22.76271186440678,-0.6234911792014856,-0.26348489484069626,0.8559208491059144,0.37020013903352056,0.230320347827062,14.764900443609804,0.3217000048607588,1,2
A_full640,ios-nmm@0.5-drop,ios,nmm,0.5,True,0.7,1,757,17,1397,0.9780361757105943,0.351439182915506,0.5170765027322405,59,2154.0,774.0,23.389830508474578,28.539594856554483,0.6492684308814153,-23.389830508474578,-0.6406685236768802,-0.3263872710414508,0.8487505896157561,0.35758139682842643,0.06389273273846365,14.831099736969918,0.2968000480905175,1,2
A_full640,ios-nmm@0.5-drop,ios,nmm,0.5,True,0.71,1,727,17,1427,0.9771505376344086,0.3375116063138347,0.5017253278122843,59,2154.0,744.0,23.89830508474576,29.1948451451767,0.6654543534789282,-23.89830508474576,-0.6545961002785515,-0.38799240648685873,0.8267391339112827,0.3416075119268493,0.13860032728079041,14.74480046518147,0.2606000052765012,1,2
A_full640,ios-nmm@0.5-drop,ios,nmm,0.5,True,0.72,1,693,16,1461,0.9774330042313117,0.32172701949860727,0.48410757946210276,59,2154.0,709.0,24.491525423728813,29.82690174652088,0.6836065993570226,-24.491525423728813,-0.6708449396471681,-0.4487419150510803,0.8222150547863089,0.33042354700146986,-0.046310512562136745,14.714300407562405,0.2376000047661364,1,2
A_full640,ios-nmm@0.5-drop,ios,nmm,0.5,True,0.73,1,656,13,1498,0.9805680119581465,0.3045496750232126,0.4647538080056678,59,2154.0,669.0,25.16949152542373,30.690085629274535,0.699685435283533,-25.16949152542373,-0.6894150417827298,-0.5338077875612717,0.8079135622397042,0.30738617916985944,0.11678254352750282,14.657400077208877,0.2239999594166875,1,2
A_full640,ios-nmm@0.5-drop,ios,nmm,0.5,True,0.74,1,620,13,1534,0.9794628751974723,0.2878365831012071,0.4449228561176893,59,2154.0,633.0,25.779661016949152,31.403065811682804,0.7187254254362491,-25.779661016949152,-0.7061281337047354,-0.6059012525179943,0.794449392635285,0.2917449081078249,0.07765199891093458,14.635200024582446,0.2313000150024891,1,2
A_full640,ios-nmm@0.5-drop,ios,nmm,0.5,True,0.75,1,587,11,1567,0.9816053511705686,0.2725162488393686,0.4265988372093023,59,2154.0,598.0,26.372881355932204,31.983576293816377,0.7390042909301259,-26.372881355932204,-0.7223769730733519,-0.6658227350681649,0.8167730974703746,0.28213419260914274,-0.16469577762870286,14.642600080929697,0.2025000285357237,1,2
A_full640,ios-nmm@0.5-drop,ios,nmm,0.5,True,0.76,1,551,7,1603,0.9874551971326165,0.25580315691736305,0.40634218289085544,59,2154.0,558.0,27.050847457627118,32.73519849243293,0.7626379732082972,-27.050847457627118,-0.7409470752089137,-0.7450372237457277,0.8148947658206985,0.2670458745124236,-0.29181040169085765,14.614300098270178,0.20790001144632697,1,2
A_full640,ios-nmm@0.5-drop,ios,nmm,0.5,True,0.77,1,516,7,1638,0.9866156787762906,0.2395543175487465,0.38550616361598805,59,2154.0,523.0,27.64406779661017,33.49753342804082,0.7747084962606853,-27.64406779661017,-0.7571959145775302,-0.82726020694101,0.7935031532098921,0.24705723297096668,-0.15527592914342803,14.592700050212443,0.1976999919861555,1,2
A_full640,ios-nmm@0.5-drop,ios,nmm,0.5,True,0.78,1,481,7,1673,0.985655737704918,0.22330547818013,0.36411809235427706,59,2154.0,488.0,28.23728813559322,34.215171577849716,0.7895271408929612,-28.23728813559322,-0.7734447539461468,-0.9063918930171677,0.7745628523808259,0.2302426911500392,-0.1346229955455013,14.467499615158886,0.15020003775134683,1,2
A_full640,ios-nmm@0.5-drop,ios,nmm,0.5,True,0.79,1,449,6,1705,0.9868131868131869,0.2084493964716806,0.34419317746262934,59,2154.0,455.0,28.796610169491526,34.88455537039035,0.8035162685753036,-28.796610169491526,-0.7887650882079852,-0.9817146594286901,0.7566175405456124,0.21483532574169148,-0.13144562114581906,14.470999641809613,0.12669997522607446,1,2
A_full640,ios-nmm@0.5-drop,ios,nmm,0.5,True,0.8,1,402,4,1752,0.9901477832512315,0.18662952646239556,0.3140625,59,2154.0,406.0,29.627118644067796,35.957602152290036,0.8214594122030557,-29.627118644067796,-0.8115134633240483,-1.1055045485293418,0.6982436059001123,0.1869837117458999,0.05486584575138443,14.468099619727582,0.15550001990050077,1,2
A_full640,ios-nmm@0.5-drop,ios,nmm,0.5,True,0.81,1,353,4,1801,0.988795518207283,0.1638811513463324,0.281162883313421,59,2154.0,357.0,30.45762711864407,36.8793268073417,0.8462019725797907,-30.45762711864407,-0.8342618384401114,-1.2148315832512324,0.6920070177937008,0.16840598910748156,-0.09739831419517306,14.482199610676616,0.10730000212788582,1,2
A_full640,ios-nmm@0.5-drop,ios,nmm,0.5,True,0.82,1,313,3,1841,0.990506329113924,0.14531104921077065,0.2534412955465587,59,2154.0,316.0,31.152542372881356,37.724694065994505,0.8632729087649681,-31.152542372881356,-0.8532961931290622,-1.317534409860714,0.6648365989736784,0.1478667336572459,-0.04245668301199363,14.48899960424751,0.09980000322684646,1,2
A_full640,ios-nmm@0.5-drop,ios,nmm,0.5,True,0.83,1,268,2,1886,0.9925925925925926,0.1244196843082637,0.2211221122112211,59,2154.0,270.0,31.93220338983051,38.663257204057686,0.8836968342325638,-31.93220338983051,-0.8746518105849582,-1.4342860778419304,0.6351035957369381,0.12549319007079857,-0.005293752754239053,14.466299664229155,0.10820000898092985,1,2
A_full640,ios-nmm@0.5-drop,ios,nmm,0.5,True,0.84,1,208,0,1946,1.0,0.09656453110492108,0.17612193056731584,59,2154.0,208.0,32.983050847457626,39.86034944185912,0.9141857813032752,-32.983050847457626,-0.903435468895079,-1.5873604869728584,0.580683652336982,0.10086011786973699,-0.1568253201934493,14.464899595361203,0.06059999577701092,1,2
A_full640,ios-nmm@0.5-drop,ios,nmm,0.5,True,0.85,1,159,0,1995,1.0,0.07381615598885793,0.13748378728923474,59,2154.0,159.0,33.813559322033896,40.92634972355726,0.9311170102755283,-33.813559322033896,-0.9261838440111421,-1.7276004928859936,0.4758055900768704,0.07270489433545999,0.04057046782066385,14.468099619727582,0.045199994929134846,1,2
A_full640,ios-nmm@0.5-drop,ios,nmm,0.5,True,0.86,1,107,0,2047,1.0,0.04967502321262767,0.0946483856700575,59,2154.0,107.0,34.69491525423729,41.90890039363226,0.9570420302304679,-34.69491525423729,-0.9503249767873724,-1.8601398568684524,0.45855855881827334,0.053120441763573764,-0.1257869755718291,14.434600373264402,0.023600005079060793,1,2
A_full640,ios-nmm@0.5-drop,ios,nmm,0.5,True,0.87,1,68,0,2086,1.0,0.031569173630454965,0.06120612061206121,59,2154.0,68.0,35.355932203389834,42.727754644366144,0.972953360055462,-35.355932203389834,-0.968430826369545,-1.9729998025836282,0.4374084341029202,0.03252551676776069,-0.03491462911451756,14.39340040879324,0.020299979951232672,1,2
A_full640,ios-nmm@0.5-drop,ios,nmm,0.5,True,0.88,1,43,0,2111,1.0,0.019962859795728878,0.03914428766499773,59,2154.0,43.0,35.779661016949156,43.218992999978646,0.9840382538857496,-35.779661016949156,-0.9800371402042711,-2.0417535626170116,0.31184115298800064,0.02227764226843574,-0.08450917705441677,14.383000053465366,0.016200006939470768,1,2
A_full640,ios-nmm@0.5-drop,ios,nmm,0.5,True,0.89,1,25,0,2129,1.0,0.01160631383472609,0.02294630564479119,59,2154.0,25.0,36.08474576271186,43.61600545904439,0.9907359252717238,-36.08474576271186,-0.9883936861652739,-2.0978937263696813,0.1377675554212091,0.011765922191752114,-0.005827057644645004,14.385700074024498,0.015199999324977398,1,2
A_full640,ios-nmm@0.5-drop,ios,nmm,0.5,True,0.9,1,12,0,2142,1.0,0.005571030640668524,0.011080332409972301,59,2154.0,12.0,36.30508474576271,43.8811955401616,0.9949319196579437,-36.30508474576271,-0.9944289693593314,-2.1356793134775502,0.07230984042634236,0.005572568293433705,-5.613735688478874e-05,14.383200054988265,0.014000048395246267,1,2
B_full1280,ios-nmm@0.5-drop,ios,nmm,0.5,True,0.01,1,1971,3996,183,0.33031674208144796,0.915041782729805,0.4854082009604729,59,2154.0,5967.0,64.62711864406779,75.12960553016796,2.1807109131358837,64.62711864406779,1.7701949860724233,-8.191723575912208,0.9031269126199939,2.3422905164356145,15.622139450808243,25.81190032651648,2.953200018964708,1,2
B_full1280,ios-nmm@0.5-drop,ios,nmm,0.5,True,0.02,1,1934,2644,220,0.42245522062035823,0.8978644382544104,0.5745692216280451,59,2154.0,4578.0,41.08474576271186,48.514195022117676,1.3794127670679581,41.08474576271186,1.1253481894150419,-2.832766813840104,0.9085919886028283,1.8582615944693477,9.750924161237723,24.84400029433891,2.111600013449788,1,2
B_full1280,ios-nmm@0.5-drop,ios,nmm,0.5,True,0.03,1,1911,2094,243,0.4771535580524345,0.8871866295264624,0.6205552849488554,59,2154.0,4005.0,31.372881355932204,37.49553645752102,1.0537006018447028,31.372881355932204,0.8593314763231198,-1.289464327984379,0.9101623484596211,1.6471799866580215,7.745327266756297,24.67220032121986,1.969299977645278,1,2
B_full1280,ios-nmm@0.5-drop,ios,nmm,0.5,True,0.04,1,1895,1787,259,0.5146659424225964,0.8797585886722377,0.6494174091843729,59,2154.0,3682.0,25.89830508474576,31.30386882463301,0.869036828029363,25.89830508474576,0.7093779015784587,-0.5957717342794349,0.9152892806380373,1.534436993769689,6.386825685086265,24.476100749336183,1.837699965108186,1,2
B_full1280,ios-nmm@0.5-drop,ios,nmm,0.5,True,0.05,1,1876,1598,278,0.5400115141047783,0.8709377901578459,0.6666666666666666,59,2154.0,3474.0,22.372881355932204,27.107444721368225,0.7655035568079613,22.372881355932204,0.6128133704735376,-0.19660799377249583,0.9212894454336672,1.4494473745025993,5.964243310532213,24.667000339832157,1.8680000212043524,1,2
B_full1280,ios-nmm@0.5-drop,ios,nmm,0.5,True,0.06,1,1868,1441,286,0.5645210033242671,0.8672237697307336,0.6838733296723413,59,2154.0,3309.0,19.610169491525422,23.79467252722689,0.669487200728539,19.576271186440678,0.5362116991643454,0.07799303335401053,0.9300706820094278,1.390571918035716,5.317086246628245,24.183699557557702,1.588099985383451,1,2
B_full1280,ios-nmm@0.5-drop,ios,nmm,0.5,True,0.07,1,1855,1337,299,0.581140350877193,0.8611884865366759,0.6939768050879161,59,2154.0,3192.0,17.627118644067796,21.502069273696602,0.6121353517842282,17.593220338983052,0.4818941504178273,0.24710354629039666,0.9318837150919239,1.3422839670773112,5.096954829075779,24.37840042775497,1.6542000230401754,1,2
B_full1280,ios-nmm@0.5-drop,ios,nmm,0.5,True,0.08,1,1849,1241,305,0.5983818770226538,0.8584029712163417,0.7051868802440885,59,2154.0,3090.0,15.898305084745763,19.409939791556912,0.5656908710805099,15.864406779661017,0.43454038997214484,0.3864879253223453,0.9353038737871691,1.2958279651985816,5.064179033258572,24.08049921132624,1.5115999849513173,1,2
B_full1280,ios-nmm@0.5-drop,ios,nmm,0.5,True,0.09,1,1840,1156,314,0.6141522029372497,0.8542246982358404,0.7145631067961166,59,2154.0,2996.0,14.305084745762711,17.478315863484355,0.510133207698872,14.271186440677965,0.39090064995357476,0.5025219707580508,0.9403851742701326,1.2564083131940569,4.91011005728817,24.257499343715608,1.4590999926440418,1,2
B_full1280,ios-nmm@0.5-drop,ios,nmm,0.5,True,0.1,1,1833,1081,321,0.6290322580645161,0.850974930362117,0.7233622730860301,59,2154.0,2914.0,12.915254237288135,15.957570861400246,0.455641559484254,12.88135593220339,0.3528319405756732,0.5853245721631688,0.9436759297216942,1.232083528644554,4.4083403271123744,23.98979959450662,1.359499990940094,1,2
B_full1280,ios-nmm@0.5-drop,ios,nmm,0.5,True,0.11,1,1829,1031,325,0.6395104895104895,0.8491179201485608,0.7295572397287594,59,2154.0,2860.0,12.0,14.897389146754223,0.426344755440515,11.966101694915254,0.3277623026926648,0.6385942457337948,0.9461175025793827,1.2113403074643037,4.2503894529133825,24.078300412744284,1.5161000192165375,1,2
B_full1280,ios-nmm@0.5-drop,ios,nmm,0.5,True,0.12,1,1825,978,329,0.6510881198715662,0.8472609099350047,0.7363324591486787,59,2154.0,2803.0,11.101694915254237,13.83620894487004,0.3993578543873245,11.0,0.30129990714948934,0.6882482057097306,0.9477415202478967,1.1910256014416072,4.025946686352169,24.17890075640753,1.3866000226698816,1,2
B_full1280,ios-nmm@0.5-drop,ios,nmm,0.5,True,0.13,1,1822,939,332,0.6599058312205722,0.8458681522748375,0.7414038657171923,59,2154.0,2761.0,10.389830508474576,13.055942214893726,0.3802999623668721,10.288135593220339,0.28180129990714947,0.7224180792229093,0.9475776687479324,1.171245603743239,4.036219822662086,24.260000457521528,1.37929996708408,1,2
B_full1280,ios-nmm@0.5-drop,ios,nmm,0.5,True,0.14,1,1813,907,341,0.6665441176470588,0.8416898792943361,0.7439474764054165,59,2154.0,2720.0,9.694915254237289,12.404209236370573,0.3541414096553739,9.59322033898305,0.2627669452181987,0.7494393281481129,0.9475836969060414,1.1614706864756685,3.698171886973043,23.971099568530917,1.2803000281564891,1,2
B_full1280,ios-nmm@0.5-drop,ios,nmm,0.5,True,0.15,1,1810,869,344,0.675625233296006,0.840297121634169,0.7490171735981792,59,2154.0,2679.0,9.135593220338983,11.710490733540546,0.3351883477129432,8.898305084745763,0.24373259052924792,0.7766813840103967,0.9480804704052894,1.1487148755575138,3.4689518313409278,24.082800388801843,1.3157000066712499,1,2
B_full1280,ios-nmm@0.5-drop,ios,nmm,0.5,True,0.16,1,1807,832,347,0.6847290640394089,0.8389043639740018,0.7540162737325266,59,2154.0,2639.0,8.559322033898304,11.046128242626118,0.3174461342232804,8.220338983050848,0.22516248839368616,0.8013013574948518,0.947888919554096,1.134012969600685,3.3277298894936114,24.051900720689446,1.3189000310376287,1,2
B_full1280,ios-nmm@0.5-drop,ios,nmm,0.5,True,0.17,1,1802,797,352,0.6933435936898807,0.8365831012070566,0.7582579423521986,59,2154.0,2599.0,8.084745762711865,10.317830543221964,0.30242813168626587,7.5423728813559325,0.20659238625812443,0.8266389535248179,0.9481688671759354,1.1136804867483088,3.3920717210871607,23.979400590527803,1.2876000255346298,1,2
B_full1280,ios-nmm@0.5-drop,ios,nmm,0.5,True,0.18,1,1797,768,357,0.7005847953216374,0.8342618384401114,0.7616020343293071,59,2154.0,2565.0,7.576271186440678,9.710207803812457,0.28172363886260277,6.966101694915254,0.19080779944289694,0.8464563761277761,0.9491678582490748,1.0991151816932336,3.347557603945334,23.954800333827734,1.1625000042840838,1,2
B_full1280,ios-nmm@0.5-drop,ios,nmm,0.5,True,0.19,1,1787,737,367,0.7080031695721077,0.8296193129062209,0.7640017101325353,59,2154.0,2524.0,7.016949152542373,9.146639653400179,0.2597732991217532,6.271186440677966,0.17177344475394615,0.8637621198214458,0.948017539294227,1.0864421733764842,3.1153145516449636,23.884300708770752,1.1374999885447323,1,2
B_full1280,ios-nmm@0.5-drop,ios,nmm,0.5,True,0.2,1,1782,702,372,0.717391304347826,0.8272980501392758,0.7684346701164294,59,2154.0,2484.0,6.440677966101695,8.483283662292289,0.2400204602043399,5.593220338983051,0.1532033426183844,0.882806718144623,0.9501546512413843,1.0749971697415899,2.8551880741799054,23.931800737511367,1.1544000008143485,1,2
B_full1280,ios-nmm@0.5-drop,ios,nmm,0.5,True,0.21,1,1773,676,381,0.7239689669252756,0.8231197771587744,0.7703671518574843,59,2154.0,2449.0,6.084745762711864,7.93298199858228,0.2279778246478651,5.0,0.13695450324976788,0.8975179803275989,0.9512243625855054,1.062405560592324,2.7216681776971905,23.88349959999323,1.1565000168047845,1,2
B_full1280,ios-nmm@0.5-drop,ios,nmm,0.5,True,0.22,1,1768,649,386,0.7314853123707075,0.8207985143918292,0.7735725224239772,59,2154.0,2417.0,5.711864406779661,7.384133241539833,0.21869312718979936,4.4576271186440675,0.12209842154131847,0.9112080104265784,0.9525758466691214,1.0452177053481122,2.806797672545184,23.666399576701224,1.1425999691709876,1,2
B_full1280,ios-nmm@0.5-drop,ios,nmm,0.5,True,0.23,1,1761,620,393,0.739605207895842,0.8175487465181058,0.7766262403528115,59,2154.0,2381.0,5.338983050847458,6.8159832099737505,0.2085917492135518,3.847457627118644,0.1053853296193129,0.9243460231828572,0.9538889659680624,1.0259055189571173,2.9016866468876064,23.94390063872561,1.1347000254318118,1,2
B_full1280,ios-nmm@0.5-drop,ios,nmm,0.5,True,0.24,1,1759,593,395,0.747874149659864,0.8166202414113277,0.7807367953839326,59,2154.0,2352.0,4.88135593220339,6.180889080909678,0.1926118323300436,3.3559322033898304,0.09192200557103064,0.9377876454776213,0.959799461365286,1.019163890206557,2.656287805001284,23.80100073106587,1.0156999924220145,1,2
B_full1280,ios-nmm@0.5-drop,ios,nmm,0.5,True,0.25,1,1747,572,407,0.7533419577404054,0.8110492107706593,0.7811312318354571,59,2154.0,2319.0,4.830508474576271,5.978776021215748,0.18810549253110323,2.7966101694915255,0.0766016713091922,0.941789771212202,0.9565387008446333,1.0004168198748695,2.7813927116869586,23.75290048541501,1.0460999910719693,1,2
B_full1280,ios-nmm@0.5-drop,ios,nmm,0.5,True,0.26,1,1739,553,415,0.7587260034904014,0.8073351903435468,0.7822762033288349,59,2154.0,2292.0,4.677966101694915,5.79596586765166,0.18113915543346196,2.3389830508474576,0.06406685236768803,0.945295081338352,0.9550932642225979,0.9842352267528184,2.914530874142854,23.70970040000975,1.1150999926030636,1,2
B_full1280,ios-nmm@0.5-drop,ios,nmm,0.5,True,0.27,1,1727,538,427,0.7624724061810154,0.8017641597028784,0.7816248019914008,59,2154.0,2265.0,4.52542372881356,5.7120152874504635,0.17114306796043421,1.88135593220339,0.05153203342618384,0.9468683307650493,0.9531056135689573,0.9743466313375564,2.817921289811907,23.605800423771143,1.0217000381089747,1,2
B_full1280,ios-nmm@0.5-drop,ios,nmm,0.5,True,0.28,1,1714,529,440,0.7641551493535443,0.7957288765088208,0.7796224698658176,59,2154.0,2243.0,4.3559322033898304,5.549469359271346,0.16467371265742592,1.5084745762711864,0.04131847725162489,0.9498492244156335,0.9537032192487128,0.9656023023801301,2.7642820453084607,23.736100426409394,1.0311999940313399,1,2
B_full1280,ios-nmm@0.5-drop,ios,nmm,0.5,True,0.29,1,1702,508,452,0.7701357466063349,0.7901578458681523,0.7800183318056829,59,2154.0,2210.0,4.169491525423729,5.323437146322614,0.15631722409013696,0.9491525423728814,0.025998142989786442,0.9538513501502142,0.9553262361337691,0.9580611841052686,2.4802747362245943,23.908400733955204,1.1613999959081411,1,2
B_full1280,ios-nmm@0.5-drop,ios,nmm,0.5,True,0.3,1,1692,489,462,0.7757909215955984,0.7855153203342619,0.7806228373702422,59,2154.0,2181.0,3.9491525423728815,5.202672064446259,0.15021028070951695,0.4576271186440678,0.012534818941504178,0.9559214151853421,0.9563569926232298,0.9468482148788323,2.398117714423652,23.73730076989159,1.0578999645076692,1,2
B_full1280,ios-nmm@0.5-drop,ios,nmm,0.5,True,0.31,1,1684,477,470,0.7792688570106432,0.7818012999071495,0.7805330243337195,59,2154.0,2161.0,4.084745762711864,5.42904929717777,0.15318011519434688,0.11864406779661017,0.0032497678737233053,0.9520020920521666,0.9523615048505795,0.9344601036482734,2.511405707485071,23.663400502409786,1.0135999764315784,1,2
B_full1280,ios-nmm@0.5-drop,ios,nmm,0.5,True,0.32,1,1673,458,481,0.7850774284373534,0.77669452181987,0.7808634772462076,59,2154.0,2131.0,4.11864406779661,5.509621784060121,0.1528936308015643,-0.3898305084745763,-0.010677808727948004,0.9505668469611446,0.9517188834171091,0.9223779410127367,2.444032458619748,23.764000638388097,1.0246000019833446,1,2
B_full1280,ios-nmm@0.5-drop,ios,nmm,0.5,True,0.33,1,1664,442,490,0.7901234567901234,0.7725162488393686,0.7812206572769953,59,2154.0,2106.0,4.135593220338983,5.692695289668765,0.15238287688677557,-0.8135593220338984,-0.022284122562674095,0.9472271420378048,0.9501038174137759,0.9087627607229372,2.5173731085219266,23.758700700011104,0.9888000204227865,1,2
B_full1280,ios-nmm@0.5-drop,ios,nmm,0.5,True,0.34,1,1653,429,501,0.7939481268011528,0.7674094707520891,0.7804532577903682,59,2154.0,2082.0,4.237288135593221,5.877275974578353,0.14901726512750335,-1.2203389830508475,-0.033426183844011144,0.9437494327787899,0.9489883373530664,0.8973140145975842,2.5285697043526056,23.751099340151995,1.094200008083135,1,2
B_full1280,ios-nmm@0.5-drop,ios,nmm,0.5,True,0.35,1,1641,411,513,0.7997076023391813,0.7618384401114207,0.7803138373751782,59,2154.0,2052.0,4.338983050847458,6.123032371605495,0.15190799429356894,-1.728813559322034,-0.04735376044568245,0.9389468818972929,0.9478409306461102,0.8860598779760984,2.430966488804806,23.731800684239715,0.9924000478349626,1,2
B_full1280,ios-nmm@0.5-drop,ios,nmm,0.5,True,0.36,1,1633,398,521,0.8040374199901527,0.7581244196843082,0.7804062126642773,59,2154.0,2031.0,4.389830508474576,6.2693767430074505,0.15205695333371652,-2.0847457627118646,-0.057103064066852366,0.9359935891138438,0.9485672247776905,0.8763630851968596,2.4290493980671863,23.63750047981739,0.944300030823797,1,2
B_full1280,ios-nmm@0.5-drop,ios,nmm,0.5,True,0.37,1,1626,386,528,0.8081510934393639,0.754874651810585,0.7806048967834854,59,2154.0,2012.0,4.372881355932203,6.375270017545152,0.1405075521981527,-2.406779661016949,-0.06592386258124419,0.9338131206101756,0.9491566866756201,0.874256063068449,2.183939663568818,23.718699384480715,0.9791000047698617,1,2
B_full1280,ios-nmm@0.5-drop,ios,nmm,0.5,True,0.38,1,1614,380,540,0.8094282848545636,0.7493036211699164,0.7782063645130182,59,2154.0,1994.0,4.440677966101695,6.540616256664899,0.13889627748813263,-2.711864406779661,-0.07428040854224698,0.9303354113511607,0.949544510655727,0.8666700349080799,2.15580923403383,23.671400424093008,0.9006000473164022,1,2
B_full1280,ios-nmm@0.5-drop,ios,nmm,0.5,True,0.39,1,1606,363,548,0.8156424581005587,0.7455896007428041,0.7790443851564395,59,2154.0,1969.0,4.52542372881356,6.720825211640586,0.14176029970986312,-3.135593220338983,-0.08588672237697308,0.9264436890851201,0.951054260184235,0.8606174922132809,1.9530495215693764,23.633600634988397,0.8721000049263239,1,2
B_full1280,ios-nmm@0.5-drop,ios,nmm,0.5,True,0.4,1,1599,347,555,0.8216855087358684,0.7423398328690808,0.7799999999999999,59,2154.0,1946.0,4.745762711864407,6.952624184496632,0.14219294308603964,-3.5254237288135593,-0.09656453110492108,0.9212823269308678,0.9516746640614654,0.8533776444203677,1.8275348121784396,23.714600403793156,0.9816000238060951,1,2
B_full1280,ios-nmm@0.5-drop,ios,nmm,0.5,True,0.41,1,1595,337,559,0.8255693581780539,0.7404828226555246,0.780714635340186,59,2154.0,1932.0,4.88135593220339,7.187559874474267,0.1425369350358925,-3.76271186440678,-0.10306406685236769,0.9158725569724001,0.9507865212839289,0.8446038433505768,1.9105647698789385,23.556000452023,0.9181000059470534,1,2
B_full1280,ios-nmm@0.5-drop,ios,nmm,0.5,True,0.42,1,1586,327,568,0.829064296915839,0.7363045496750232,0.7799360708138678,59,2154.0,1913.0,5.0,7.333461734879998,0.14367302069283786,-4.084745762711864,-0.11188486536675951,0.9124224485805201,0.9523390550353692,0.8421656108165462,1.677547022053553,23.63110070163384,0.8584000170230865,1,2
B_full1280,ios-nmm@0.5-drop,ios,nmm,0.5,True,0.43,1,1575,315,579,0.8333333333333334,0.7311977715877437,0.7789317507418397,59,2154.0,1890.0,5.288135593220339,7.673418790356968,0.14916065698953992,-4.47457627118644,-0.12256267409470752,0.9041145875728733,0.9518337640995582,0.8318896676387786,1.6628755238317134,23.769099360797554,0.9215000318363309,1,2
B_full1280,ios-nmm@0.5-drop,ios,nmm,0.5,True,0.44,1,1566,308,588,0.8356456776947705,0.7270194986072424,0.7775571002979146,59,2154.0,1874.0,5.4576271186440675,7.9040860490752785,0.15189658701403766,-4.745762711864407,-0.12999071494893222,0.8982632037402449,0.9514369951436988,0.8261524297651494,1.6011468862011555,23.555600448977202,0.9330000029876828,1,2
B_full1280,ios-nmm@0.5-drop,ios,nmm,0.5,True,0.45,1,1555,294,599,0.8409951325040562,0.7219127205199629,0.7769173120159881,59,2154.0,1849.0,5.813559322033898,8.387844312061938,0.16254823325240744,-5.169491525423729,-0.14159702878365832,0.8854288005224517,0.9467591557371163,0.8168981864826858,1.5152763782422802,23.453799712471664,0.8869000012055039,1,2
B_full1280,ios-nmm@0.5-drop,ios,nmm,0.5,True,0.46,1,1533,289,621,0.8413830954994511,0.7116991643454039,0.7711267605633803,59,2154.0,1822.0,6.169491525423729,8.812548833859166,0.17227312956419275,-5.627118644067797,-0.1541318477251625,0.8735328267872497,0.9462376021612686,0.8048015216966207,1.499280038397948,23.72959935106337,0.8507999591529369,1,2
B_full1280,ios-nmm@0.5-drop,ios,nmm,0.5,True,0.47,1,1512,275,642,0.8461108002238389,0.7019498607242339,0.7673179396092362,59,2154.0,1787.0,6.661016949152542,9.329196016007208,0.18410755489826722,-6.220338983050848,-0.17038068709377902,0.8582695472615729,0.9476257627290607,0.7896154310366603,1.4604807041870034,23.663500731810927,0.8621999877505004,1,2
B_full1280,ios-nmm@0.5-drop,ios,nmm,0.5,True,0.48,1,1500,267,654,0.8488964346349746,0.6963788300835655,0.7651109410864575,59,2154.0,1767.0,6.966101694915254,9.680488851642755,0.1927323886267683,-6.559322033898305,-0.1796657381615599,0.8473948056103675,0.9462169153111667,0.781257046407817,1.426649526060367,23.469000429846346,0.8213000255636871,1,2
B_full1280,ios-nmm@0.5-drop,ios,nmm,0.5,True,0.49,1,1489,258,665,0.8523182598740698,0.6912720519962859,0.7633940015380671,59,2154.0,1747.0,7.305084745762712,10.00931769292823,0.2016171412827681,-6.898305084745763,-0.18895078922934075,0.8368512743647825,0.9478173719216592,0.7696969611913098,1.5097075524393055,23.443699751980603,0.818000000435859,1,2
B_full1280,ios-nmm@0.5-drop,ios,nmm,0.5,True,0.5,1,1470,246,684,0.8566433566433567,0.6824512534818942,0.7596899224806202,59,2154.0,1716.0,7.762711864406779,10.65483100423529,0.21048903644255457,-7.423728813559322,-0.20334261838440112,0.8151293919295064,0.942010187299603,0.7549791496500305,1.5216086720988853,23.420999753754586,0.7599000236950815,1,2
B_full1280,ios-nmm@0.5-drop,ios,nmm,0.5,True,0.51,1,1453,238,701,0.8592548787699587,0.6745589600742804,0.7557867360208063,59,2154.0,1691.0,8.152542372881356,11.029236954413944,0.22436569919376817,-7.8474576271186445,-0.2149489322191272,0.8019085765718226,0.940743317664025,0.7503066503119833,1.268465681830305,23.539200672879815,0.7742000161670148,1,2
B_full1280,ios-nmm@0.5-drop,ios,nmm,0.5,True,0.52,1,1439,227,715,0.8637454981992797,0.6680594243268339,0.7534031413612566,59,2154.0,1666.0,8.474576271186441,11.392831525546734,0.23174115820509056,-8.271186440677965,-0.2265552460538533,0.7886325594798687,0.9431204118788346,0.7415492226379504,1.1644571938619455,23.57090062322095,0.7081999792717397,1,2
B_full1280,ios-nmm@0.5-drop,ios,nmm,0.5,True,0.53,1,1417,214,737,0.8687921520539547,0.6578458681522749,0.7487450462351387,59,2154.0,1631.0,9.033898305084746,12.026101556367625,0.24499126483920639,-8.864406779661017,-0.2428040854224698,0.7644818007367092,0.9416069103816568,0.7264459345793958,1.1226348629827427,23.432400309946388,0.7551999879069626,1,2
B_full1280,ios-nmm@0.5-drop,ios,nmm,0.5,True,0.54,1,1403,195,751,0.8779724655819775,0.6513463324048282,0.7478678038379531,59,2154.0,1598.0,9.525423728813559,12.592707063472917,0.25581179926040476,-9.423728813559322,-0.25812441968430827,0.7417662870845718,0.9421417053158054,0.7129430290033656,1.0562833140127232,23.44460044335574,0.7077999762259424,1,2
B_full1280,ios-nmm@0.5-drop,ios,nmm,0.5,True,0.55,1,1394,185,760,0.882837238758708,0.6471680594243269,0.7468523975354943,59,2154.0,1579.0,9.847457627118644,12.83467231990447,0.2709385362484717,-9.745762711864407,-0.2669452181987001,0.7317471723145526,0.9443028997592463,0.7105047964693345,0.8232655661873447,23.55780063988641,0.7048000115901232,1,2
B_full1280,ios-nmm@0.5-drop,ios,nmm,0.5,True,0.56,1,1372,178,782,0.8851612903225806,0.6369545032497679,0.7408207343412526,59,2154.0,1550.0,10.305084745762711,13.42777288852335,0.28244225109869325,-10.23728813559322,-0.28040854224698236,0.7063819754174514,0.9403783984279814,0.6963385344594488,0.848928758887243,23.422699708491564,0.7553999894298613,1,2
B_full1280,ios-nmm@0.5-drop,ios,nmm,0.5,True,0.57,1,1358,157,796,0.8963696369636963,0.6304549675023212,0.7402562005996183,59,2154.0,1515.0,10.864406779661017,14.015125001710093,0.30121169329191794,-10.830508474576272,-0.2966573816155989,0.680133550772029,0.9401746576056706,0.6854305782054196,0.6539412634834922,23.513600680045784,0.6413999944925308,1,2
B_full1280,ios-nmm@0.5-drop,ios,nmm,0.5,True,0.58,1,1345,152,809,0.8984635938543755,0.6244196843082637,0.7367844426184607,59,2154.0,1497.0,11.169491525423728,14.314269282249295,0.30949489285777515,-11.135593220338983,-0.3050139275766017,0.6663331172045093,0.9439212367128534,0.6766853136253786,0.6681327873039717,23.403499736916274,0.6873000529594719,1,2
B_full1280,ios-nmm@0.5-drop,ios,nmm,0.5,True,0.59,1,1330,147,824,0.9004739336492891,0.617455896007428,0.7325805563205727,59,2154.0,1477.0,11.474576271186441,14.718258003040571,0.31329705705650396,-11.474576271186441,-0.31429897864438255,0.6472333171470621,0.9428511292216651,0.6661464604928673,0.7139071881078618,23.406199699267745,0.645000021904707,1,2
B_full1280,ios-nmm@0.5-drop,ios,nmm,0.5,True,0.6,1,1304,139,850,0.9036729036729036,0.6053853296193129,0.7250486516541561,59,2154.0,1443.0,12.05084745762712,15.371666649821039,0.3310089361339925,-12.05084745762712,-0.33008356545961004,0.6152163112704164,0.9405575633672166,0.6514707519692519,0.673423733190368,23.37770063476637,0.5800999933853745,1,2
B_full1280,ios-nmm@0.5-drop,ios,nmm,0.5,True,0.61,1,1277,131,877,0.9069602272727273,0.5928505106778087,0.7170129140932061,59,2154.0,1408.0,12.64406779661017,15.992583026653536,0.3518315248532926,-12.64406779661017,-0.3463324048282266,0.5835029149322563,0.940630689629595,0.6389067436871204,0.5388961711515725,23.509200619067997,0.6686000269837677,1,2
B_full1280,ios-nmm@0.5-drop,ios,nmm,0.5,True,0.62,1,1257,126,897,0.9088937093275488,0.5835654596100278,0.7107718405428329,59,2154.0,1383.0,13.067796610169491,16.401219466856727,0.3645064882373029,-13.067796610169491,-0.3579387186629526,0.5619466376997906,0.9426389419521517,0.6316397628383794,0.3804737431547504,23.363099343609065,0.6161000346764922,1,2
B_full1280,ios-nmm@0.5-drop,ios,nmm,0.5,True,0.63,1,1244,120,910,0.9120234604105572,0.5775301764159703,0.7072200113700966,59,2154.0,1364.0,13.389830508474576,16.702785721174106,0.37803973715605993,-13.389830508474576,-0.36675951717734445,0.5456897269572523,0.9436933360209998,0.6273522722063011,0.21496958758690557,23.422199537046254,0.5933999782428145,1,2
B_full1280,ios-nmm@0.5-drop,ios,nmm,0.5,True,0.64,1,1219,111,935,0.9165413533834587,0.5659238625812442,0.6997703788748564,59,2154.0,1330.0,13.966101694915254,17.383023083613036,0.3967482800929858,-13.966101694915254,-0.38254410399257194,0.5079317407165185,0.9374050557707319,0.6136149931652766,0.14022550376260745,23.395300624892116,0.5654999986290932,1,2
B_full1280,ios-nmm@0.5-drop,ios,nmm,0.5,True,0.65,1,1193,101,961,0.9219474497681608,0.5538532961931291,0.6919953596287703,59,2154.0,1294.0,14.576271186440678,18.009413734234865,0.41332026820401796,-14.576271186440678,-0.39925719591457753,0.47182980650388706,0.9410571117975697,0.6005130018796658,0.008389727986437081,23.35000071488321,0.5570999928750098,1,2
B_full1280,ios-nmm@0.5-drop,ios,nmm,0.5,True,0.66,1,1170,92,984,0.9270998415213946,0.5431754874651811,0.6850117096018735,59,2154.0,1262.0,15.11864406779661,18.689251873556103,0.42986030735737674,-15.11864406779661,-0.4141132776230269,0.43120133008110917,0.9332876259751876,0.5851468038663669,0.027013296132978083,23.395600627176464,0.5734000005759299,1,2
B_full1280,ios-nmm@0.5-drop,ios,nmm,0.5,True,0.67,1,1146,79,1008,0.9355102040816327,0.532033426183844,0.6783071914767682,59,2154.0,1225.0,15.745762711864407,19.38241383578668,0.4467497027775651,-15.745762711864407,-0.43129062209842156,0.38822677995185284,0.934655742703485,0.5694643654092835,-0.027563442230449587,23.339300357736647,0.5200000014156103,1,2
B_full1280,ios-nmm@0.5-drop,ios,nmm,0.5,True,0.68,1,1117,73,1037,0.938655462184874,0.5185701021355618,0.6680622009569378,59,2154.0,1190.0,16.338983050847457,20.032177505034753,0.4637052099136314,-16.338983050847457,-0.44753946146703805,0.34652186971080845,0.9390539003962964,0.554112669546513,-0.06031678310489869,23.39180065644905,0.5168000352568924,1,2
B_full1280,ios-nmm@0.5-drop,ios,nmm,0.5,True,0.69,1,1093,70,1061,0.939810834049871,0.5074280408542247,0.6590292432921314,59,2154.0,1163.0,16.796610169491526,20.521588467278526,0.4800326168307334,-16.796610169491526,-0.46007428040854226,0.31420125429567736,0.9398254937220447,0.5446104862711414,-0.17103368522100215,23.387600624468178,0.4979000077582896,1,2
B_full1280,ios-nmm@0.5-drop,ios,nmm,0.5,True,0.7,1,1058,67,1096,0.9404444444444444,0.4911792014856082,0.6453186947240012,59,2154.0,1125.0,17.440677966101696,21.36962837648686,0.49375849079439016,-17.440677966101696,-0.4777158774373259,0.25634983678063483,0.9337610317856645,0.5214346462925485,0.03101308281101981,23.33440032042563,0.4980000085197389,1,2
B_full1280,ios-nmm@0.5-drop,ios,nmm,0.5,True,0.71,1,1021,63,1133,0.9418819188191881,0.4740018570102136,0.6306361951822113,59,2154.0,1084.0,18.135593220338983,22.18642125570488,0.512609619155988,-18.135593220338983,-0.49675023212627667,0.19841561666418728,0.9276623753303433,0.503821082758627,-0.020857834950557225,23.328400725033134,0.5107999895699322,1,2
B_full1280,ios-nmm@0.5-drop,ios,nmm,0.5,True,0.72,1,994,59,1160,0.9439696106362773,0.46146703806870937,0.6198939819145619,59,2154.0,1053.0,18.661016949152543,22.91361818450078,0.5213955920187138,-18.661016949152543,-0.5111420612813371,0.1450079387578861,0.9214428328131797,0.48223065530072307,0.24195200817359652,23.31540035037324,0.4610999603755772,1,2
B_full1280,ios-nmm@0.5-drop,ios,nmm,0.5,True,0.73,1,961,53,1193,0.9477317554240631,0.44614670380687094,0.6066919191919191,59,2154.0,1014.0,19.322033898305083,23.667900023564062,0.5418122827329593,-19.322033898305083,-0.5292479108635098,0.08779134118694953,0.9162826854664378,0.46676949159202735,0.14539856119954292,23.30950015829876,0.4537000204436481,1,2
B_full1280,ios-nmm@0.5-drop,ios,nmm,0.5,True,0.74,1,922,48,1232,0.9505154639175257,0.42804085422469823,0.5902688860435339,59,2154.0,970.0,20.06779661016949,24.551571457178646,0.5621462419233809,-20.06779661016949,-0.5496750232126276,0.018402761209460605,0.9100503751475464,0.44676915476788603,0.12981763779615935,23.28969936678186,0.4524000105448067,1,2
B_full1280,ios-nmm@0.5-drop,ios,nmm,0.5,True,0.75,1,892,42,1262,0.9550321199143469,0.4141132776230269,0.577720207253886,59,2154.0,934.0,20.677966101694917,25.264700369206096,0.5765254529989576,-20.677966101694917,-0.5663881151346333,-0.03944865630558181,0.9101454237575124,0.4299962481533149,0.13200138097897868,23.232200151775032,0.416700029745698,1,2
B_full1280,ios-nmm@0.5-drop,ios,nmm,0.5,True,0.76,1,848,35,1306,0.9603624009060022,0.393686165273909,0.5584458347053013,59,2154.0,883.0,21.54237288135593,26.23072334987404,0.6026132119839611,-21.54237288135593,-0.5900649953574745,-0.12045720134692228,0.9042817674567516,0.41106018205344824,-0.04107851090047187,23.237700135447085,0.40309998439624906,1,2
B_full1280,ios-nmm@0.5-drop,ios,nmm,0.5,True,0.77,1,812,28,1342,0.9666666666666667,0.37697307335190344,0.5424181696726788,59,2154.0,840.0,22.271186440677965,27.09806422506528,0.6239322061585754,-22.271186440677965,-0.6100278551532033,-0.19577996775844464,0.8992099696475762,0.39096300828868075,-0.03617491277658309,23.227400173433125,0.3606000100262463,1,2
B_full1280,ios-nmm@0.5-drop,ios,nmm,0.5,True,0.78,1,760,23,1394,0.9706257982120051,0.3528319405756732,0.5175348995573715,59,2154.0,783.0,23.23728813559322,28.18371930562581,0.6542149536807604,-23.23728813559322,-0.6364902506963789,-0.2935146382836191,0.8907161887628257,0.3695718684477178,-0.2213187226505815,23.29409934207797,0.38330000825226307,1,2
B_full1280,ios-nmm@0.5-drop,ios,nmm,0.5,True,0.79,1,705,20,1449,0.9724137931034482,0.32729805013927576,0.4897533865925669,59,2154.0,725.0,24.220338983050848,29.369360259186756,0.6838185183574709,-24.220338983050848,-0.6634168987929434,-0.4046357293692875,0.8660039478045741,0.34341981293161444,-0.24959791618131302,23.20380072388798,0.31999999191612005,1,2
B_full1280,ios-nmm@0.5-drop,ios,nmm,0.5,True,0.8,1,647,17,1507,0.9743975903614458,0.30037140204271123,0.4591909155429383,59,2154.0,664.0,25.25423728813559,30.673789396359286,0.707167542343567,-25.25423728813559,-0.691736304549675,-0.5321793364003042,0.8539931943791612,0.309167604628338,-0.03300034524474589,23.214100188575685,0.3133999998681247,1,2
B_full1280,ios-nmm@0.5-drop,ios,nmm,0.5,True,0.81,1,597,13,1557,0.978688524590164,0.27715877437325903,0.4319826338639652,59,2154.0,610.0,26.16949152542373,31.75969090060064,0.7330886942928887,-26.16949152542373,-0.7168059424326834,-0.6425828049404616,0.8432027683576426,0.28422905164356155,-0.03778605491917829,23.15050072548911,0.26439997600391507,1,2
B_full1280,ios-nmm@0.5-drop,ios,nmm,0.5,True,0.82,1,529,8,1625,0.9851024208566108,0.2455896007428041,0.3931623931623932,59,2154.0,537.0,27.406779661016948,33.05337235031871,0.7730001290734647,-27.406779661016948,-0.7506963788300836,-0.7791242946575014,0.8495385355152829,0.2626208473559773,-0.4861916136402554,23.12509955186397,0.22789998911321163,1,2
B_full1280,ios-nmm@0.5-drop,ios,nmm,0.5,True,0.83,1,465,6,1689,0.9872611464968153,0.21587743732590528,0.35428571428571426,59,2154.0,471.0,28.52542372881356,34.38343116943175,0.8020853147011604,-28.52542372881356,-0.7813370473537604,-0.9251880835361295,0.837384342101034,0.23210972607776703,-0.4909211859578016,23.071499357465655,0.19779999274760485,1,2
B_full1280,ios-nmm@0.5-drop,ios,nmm,0.5,True,0.84,1,408,6,1746,0.9855072463768116,0.1894150417827298,0.31775700934579443,59,2154.0,414.0,29.491525423728813,35.47832950417451,0.8324317810011012,-29.491525423728813,-0.807799442896936,-1.049750796916562,0.8090318944456925,0.21074618710393928,-0.6770726613878835,23.17660007532686,0.1852000132203102,1,2
B_full1280,ios-nmm@0.5-drop,ios,nmm,0.5,True,0.85,1,327,6,1827,0.9819819819819819,0.15181058495821728,0.2629674306393245,59,2154.0,333.0,30.864406779661017,37.115257952509985,0.8685513917815539,-30.864406779661017,-0.8454038997214485,-1.243260476400323,0.7489417434259937,0.17429058754293345,-0.7190156875843813,23.03960075415671,0.11889997404068708,1,2
B_full1280,ios-nmm@0.5-drop,ios,nmm,0.5,True,0.86,1,268,2,1886,0.9925925925925926,0.1244196843082637,0.2211221122112211,59,2154.0,270.0,31.93220338983051,38.463277666022684,0.891144191812881,-31.93220338983051,-0.8746518105849582,-1.4091692887490446,0.6976660160063302,0.13962483404393872,-0.5212185174685423,23.110800039954484,0.09730004239827394,1,2
B_full1280,ios-nmm@0.5-drop,ios,nmm,0.5,True,0.87,1,203,1,1951,0.9950980392156863,0.09424326833797586,0.17217981340118743,59,2154.0,204.0,33.05084745762712,39.76797110016714,0.923240293209768,-33.05084745762712,-0.9052924791086351,-1.5753817106362513,0.7063738301135234,0.1103557517868053,-0.5712930398098072,22.908400744665414,0.05770003190264106,1,2
B_full1280,ios-nmm@0.5-drop,ios,nmm,0.5,True,0.88,1,134,1,2020,0.9925925925925926,0.06220984215413185,0.11708169506334644,59,2154.0,135.0,34.220338983050844,41.19548272092669,0.9518692753069126,-34.220338983050844,-0.9373259052924791,-1.7635920236300846,0.6592153921167139,0.0760778138616233,-0.4893493399650266,22.93040000507608,0.04140002420172095,1,2
B_full1280,ios-nmm@0.5-drop,ios,nmm,0.5,True,0.89,1,78,1,2076,0.9873417721518988,0.036211699164345405,0.06986117330944917,59,2154.0,79.0,35.16949152542373,42.390237123538604,0.9730755926270603,-35.16949152542373,-0.9633240482822656,-1.9262163327897368,0.5561605843287369,0.0458955639324967,-0.3365939781457268,22.873700038995594,0.023800006601959467,1,2
B_full1280,ios-nmm@0.5-drop,ios,nmm,0.5,True,0.9,1,49,1,2105,0.98,0.02274837511606314,0.044464609800362986,59,2154.0,50.0,35.66101694915254,43.009655991121065,0.9837142839636488,-35.66101694915254,-0.9767873723305478,-2.0123586391181942,0.3688598651761722,0.030542464635804217,-0.2676011665342761,22.848400020971894,0.020499981474131346,1,2
C_tile640,ios-nmm@0.5-drop,ios,nmm,0.5,True,0.01,24,1667,1770,487,0.4850160023276113,0.7739090064995358,0.5963155070649258,59,2154.0,3437.0,21.74576271186441,24.188875437176783,0.9966327466066308,21.74576271186441,0.595636025998143,0.04719046563130669,0.8979588428550057,1.167168160388171,15.642708178370835,59.58029856765643,4.733500012662262,6,2
C_tile640,ios-nmm@0.5-drop,ios,nmm,0.5,True,0.02,24,1759,1457,395,0.5469527363184079,0.8166202414113277,0.65512104283054,59,2154.0,3216.0,18.0,20.715179073997806,0.7649590181878221,18.0,0.49303621169916434,0.3012012458750738,0.9095146095875151,1.180426868461752,11.412890259887897,58.87339998735115,3.854600014165044,6,2
C_tile640,ios-nmm@0.5-drop,ios,nmm,0.5,True,0.03,24,1792,1314,362,0.5769478428847392,0.8319405756731661,0.6813688212927757,59,2154.0,3106.0,16.135593220338983,19.138212728483243,0.6554100049892396,16.135593220338983,0.44196843082636955,0.4035452612117997,0.9138802159875886,1.1948050489938782,9.02355804181672,58.591900165658444,3.917900030501187,6,2
C_tile640,ios-nmm@0.5-drop,ios,nmm,0.5,True,0.04,24,1798,1241,356,0.5916419874958868,0.8347260909935005,0.6924706335451569,59,2154.0,3039.0,15.033898305084746,18.12994526340985,0.5857364074743844,15.0,0.41086350974930363,0.4647363836501819,0.9171273499799556,1.1979534190925019,7.773022631775432,58.50060022715479,3.5862000077031553,6,2
C_tile640,ios-nmm@0.5-drop,ios,nmm,0.5,True,0.05,24,1812,1174,342,0.6068318821165438,0.841225626740947,0.7050583657587548,59,2154.0,2986.0,14.135593220338983,17.15729819511021,0.5508035235532077,14.101694915254237,0.3862581244196843,0.5206281395986366,0.9212263802167459,1.18716007660878,7.268766016689633,58.4208997185342,3.2860999926924706,6,2
C_tile640,ios-nmm@0.5-drop,ios,nmm,0.5,True,0.06,24,1819,1118,335,0.6193394620360912,0.8444753946146704,0.7145943822431742,59,2154.0,2937.0,13.338983050847459,16.288188504120484,0.5070068121851528,13.271186440677965,0.3635097493036212,0.567963626735229,0.9270832735867064,1.1859985011325709,6.480664890854947,58.52629854902625,3.371099999640137,6,2
C_tile640,ios-nmm@0.5-drop,ios,nmm,0.5,True,0.07,24,1814,1069,340,0.6292056885189039,0.8421541318477251,0.7202700019853088,59,2154.0,2883.0,12.457627118644067,15.465105609902047,0.4670226328680639,12.35593220338983,0.3384401114206128,0.6105241638574598,0.9271571156964732,1.1782828892400594,5.847095874184954,58.543299809563905,3.218199999537319,6,2
C_tile640,ios-nmm@0.5-drop,ios,nmm,0.5,True,0.08,24,1814,1042,340,0.6351540616246498,0.8421541318477251,0.7241516966067865,59,2154.0,2856.0,12.0,14.901939357351093,0.4500036628861953,11.898305084745763,0.32590529247910865,0.6383734387967145,0.9312456358559651,1.1721756126222973,5.612436108670698,58.919698543380946,3.6491999635472894,6,2
C_tile640,ios-nmm@0.5-drop,ios,nmm,0.5,True,0.09,24,1808,1018,346,0.6397735314932768,0.8393686165273909,0.7261044176706828,59,2154.0,2826.0,11.491525423728813,14.398681672233229,0.4280006116740414,11.389830508474576,0.31197771587743733,0.6623861932041987,0.9332980476874099,1.169256937875594,5.210517895185936,58.592298553325236,3.1823999597691,6,2
C_tile640,ios-nmm@0.5-drop,ios,nmm,0.5,True,0.1,24,1804,980,350,0.6479885057471264,0.8375116063138347,0.7306601863102471,59,2154.0,2784.0,10.813559322033898,13.71378126594447,0.3976329800262555,10.677966101694915,0.2924791086350975,0.6937407782696035,0.9346350510168522,1.1618145277865881,4.770364527926932,58.429498536046594,3.4728999598883092,6,2
C_tile640,ios-nmm@0.5-drop,ios,nmm,0.5,True,0.11,24,1800,953,354,0.6538321830730113,0.8356545961002786,0.733645812105156,59,2154.0,2753.0,10.389830508474576,13.328318265880739,0.3781172883808559,10.152542372881356,0.27808727948003714,0.7107153115576526,0.932110929642726,1.1555149807214962,4.474927652981312,58.08199856756255,2.909199974965304,6,2
C_tile640,ios-nmm@0.5-drop,ios,nmm,0.5,True,0.12,24,1800,933,354,0.6586169045005489,0.8356545961002786,0.7366482504604053,59,2154.0,2733.0,10.084745762711865,12.899218213073015,0.36390943972678513,9.813559322033898,0.26880222841225626,0.7290422873353187,0.9360287457363442,1.1527043703867952,4.238555698082066,58.24889923306182,3.1270000035874546,6,2
C_tile640,ios-nmm@0.5-drop,ios,nmm,0.5,True,0.13,24,1800,908,354,0.6646971935007385,0.8356545961002786,0.7404360345536816,59,2154.0,2708.0,9.728813559322035,12.525228777639288,0.3507682918913819,9.389830508474576,0.25719591457753016,0.7445263737980758,0.9341254995781911,1.1414628646706093,4.225237110161135,58.084199069067836,3.1707999878562987,6,2
C_tile640,ios-nmm@0.5-drop,ios,nmm,0.5,True,0.14,24,1796,879,358,0.6714018691588785,0.8337975858867224,0.7438393042037688,59,2154.0,2675.0,9.203389830508474,11.963928837147895,0.3318362045374046,8.830508474576272,0.24187558031569173,0.7669106770445927,0.934338602802171,1.1287327833743601,4.130670925620805,57.79450053581968,2.8586999978870153,6,2
C_tile640,ios-nmm@0.5-drop,ios,nmm,0.5,True,0.15,24,1793,862,361,0.6753295668549906,0.8324048282265553,0.7456851736327719,59,2154.0,2655.0,8.898305084745763,11.680056884003577,0.3181620167055987,8.491525423728813,0.23259052924791088,0.7778406204300683,0.9347149639497999,1.126750199053711,3.8640690040390875,57.74320151703432,2.665200037881732,6,2
C_tile640,ios-nmm@0.5-drop,ios,nmm,0.5,True,0.16,24,1794,841,360,0.6808349146110056,0.8328690807799443,0.7492169555230737,59,2154.0,2635.0,8.661016949152541,11.359308883250105,0.3092221423764872,8.152542372881356,0.22330547818013,0.7898745985009454,0.934189573416322,1.1177845953478969,3.8524064681462593,57.849500217009336,2.6780000189319253,6,2
C_tile640,ios-nmm@0.5-drop,ios,nmm,0.5,True,0.17,24,1790,823,364,0.6850363566781478,0.8310120705663882,0.7509964338158172,59,2154.0,2613.0,8.254237288135593,10.952130045903075,0.29732055633474214,7.779661016949152,0.21309192200557103,0.8046686632853266,0.9354068373272003,1.1089022620547955,3.803805551423217,57.677501482423395,2.7297999477013946,6,2
C_tile640,ios-nmm@0.5-drop,ios,nmm,0.5,True,0.18,24,1789,800,365,0.6910003862495172,0.830547818012999,0.7543748682268605,59,2154.0,2589.0,7.9491525423728815,10.567779620227464,0.2880034442116229,7.372881355932203,0.201949860724234,0.8181378864472257,0.935468791324296,1.0996339844331107,3.7353965683233703,57.69280148250982,2.528299984987825,6,2
C_tile640,ios-nmm@0.5-drop,ios,nmm,0.5,True,0.19,24,1786,776,368,0.697111631537861,0.8291550603528319,0.7574215436810857,59,2154.0,2562.0,7.627118644067797,10.089430616714282,0.28032184899553564,6.915254237288136,0.1894150417827298,0.8342291919869537,0.9371418997322387,1.0903250072276847,3.617626007314697,57.66609854390845,2.617000020109117,6,2
C_tile640,ios-nmm@0.5-drop,ios,nmm,0.5,True,0.2,24,1780,753,374,0.7027240426371891,0.8263695450324977,0.7595476850864092,59,2154.0,2533.0,7.203389830508475,9.611962885304676,0.26053100938880414,6.423728813559322,0.17595171773444754,0.8495476732469005,0.9387822024770368,1.0826173481273984,3.407495459891252,57.8637985358946,3.117899992503226,6,2
C_tile640,ios-nmm@0.5-drop,ios,nmm,0.5,True,0.21,24,1777,738,377,0.7065606361829025,0.8249767873723306,0.761190833154851,59,2154.0,2515.0,6.932203389830509,9.245246144434795,0.2528441373496543,6.11864406779661,0.16759517177344477,0.8608088270379965,0.9409872417136811,1.0754453329740543,3.3642500470150325,57.82000111369416,2.740599971730262,6,2
C_tile640,ios-nmm@0.5-drop,ios,nmm,0.5,True,0.22,24,1770,711,384,0.713422007255139,0.8217270194986073,0.7637540453074433,59,2154.0,2481.0,6.389830508474576,8.621022787251237,0.23035153285921708,5.5423728813559325,0.15181058495821728,0.8789701976128524,0.9450977657938997,1.0684702663811148,3.0426279019504894,57.64939981326461,2.736399997957051,6,2
C_tile640,ios-nmm@0.5-drop,ios,nmm,0.5,True,0.23,24,1768,689,386,0.7195767195767195,0.8207985143918292,0.7668618520928215,59,2154.0,2457.0,6.186440677966102,8.308664050561001,0.22348431523667342,5.135593220338983,0.14066852367688024,0.8875816681589848,0.9438974517762277,1.0562210951088458,3.0830467989075654,57.55469979066402,2.6027000276371837,6,2
C_tile640,ios-nmm@0.5-drop,ios,nmm,0.5,True,0.24,24,1765,671,389,0.7245484400656814,0.819405756731662,0.7690631808278866,59,2154.0,2436.0,5.932203389830509,7.974535744416916,0.21554006202191692,4.779661016949152,0.1309192200557103,0.8964415465093324,0.9448335212866852,1.0476559378821433,3.03981542037056,57.49540052842349,2.5038000312633812,6,2
C_tile640,ios-nmm@0.5-drop,ios,nmm,0.5,True,0.25,24,1760,655,394,0.7287784679089027,0.8170844939647168,0.7704092799299628,59,2154.0,2415.0,5.6440677966101696,7.585668914562244,0.2113172377191575,4.423728813559322,0.12116991643454039,0.9062950560765414,0.9462683108332844,1.0338466158997837,3.1880404974892604,57.54430055152625,2.313199976924807,6,2
C_tile640,ios-nmm@0.5-drop,ios,nmm,0.5,True,0.26,24,1757,634,397,0.7348389795064827,0.8156917363045497,0.7731573157315732,59,2154.0,2391.0,5.440677966101695,7.22870924080749,0.20171619395436122,4.016949152542373,0.11002785515320335,0.9149065266226737,0.9475255064211093,1.025047553019395,3.102501199936002,57.56280107609928,2.4328000145033,6,2
C_tile640,ios-nmm@0.5-drop,ios,nmm,0.5,True,0.27,24,1756,614,398,0.7409282700421941,0.8152274837511606,0.7763041556145004,59,2154.0,2370.0,5.220338983050848,6.837087297370453,0.19680775885701335,3.6610169491525424,0.10027855153203342,0.9238768084415615,0.9504492961343705,1.017614031345229,3.017955533599608,57.67120019812137,2.512899984139949,6,2
C_tile640,ios-nmm@0.5-drop,ios,nmm,0.5,True,0.28,24,1752,599,402,0.7452148022118248,0.8133704735376045,0.7778024417314094,59,2154.0,2351.0,5.067796610169491,6.672737349005546,0.18932170913409666,3.3389830508474576,0.0914577530176416,0.9274925220362517,0.949943476211618,1.013823356321581,2.8343133980222786,57.362699046730995,2.5157000054605305,6,2
C_tile640,ios-nmm@0.5-drop,ios,nmm,0.5,True,0.29,24,1746,584,408,0.7493562231759656,0.8105849582172702,0.7787689562890276,59,2154.0,2330.0,4.88135593220339,6.375270017545152,0.18432564211428845,2.983050847457627,0.08170844939647168,0.9338131206101756,0.9509427514663827,1.0010352664232178,2.945254849565916,57.594501490704715,2.312700031325221,6,2
C_tile640,ios-nmm@0.5-drop,ios,nmm,0.5,True,0.3,24,1745,562,409,0.7563935847420893,0.8101207056638812,0.7823357991481731,59,2154.0,2307.0,4.728813559322034,6.052034256683268,0.17865533466233152,2.593220338983051,0.07103064066852367,0.94035452612118,0.9529238935900575,0.9921945683364725,2.878184742427772,57.636998587753624,2.5333999656140804,6,2
C_tile640,ios-nmm@0.5-drop,ios,nmm,0.5,True,0.31,24,1734,550,420,0.7591943957968477,0.8050139275766016,0.7814330779630465,59,2154.0,2284.0,4.610169491525424,5.891677554549269,0.1671838269164997,2.2033898305084745,0.060352831940575676,0.9434734241074394,0.9525849783596607,0.9864727682359864,2.697248427452288,57.224799839779735,2.2136999759823084,6,2
C_tile640,ios-nmm@0.5-drop,ios,nmm,0.5,True,0.32,24,1726,534,428,0.763716814159292,0.8012999071494893,0.7820570910738559,59,2154.0,2260.0,4.406779661016949,5.602662805173499,0.16160477133739523,1.7966101694915255,0.04921077065923862,0.9488831940659072,0.954757787350335,0.9790537487123497,2.561325852094904,57.501999964006245,2.2993000457063317,6,2
C_tile640,ios-nmm@0.5-drop,ios,nmm,0.5,True,0.33,24,1722,521,432,0.7677218011591619,0.7994428969359332,0.7832613145326359,59,2154.0,2243.0,4.322033898305085,5.481865326476665,0.15612940814071954,1.5084745762711864,0.04131847725162489,0.9510636625695752,0.9550848286493625,0.9724473174296204,2.514380987399967,57.55990055389702,2.332999953068793,6,2
C_tile640,ios-nmm@0.5-drop,ios,nmm,0.5,True,0.34,24,1710,504,444,0.7723577235772358,0.7938718662952646,0.7829670329670328,59,2154.0,2214.0,4.101694915254237,5.269033295055818,0.14571582820240672,1.0169491525423728,0.027855153203342618,0.9547897796328055,0.9565251287684133,0.9635252201753921,2.3485877244441657,57.679400532506406,2.3734999704174697,6,2
C_tile640,ios-nmm@0.5-drop,ios,nmm,0.5,True,0.35,24,1702,490,452,0.7764598540145985,0.7901578458681523,0.7832489645651173,59,2154.0,2192.0,4.033898305084746,5.233529450425839,0.1424472123038967,0.6440677966101694,0.017641597028783658,0.9553969987097765,0.9560927968069779,0.951689594098841,2.407807022221971,57.25799857964739,2.0231999806128442,6,2
C_tile640,ios-nmm@0.5-drop,ios,nmm,0.5,True,0.36,24,1689,475,465,0.7804990757855823,0.7841225626740947,0.7823066234367764,59,2154.0,2164.0,4.067796610169491,5.339332783810276,0.14072714940066952,0.1694915254237288,0.004642525533890436,0.9535753414788638,0.9538865007115075,0.9380061133581651,2.4327937597714064,57.336800212971866,2.2518999758176506,6,2
C_tile640,ios-nmm@0.5-drop,ios,nmm,0.5,True,0.37,24,1679,463,475,0.7838468720821662,0.7794800371402043,0.781657355679702,59,2154.0,2142.0,4.0,5.4493041073367605,0.13576080157616927,-0.2033898305084746,-0.005571030640668524,0.9516432807794111,0.9524446086483859,0.9260048820788036,2.4980590508857077,57.31279856385663,2.148200001101941,6,2
C_tile640,ios-nmm@0.5-drop,ios,nmm,0.5,True,0.38,24,1669,448,485,0.788379782711384,0.7748375116063139,0.7815499882931398,59,2154.0,2117.0,3.9152542372881354,5.466384173491961,0.1261786199426673,-0.6271186440677966,-0.017177344475394613,0.9513396712409257,0.9533995260056135,0.9166126344606649,2.4172268707072435,57.520401385147125,2.176300040446222,6,2
C_tile640,ios-nmm@0.5-drop,ios,nmm,0.5,True,0.39,24,1660,437,494,0.7916070577014783,0.7706592386258124,0.7809927075982122,59,2154.0,2097.0,3.9491525423728815,5.466384173491961,0.1250459245064778,-0.9661016949152542,-0.026462395543175487,0.9513396712409257,0.9545121631393766,0.9147956553428261,2.144578955789022,57.1598998112604,2.1173999994061887,6,2
C_tile640,ios-nmm@0.5-drop,ios,nmm,0.5,True,0.4,24,1651,424,503,0.7956626506024096,0.7664809656453111,0.7807992433199338,59,2154.0,2075.0,4.0508474576271185,5.7179467690979155,0.12774038665968168,-1.3389830508474576,-0.03667595171773445,0.9467579272965091,0.9517630621831138,0.9072105628050715,2.048617757930102,57.304500199854374,2.250599965918809,6,2
C_tile640,ios-nmm@0.5-drop,ios,nmm,0.5,True,0.41,24,1642,412,512,0.7994157740993184,0.7623026926648097,0.7804182509505703,59,2154.0,2054.0,3.9661016949152543,5.787186313203405,0.12172253278267085,-1.694915254237288,-0.04642525533890436,0.9454606865411622,0.9532723410060716,0.898617804711234,2.0063940449491815,57.0916998158209,2.114000031724572,6,2
C_tile640,ios-nmm@0.5-drop,ios,nmm,0.5,True,0.42,24,1635,403,519,0.8022571148184494,0.7590529247910863,0.7800572519083968,59,2154.0,2038.0,4.033898305084746,6.019741533952535,0.12178749071759294,-1.9661016949152543,-0.05385329619312906,0.9409893460652858,0.9508179508604903,0.8928529659704698,1.9456730728747103,57.12120108958334,2.203300013206899,6,2
C_tile640,ios-nmm@0.5-drop,ios,nmm,0.5,True,0.43,24,1628,392,526,0.805940594059406,0.755803156917363,0.7800670819357929,59,2154.0,2020.0,4.0,6.070210674030897,0.12084140521011243,-2.2711864406779663,-0.06220984215413185,0.9399957148484245,0.9527344491989034,0.8884410375306303,1.801661104390219,57.409799793269485,1.9978000200353563,6,2
C_tile640,ios-nmm@0.5-drop,ios,nmm,0.5,True,0.44,24,1618,374,536,0.8122489959839357,0.7511606313834726,0.7805113362276893,59,2154.0,1992.0,4.271186440677966,6.380584958041046,0.1250463121572314,-2.7457627118644066,-0.07520891364902507,0.9337027171416354,0.9522132455128556,0.8751715697969792,1.8115328585984145,57.06349977571517,2.0688999793492258,6,2
C_tile640,ios-nmm@0.5-drop,ios,nmm,0.5,True,0.45,24,1607,362,547,0.8161503301168106,0.7460538532961931,0.7795294688333737,59,2154.0,1969.0,4.389830508474576,6.608930783545468,0.12793779014607093,-3.135593220338983,-0.08588672237697308,0.9288725653930036,0.9516933923300996,0.871188624326001,1.5671136135897283,56.93430106341839,2.0163999870419502,6,2
C_tile640,ios-nmm@0.5-drop,ios,nmm,0.5,True,0.46,24,1597,347,557,0.8215020576131687,0.7414113277623027,0.7794045876037091,59,2154.0,1944.0,4.6440677966101696,6.986670116874984,0.13187646413616594,-3.559322033898305,-0.09749303621169916,0.9205095026510867,0.9504894098306632,0.8562210015465839,1.6898298757399586,56.90490024210885,1.7754000145941973,6,2
C_tile640,ios-nmm@0.5-drop,ios,nmm,0.5,True,0.47,24,1584,331,570,0.827154046997389,0.7353760445682451,0.7785696731383633,59,2154.0,1915.0,4.830508474576271,7.331150162959726,0.13229622031441216,-4.0508474576271185,-0.11095636025998143,0.9124776503147902,0.9504781749905581,0.8469400930196004,1.537136265013231,56.91819977527484,1.9482999923639,6,2
C_tile640,ios-nmm@0.5-drop,ios,nmm,0.5,True,0.48,24,1576,317,578,0.8325409403063919,0.7316620241411328,0.778848529775142,59,2154.0,1893.0,5.067796610169491,7.612434074747241,0.13690518172951666,-4.423728813559322,-0.12116991643454039,0.9056326352653005,0.9509817234706559,0.837754150188013,1.4996196694071027,57.23009854182601,1.8570999964140356,6,2
C_tile640,ios-nmm@0.5-drop,ios,nmm,0.5,True,0.49,24,1559,309,595,0.8345824411134903,0.723769730733519,0.7752362008950772,59,2154.0,1868.0,5.288135593220339,7.948989915578338,0.1377014889592778,-4.8474576271186445,-0.1327762302692665,0.8971039673205733,0.9518807541694702,0.826512644471827,1.4863010814861812,57.14300136361271,2.0282999612390995,6,2
C_tile640,ios-nmm@0.5-drop,ios,nmm,0.5,True,0.5,24,1547,295,607,0.8398479913137894,0.7181987000928505,0.7742742742742743,59,2154.0,1842.0,5.593220338983051,8.268789594368224,0.1440183007353167,-5.288135593220339,-0.14484679665738162,0.8886581019772513,0.9543477416043478,0.8156715852347525,1.4414136509210709,56.944001361727715,1.8943999893963337,6,2
C_tile640,ios-nmm@0.5-drop,ios,nmm,0.5,True,0.51,24,1527,283,627,0.843646408839779,0.7089136490250696,0.7704339051463168,59,2154.0,1810.0,6.033898305084746,8.698334147936174,0.16186761360871746,-5.830508474576271,-0.15970287836583102,0.8767897291091844,0.9547199583049564,0.8079232265507246,1.181921525588808,57.047098545357585,2.000599983148277,6,2
C_tile640,ios-nmm@0.5-drop,ios,nmm,0.5,True,0.52,24,1518,273,636,0.847571189279732,0.7047353760445683,0.7695817490494297,59,2154.0,1791.0,6.3559322033898304,9.03758629843693,0.1693634363389227,-6.1525423728813555,-0.16852367688022285,0.8669914212762454,0.9543975624119603,0.7975911460160721,1.2370961268030576,57.21229826845229,1.9243999850004911,6,2
C_tile640,ios-nmm@0.5-drop,ios,nmm,0.5,True,0.53,24,1508,259,646,0.853423882286361,0.7000928505106778,0.769191532772252,59,2154.0,1767.0,6.762711864406779,9.484152705559568,0.1794807130162574,-6.559322033898305,-0.1796657381615599,0.8535221981143462,0.9539142589432202,0.7838239270513759,1.3329366293446803,56.95860018534586,1.8874999950639904,6,2
C_tile640,ios-nmm@0.5-drop,ios,nmm,0.5,True,0.54,24,1485,245,669,0.8583815028901735,0.6894150417827298,0.7646755921730176,59,2154.0,1730.0,7.288135593220339,10.139702131819943,0.1900985756412297,-7.186440677966102,-0.1968430826369545,0.8325731399588513,0.9525769366536678,0.7676446729858618,1.2964978709907393,56.72909860126674,2.003900008276105,6,2
C_tile640,ios-nmm@0.5-drop,ios,nmm,0.5,True,0.55,24,1472,231,682,0.8643570170287728,0.6833797585886723,0.763287529167747,59,2154.0,1703.0,7.711864406779661,10.554941006988953,0.20527045023674034,-7.6440677966101696,-0.20937790157845868,0.8185795003213864,0.9536407579140194,0.7585565027175157,1.1706659855334027,56.769399313256145,1.8026999896392226,6,2
C_tile640,ios-nmm@0.5-drop,ios,nmm,0.5,True,0.56,24,1460,222,694,0.8680142687277052,0.6778087279480037,0.7612095933263816,59,2154.0,1682.0,8.067796610169491,10.826834208717285,0.21926922305239058,-8.0,-0.2191272051996286,0.8091124028940678,0.9546942143621038,0.7559807336591171,0.9087711813264671,57.03129859967157,1.825599989388138,6,2
C_tile640,ios-nmm@0.5-drop,ios,nmm,0.5,True,0.57,24,1442,203,712,0.8765957446808511,0.669452181987001,0.7591471439852593,59,2154.0,1645.0,8.694915254237289,11.438116474078075,0.23968187554775744,-8.627118644067796,-0.2363045496750232,0.7869489065846312,0.9548223353635864,0.7437208027267784,0.7292439140087952,56.59949860395864,1.6875999863259494,6,2
C_tile640,ios-nmm@0.5-drop,ios,nmm,0.5,True,0.58,24,1424,190,730,0.8822800495662949,0.6610956360259982,0.7558386411889597,59,2154.0,1614.0,9.220338983050848,12.060581541478175,0.25536143603102945,-9.152542372881356,-0.25069637883008355,0.7631293582470924,0.9512267512025064,0.7294998067939302,0.7230070536588913,56.98079850617796,1.556200033519417,6,2
C_tile640,ios-nmm@0.5-drop,ios,nmm,0.5,True,0.59,24,1406,181,748,0.8859483301827347,0.6527390900649953,0.751670676289762,59,2154.0,1587.0,9.64406779661017,12.561037418022014,0.26527666149445056,-9.610169491525424,-0.26323119777158777,0.7430635278399187,0.9501479984452864,0.7180655628191057,0.6828267404685768,56.92519858106971,1.79280003067106,6,2
C_tile640,ios-nmm@0.5-drop,ios,nmm,0.5,True,0.6,24,1387,172,767,0.8896728672225785,0.6439182915506035,0.7471047670347428,59,2154.0,1559.0,10.11864406779661,13.129730785833903,0.2793863695113029,-10.084745762711865,-0.276230269266481,0.7192715803695148,0.944865020248426,0.7068109583863128,0.6191389090827399,56.51589996414259,1.6675000078976154,6,2
C_tile640,ios-nmm@0.5-drop,ios,nmm,0.5,True,0.61,24,1369,165,785,0.8924380704041721,0.6355617455896008,0.7424078091106291,59,2154.0,1534.0,10.508474576271187,13.589627150944757,0.2901859407521337,-10.508474576271187,-0.2878365831012071,0.6992609516966113,0.9432897188416407,0.6971979038310939,0.5463680533529433,56.808499075938016,1.5845000161789358,6,2
C_tile640,ios-nmm@0.5-drop,ios,nmm,0.5,True,0.62,24,1356,149,798,0.9009966777408638,0.6295264623955432,0.7411861164252529,59,2154.0,1505.0,11.0,14.164290262631157,0.30309140697258824,-11.0,-0.30129990714948934,0.6732885357225392,0.9412411598373648,0.682893637485533,0.5770695738332533,56.55200106278062,1.6189999878406525,6,2
C_tile640,ios-nmm@0.5-drop,ios,nmm,0.5,True,0.63,24,1334,142,820,0.9037940379403794,0.6193129062209842,0.7349862258953168,59,2154.0,1476.0,11.491525423728813,14.647265030761064,0.3213002076432134,-11.491525423728813,-0.3147632311977716,0.6506282238046719,0.9409597573250243,0.6747995662453558,0.3810463441949748,56.400500243064016,1.6689000185579062,6,2
C_tile640,ios-nmm@0.5-drop,ios,nmm,0.5,True,0.64,24,1314,136,840,0.9062068965517242,0.6100278551532033,0.7291897891231965,59,2154.0,1450.0,11.932203389830509,15.172454970455785,0.3327431564694802,-11.932203389830509,-0.3268337975858867,0.6251250225718956,0.9354251901220727,0.6645381252181171,0.3149979369521329,56.59219924919307,1.4392000157386065,6,2
C_tile640,ios-nmm@0.5-drop,ios,nmm,0.5,True,0.65,24,1295,127,859,0.9106891701828411,0.6012070566388115,0.7242729306487695,59,2154.0,1422.0,12.40677966101695,15.729708478339939,0.347440512836335,-12.40677966101695,-0.3398328690807799,0.5970825415626956,0.9298347886916808,0.6535595294566746,0.24123345000547053,56.32139814272523,1.2381999986246228,6,2
C_tile640,ios-nmm@0.5-drop,ios,nmm,0.5,True,0.66,24,1269,112,885,0.9188993482983345,0.5891364902506964,0.717963224893918,59,2154.0,1381.0,13.101694915254237,16.46001832896399,0.3694269832448374,-13.101694915254237,-0.35886722376973074,0.558800138846396,0.929454616579855,0.6384300439649067,0.09867263219645529,56.599099243525416,1.504399988334626,6,2
C_tile640,ios-nmm@0.5-drop,ios,nmm,0.5,True,0.67,24,1238,103,916,0.9231916480238628,0.574744661095636,0.7084406294706724,59,2154.0,1341.0,13.779661016949152,17.130110273028066,0.394044039746031,-13.779661016949152,-0.3774373259052925,0.5221461872910638,0.9301058064589949,0.6270402420642828,-0.16346917638077244,56.19250134378672,1.3314999523572624,6,2
C_tile640,ios-nmm@0.5-drop,ios,nmm,0.5,True,0.68,24,1210,96,944,0.9264931087289433,0.5617455896007428,0.6994219653179191,59,2154.0,1306.0,14.372881355932204,17.809728821011458,0.4083635428778021,-14.372881355932204,-0.393686165273909,0.48347737243487365,0.9309881713215219,0.6093700733621692,-0.11157861054428095,56.24239818146452,1.3034000294283032,6,2
C_tile640,ios-nmm@0.5-drop,ios,nmm,0.5,True,0.69,24,1187,80,967,0.9368587213891081,0.5510677808727948,0.6939491376790412,59,2154.0,1267.0,15.033898305084746,18.51842875056711,0.43127952335440584,-15.033898305084746,-0.4117920148560817,0.4415516552567489,0.9326816976104916,0.5938813087863383,-0.20712439196225702,56.16909814719111,1.1169000063091516,6,2
C_tile640,ios-nmm@0.5-drop,ios,nmm,0.5,True,0.7,24,1153,74,1001,0.9396903015484923,0.5352831940575673,0.6820467317361728,59,2154.0,1227.0,15.711864406779661,19.221721470024125,0.45544278922001946,-15.711864406779661,-0.43036211699164345,0.39832869732327725,0.92863856684533,0.5834575372354411,-0.504534495002374,56.11849821731448,1.1677999864332378,6,2
C_tile640,ios-nmm@0.5-drop,ios,nmm,0.5,True,0.71,24,1119,69,1035,0.9419191919191919,0.5194986072423399,0.6696588868940755,59,2154.0,1188.0,16.372881355932204,19.923582823939395,0.47466357864574554,-16.372881355932204,-0.44846796657381616,0.35358769169737847,0.9305977081645839,0.5690452064778766,-0.6393792331075674,56.20039978111163,1.2882999726571143,6,2
C_tile640,ios-nmm@0.5-drop,ios,nmm,0.5,True,0.72,24,1090,62,1064,0.9461805555555556,0.5060352831940576,0.6594071385359952,59,2154.0,1152.0,16.983050847457626,20.637303726135006,0.488248195189022,-16.983050847457626,-0.46518105849582175,0.3064454106307313,0.9337332864106802,0.5501194322267724,-0.5585975765503036,56.380099122878164,1.2987999944016337,6,2
C_tile640,ios-nmm@0.5-drop,ios,nmm,0.5,True,0.73,24,1059,59,1095,0.947227191413238,0.49164345403899723,0.6473105134474327,59,2154.0,1118.0,17.559322033898304,21.368438630174303,0.5034732409390522,-17.559322033898304,-0.4809656453110492,0.25643263938204,0.9292037173267187,0.5309723832272806,-0.4358392113824123,56.15649924939498,1.0035000159405172,6,2
C_tile640,ios-nmm@0.5-drop,ios,nmm,0.5,True,0.74,24,1014,47,1140,0.9557021677662583,0.47075208913649025,0.6307931570762053,59,2154.0,1061.0,18.52542372881356,22.397412078108715,0.5345941883816447,-18.52542372881356,-0.5074280408542247,0.18309713540424044,0.9308457019227181,0.5115409049529053,-0.692527275738277,56.21329813450575,1.0681000421755016,6,2
C_tile640,ios-nmm@0.5-drop,ios,nmm,0.5,True,0.75,24,977,41,1177,0.9597249508840865,0.45357474466109565,0.616015132408575,59,2154.0,1018.0,19.25423728813559,23.26778525146892,0.5558770959645429,-19.25423728813559,-0.5273909006499535,0.11837310197257311,0.9251238819301267,0.491719739859488,-0.6977003331752126,56.66849979478866,1.1245000059716403,6,2
C_tile640,ios-nmm@0.5-drop,ios,nmm,0.5,True,0.76,24,923,38,1231,0.9604578563995838,0.4285051067780873,0.5926163723916532,59,2154.0,961.0,20.220338983050848,24.40304232214236,0.5873901778625347,-20.220338983050848,-0.5538532961931291,0.030243533210392526,0.913799391874268,0.46773411850783164,-0.7881235807774469,55.91999911190942,0.8989999769255519,6,2
C_tile640,ios-nmm@0.5-drop,ios,nmm,0.5,True,0.77,24,876,32,1278,0.9647577092511013,0.40668523676880225,0.5721750489875898,59,2154.0,908.0,21.11864406779661,25.518354975937733,0.6080642902309105,-21.11864406779661,-0.5784586815227484,-0.060425315328211715,0.9096822631652649,0.4387242037149831,-0.6273209288487062,55.9279013662599,1.001099997665733,6,2
C_tile640,ios-nmm@0.5-drop,ios,nmm,0.5,True,0.78,24,827,28,1327,0.9672514619883041,0.3839368616527391,0.5496842804918578,59,2154.0,855.0,22.016949152542374,26.5486441927752,0.6377670818221582,-22.016949152542374,-0.6030640668523677,-0.1477820598106112,0.9008856599537517,0.4175805360556208,-0.7537029604035144,55.883399318903685,0.8135000243782997,6,2
C_tile640,ios-nmm@0.5-drop,ios,nmm,0.5,True,0.79,24,777,24,1377,0.9700374531835206,0.3607242339832869,0.5258883248730964,59,2154.0,801.0,22.93220338983051,27.61693167703895,0.6612196240513354,-22.93220338983051,-0.628133704735376,-0.24201142020963573,0.905991578938773,0.39197956225960345,-0.7343046967319653,55.800700216088444,0.8640000014565885,6,2
C_tile640,ios-nmm@0.5-drop,ios,nmm,0.5,True,0.8,24,737,17,1417,0.9774535809018567,0.34215413184772514,0.5068775790921595,59,2154.0,754.0,23.728813559322035,28.458116711751344,0.6890331430530687,-23.728813559322035,-0.6499535747446611,-0.3188246334464502,0.8983874586868665,0.37897674697115574,-1.056201914845244,55.73330139461905,0.6664000102318823,6,2
C_tile640,ios-nmm@0.5-drop,ios,nmm,0.5,True,0.81,24,670,13,1484,0.9809663250366032,0.3110492107706592,0.4723299259781459,59,2154.0,683.0,24.93220338983051,29.917683677219557,0.7164144350544419,-24.93220338983051,-0.6829155060352832,-0.4575741925342929,0.900556046438122,0.34246360661934283,-0.9265526891197395,55.7257992294617,0.6557999877259135,6,2
C_tile640,ios-nmm@0.5-drop,ios,nmm,0.5,True,0.82,24,612,9,1542,0.9855072463768116,0.2841225626740947,0.4410810810810811,59,2154.0,621.0,25.983050847457626,31.16250463161224,0.743846209083292,-25.983050847457626,-0.7116991643454039,-0.5813916825020795,0.9002704291908967,0.3136352026137553,-0.924919092034391,55.7188982013613,0.5074999644421041,6,2
C_tile640,ios-nmm@0.5-drop,ios,nmm,0.5,True,0.83,24,534,7,1620,0.9870609981515711,0.2479108635097493,0.39628942486085345,59,2154.0,541.0,27.338983050847457,32.77995460229946,0.784815527333285,-27.338983050847457,-0.7488393686165274,-0.7498121737600896,0.8654108633811062,0.27846280946887514,-0.9967608745077464,55.59009916102514,0.45540003338828683,6,2
C_tile640,ios-nmm@0.5-drop,ios,nmm,0.5,True,0.84,24,451,6,1703,0.986870897155361,0.20937790157845868,0.34546150900038297,59,2154.0,457.0,28.76271186440678,34.45729363640974,0.82123933197256,-28.76271186440678,-0.7878365831012071,-0.9334683436766413,0.8639619504859349,0.24028285742889027,-1.0265978796920316,55.51919884001836,0.33170002279803157,6,2
C_tile640,ios-nmm@0.5-drop,ios,nmm,0.5,True,0.85,24,372,3,1782,0.992,0.17270194986072424,0.2941874258600237,59,2154.0,375.0,30.152542372881356,36.1402634753511,0.8606632391282576,-30.152542372881356,-0.8259052924791086,-1.1269504222932674,0.7904359697106784,0.20282006012310924,-1.048718805172497,55.47489923983812,0.32190000638365746,6,2
C_tile640,ios-nmm@0.5-drop,ios,nmm,0.5,True,0.86,24,302,2,1852,0.993421052631579,0.14020427112349118,0.24572823433685922,59,2154.0,304.0,31.35593220338983,37.61671103582213,0.8907321041189699,-31.35593220338983,-0.8588672237697307,-1.304285993635895,0.7514989581655942,0.16694173971540235,-0.9422458872368923,55.45889923442155,0.23900001542642713,6,2
C_tile640,ios-nmm@0.5-drop,ios,nmm,0.5,True,0.87,24,239,1,1915,0.9958333333333333,0.11095636025998143,0.19966583124477863,59,2154.0,240.0,32.440677966101696,38.93976225846484,0.9158942410565964,-32.440677966101696,-0.8885793871866295,-1.4692287756348903,0.7175871136495056,0.1349673046677277,-0.8596538009200915,55.50889881979674,0.18630002159625292,6,2
C_tile640,ios-nmm@0.5-drop,ios,nmm,0.5,True,0.88,24,170,1,1984,0.9941520467836257,0.07892293407613742,0.14623655913978495,59,2154.0,171.0,33.610169491525426,40.37472778939564,0.9405920401049277,-33.610169491525426,-0.9206128133704735,-1.6545685984466796,0.6485777190362629,0.10024775286838501,-0.761587452177989,55.40279876254499,0.09350001346319914,6,2
C_tile640,ios-nmm@0.5-drop,ios,nmm,0.5,True,0.89,24,99,1,2055,0.99,0.04596100278551532,0.0878438331854481,59,2154.0,100.0,34.813559322033896,41.89979976490321,0.9679150181817286,-34.813559322033896,-0.9535747446610956,-1.8588978178473758,0.5998594306488136,0.06042250846036749,-0.5110183597225693,55.357001362834126,0.05719996988773346,6,2
C_tile640,ios-nmm@0.5-drop,ios,nmm,0.5,True,0.9,24,56,1,2098,0.9824561403508771,0.025998142989786442,0.0506558118498417,59,2154.0,57.0,35.54237288135593,42.862215196200765,0.9812561608315159,-35.54237288135593,-0.9735376044568245,-1.9917407913683203,0.4136758487889096,0.03411513959021601,-0.2793900114800895,55.33679904602468,0.02300000051036477,6,2
D_tile320,ios-nmm@0.5-drop,ios,nmm,0.5,True,0.01,24,1604,3907,550,0.29105425512611144,0.744661095636026,0.41852576647097195,59,2154.0,5511.0,56.898305084745765,59.21964287037634,3.3390273125476955,56.898305084745765,1.5584958217270195,-4.710923019778127,0.6323638970172836,0.8447189249321909,62.567380266034924,135.12889970466495,7.12070002919063,15,2
D_tile320,ios-nmm@0.5-drop,ios,nmm,0.5,True,0.02,24,1617,3531,537,0.3141025641025641,0.7506963788300836,0.4428923582580115,59,2154.0,5148.0,50.74576271186441,52.60856410271195,2.6665715241913555,50.74576271186441,1.3899721448467968,-3.507000796214845,0.8147910117189069,1.1381320481621091,45.702772343369745,133.10780149465427,6.058399972971529,15,2
D_tile320,ios-nmm@0.5-drop,ios,nmm,0.5,True,0.03,24,1561,3332,593,0.3190271816881259,0.7246982358402971,0.4430254008798071,59,2154.0,4893.0,46.42372881355932,48.546500510998804,2.3044544361018193,46.42372881355932,1.2715877437325904,-2.8378729742600863,0.8559300054833547,1.2530251018191305,37.18616831663716,132.11950147803873,5.179200030397624,15,2
D_tile320,ios-nmm@0.5-drop,ios,nmm,0.5,True,0.04,24,1491,3229,663,0.3158898305084746,0.692200557103064,0.4338085539714868,59,2154.0,4720.0,43.49152542372882,45.99263021287547,2.0899720080794437,43.49152542372882,1.191272051996286,-2.4446986219214506,0.8619925195852347,1.3038097617249884,32.39989446176906,131.95570287667215,4.757800023071468,15,2
D_tile320,ios-nmm@0.5-drop,ios,nmm,0.5,True,0.05,24,1419,3081,735,0.31533333333333335,0.658774373259053,0.42651036970243467,59,2154.0,4500.0,39.76271186440678,42.68171521341805,1.8614054162930131,39.76271186440678,1.0891364902506964,-1.966596401408299,0.8626721811048245,1.3312964829010285,27.66758264120651,131.59609965095297,4.178300034254789,15,2
D_tile320,ios-nmm@0.5-drop,ios,nmm,0.5,True,0.06,24,1356,2955,798,0.31454418928322897,0.6295264623955432,0.4194895591647332,59,2154.0,4311.0,36.559322033898304,39.70548354734915,1.7010789964330264,36.559322033898304,1.001392757660167,-1.567294656565685,0.85544715698907,1.3143523573479585,25.082796987669443,131.44420215906575,3.5917999921366572,15,2
D_tile320,ios-nmm@0.5-drop,ios,nmm,0.5,True,0.07,24,1298,2853,856,0.3126957359672368,0.6025998142989787,0.4117367168913561,59,2154.0,4151.0,33.847457627118644,37.214221812161355,1.546045920311305,33.847457627118644,0.9271123491179202,-1.25523925273693,0.8553661150479641,1.3131201423643373,22.415918870291833,131.02619669493288,3.487600013613701,15,2
D_tile320,ios-nmm@0.5-drop,ios,nmm,0.5,True,0.08,24,1254,2735,900,0.3143645023815493,0.5821727019498607,0.4082695751261599,59,2154.0,3989.0,31.10169491525424,34.4208746281888,1.409121005479157,31.10169491525424,0.8519034354688951,-0.9293834153406555,0.8647088172512726,1.299744013652605,20.158498213428615,130.5733997086063,3.5229999921284616,15,2
D_tile320,ios-nmm@0.5-drop,ios,nmm,0.5,True,0.09,24,1214,2660,940,0.31337119256582346,0.5636025998142989,0.40278699402786994,59,2154.0,3874.0,29.152542372881356,32.56492862376926,1.3053806535917312,29.152542372881356,0.7985143918291551,-0.726931054905142,0.8655745137385329,1.2904280192775683,18.549458414849454,130.51190362358466,3.2091999892145395,15,2
D_tile320,ios-nmm@0.5-drop,ios,nmm,0.5,True,0.1,24,1176,2548,978,0.3157894736842105,0.5459610027855153,0.40013610071452876,59,2154.0,3724.0,26.610169491525422,29.99321957274649,1.187517093822561,26.610169491525422,0.7288765088207985,-0.4649436240593485,0.8691598034850541,1.2657879299068964,16.906657609839755,130.27799664391205,3.1666000140830874,15,2
D_tile320,ios-nmm@0.5-drop,ios,nmm,0.5,True,0.11,24,1138,2469,1016,0.31549764347102854,0.5283194057567316,0.39507030029508766,59,2154.0,3607.0,24.627118644067796,28.02148086433885,1.1102051536907889,24.627118644067796,0.6745589600742804,-0.27866537176496786,0.8650173815248627,1.2324044472014124,16.14238679200267,129.97070165304467,2.8519000043161213,15,2
D_tile320,ios-nmm@0.5-drop,ios,nmm,0.5,True,0.12,24,1107,2397,1047,0.3159246575342466,0.5139275766016713,0.391304347826087,59,2154.0,3504.0,22.88135593220339,26.474163932638238,1.0273568109192728,22.88135593220339,0.6267409470752089,-0.14135105776814716,0.8585891725994055,1.2142809693424537,15.058284610785675,130.36359671363607,3.0226000235415995,15,2
D_tile320,ios-nmm@0.5-drop,ios,nmm,0.5,True,0.13,24,1075,2328,1079,0.3158977372906259,0.4990714948932219,0.3868994061543999,59,2154.0,3403.0,21.23728813559322,24.86062846063283,0.9583894413767521,21.16949152542373,0.5798514391829155,-0.006465620079209922,0.8535218721314335,1.1868831323148143,14.346673440574401,130.5422037676908,2.7516999980434775,15,2
D_tile320,ios-nmm@0.5-drop,ios,nmm,0.5,True,0.14,24,1051,2252,1103,0.31819557977596125,0.48792943361188484,0.3851933296683159,59,2154.0,3303.0,19.71186440677966,23.106606289918215,0.8970653950170637,19.47457627118644,0.5334261838440112,0.1305450843791255,0.8553450169898761,1.158146419325472,13.700891741914115,129.7929016961716,2.711000037379563,15,2
D_tile320,ios-nmm@0.5-drop,ios,nmm,0.5,True,0.15,24,1022,2183,1132,0.3188767550702028,0.4744661095636026,0.38141444299309574,59,2154.0,3205.0,18.1864406779661,21.64074938393551,0.8266864134771981,17.8135593220339,0.48792943361188484,0.23736044019172775,0.8517000405099977,1.1400079715046774,12.702081853880076,129.68050217535347,2.5492000277154148,15,2
D_tile320,ios-nmm@0.5-drop,ios,nmm,0.5,True,0.16,24,1005,2129,1149,0.320676451818762,0.46657381615598886,0.380105900151286,59,2154.0,3134.0,17.28813559322034,20.716815408695567,0.7834897001022564,16.610169491525422,0.45496750232126276,0.3010908424065336,0.8430614249333009,1.1225946312103117,12.134426514796408,129.6919928668067,2.402300015091896,15,2
D_tile320,ios-nmm@0.5-drop,ios,nmm,0.5,True,0.17,24,984,2064,1170,0.3228346456692913,0.4568245125348189,0.37831603229527105,59,2154.0,3048.0,16.033898305084747,19.477931884788863,0.7308222354333622,15.152542372881356,0.415041782729805,0.3821821900492792,0.8381167016539939,1.100340847318552,11.489251099590481,129.72580170910805,2.523300005123019,15,2
D_tile320,ios-nmm@0.5-drop,ios,nmm,0.5,True,0.18,24,957,2001,1197,0.3235294117647059,0.44428969359331477,0.3744131455399061,59,2154.0,2958.0,14.813559322033898,18.161236424719995,0.6803226822148855,13.627118644067796,0.3732590529247911,0.4628871255521343,0.8347983133257646,1.0756867236086587,10.863911819439801,129.47609291085973,2.2411999525502324,15,2
D_tile320,ios-nmm@0.5-drop,ios,nmm,0.5,True,0.19,24,938,1942,1216,0.32569444444444445,0.43546889507892295,0.37266587206992446,59,2154.0,2880.0,13.864406779661017,17.054250427008473,0.636475053213935,12.305084745762711,0.3370473537604457,0.5263691199627247,0.8313626954835974,1.051747415576432,10.415865539802791,129.5032928851433,2.083500032313168,15,2
D_tile320,ios-nmm@0.5-drop,ios,nmm,0.5,True,0.2,24,916,1895,1238,0.32586268231945925,0.42525533890436396,0.36898288016112785,59,2154.0,2811.0,13.067796610169491,16.253813111942875,0.5974825282928445,11.135593220338983,0.3050139275766017,0.5697852839661417,0.8250800432979568,1.0349132256805953,9.860964608203352,129.3897958463058,1.9872999982908368,15,2
D_tile320,ios-nmm@0.5-drop,ios,nmm,0.5,True,0.21,24,898,1850,1256,0.326783114992722,0.4168987929433612,0.3663810689514484,59,2154.0,2748.0,12.305084745762711,15.148977702265219,0.5641029575170231,10.067796610169491,0.2757660167130919,0.6262842589915671,0.8318472466893551,1.015400348238737,9.505553388029833,129.37549585383385,1.9628999871201813,15,2
D_tile320,ios-nmm@0.5-drop,ios,nmm,0.5,True,0.22,24,871,1801,1283,0.3259730538922156,0.40436397400185703,0.36096145876502284,59,2154.0,2672.0,11.559322033898304,14.133743731382948,0.5297524074176764,8.779661016949152,0.2404828226555246,0.6746961799464262,0.8294021131816512,0.9849743686184685,9.3282238982342,129.36829585721716,1.9048000103794038,15,2
D_tile320,ios-nmm@0.5-drop,ios,nmm,0.5,True,0.23,24,849,1748,1305,0.326915671929149,0.39415041782729804,0.357398442433172,59,2154.0,2597.0,10.76271186440678,13.065026416132394,0.49300903106517385,7.508474576271187,0.20566388115134634,0.7220316670830187,0.8339295457763966,0.9633666321421923,8.845902955351152,129.23939291294664,1.7845999682322145,15,2
D_tile320,ios-nmm@0.5-drop,ios,nmm,0.5,True,0.24,24,829,1715,1325,0.32586477987421386,0.38486536675951716,0.35291613452532994,59,2154.0,2544.0,10.372881355932204,12.635704054351406,0.4676332054183588,6.610169491525424,0.181058495821727,0.7399998315879294,0.8289097099935356,0.9502272159519911,8.427297912532387,129.13670326629654,1.6786999767646194,15,2
D_tile320,ios-nmm@0.5-drop,ios,nmm,0.5,True,0.25,24,801,1674,1353,0.3236363636363636,0.37186629526462395,0.34607906675307837,59,2154.0,2475.0,10.084745762711865,12.113166950030946,0.44992047624463094,5.440677966101695,0.149025069637883,0.7610592932119644,0.8222654385564361,0.9256647832583431,8.154543336636078,129.22950067557395,1.5984000056050718,15,2
D_tile320,ios-nmm@0.5-drop,ios,nmm,0.5,True,0.26,24,775,1632,1379,0.3219775654341504,0.35979572887650885,0.33983775487831613,59,2154.0,2407.0,9.542372881355933,11.526682383915201,0.40999017960293327,4.288135593220339,0.11745589600742803,0.7836368025284266,0.8228093036152118,0.9099481945758214,7.575789642096281,129.05579285370186,1.646700024139136,15,2
D_tile320,ios-nmm@0.5-drop,ios,nmm,0.5,True,0.27,24,752,1578,1402,0.32274678111587984,0.3491179201485608,0.33541480820695807,59,2154.0,2330.0,9.11864406779661,11.184129191077501,0.3831517367846888,2.983050847457627,0.08170844939647168,0.7963056005434096,0.8163220577858351,0.8834831732950851,7.236902452921807,129.09389285277575,1.4309999532997608,15,2
D_tile320,ios-nmm@0.5-drop,ios,nmm,0.5,True,0.28,24,733,1545,1421,0.3217734855136084,0.340297121634169,0.33077617328519854,59,2154.0,2278.0,8.88135593220339,11.086715214042803,0.3686698548333318,2.1016949152542375,0.057567316620241414,0.7998385115366946,0.8109567885053791,0.8673764299822139,6.943579149462906,129.1132028857246,1.3477999600581825,15,2
D_tile320,ios-nmm@0.5-drop,ios,nmm,0.5,True,0.29,24,717,1513,1437,0.32152466367713006,0.3328690807799443,0.3270985401459854,59,2154.0,2230.0,8.542372881355933,11.065291589745916,0.34595822392592984,1.2881355932203389,0.035283194057567316,0.8006113358164757,0.8058430556459217,0.8509927423753771,6.7281632698887615,129.09290411835536,1.2824999867007136,15,2
D_tile320,ios-nmm@0.5-drop,ios,nmm,0.5,True,0.3,24,697,1475,1457,0.320902394106814,0.32358402971216343,0.3222376329172446,59,2154.0,2172.0,8.372881355932204,11.068354646300017,0.3296494613909689,0.3050847457627119,0.008356545961002786,0.8005009323479356,0.8015903284295693,0.829008417796665,6.547726577389552,128.99399284878746,1.297099981456995,15,2
D_tile320,ios-nmm@0.5-drop,ios,nmm,0.5,True,0.31,24,674,1437,1480,0.3192799621032686,0.3129062209842154,0.3160609613130129,59,2154.0,2111.0,8.322033898305085,11.076773684346778,0.31353803469582603,-0.7288135593220338,-0.019962859795728878,0.8001973228094501,0.8012189189714363,0.8124207644598135,6.119418192433243,129.04070285754278,1.2584999785758555,15,2
D_tile320,ios-nmm@0.5-drop,ios,nmm,0.5,True,0.32,24,652,1399,1502,0.31789371038517794,0.30269266480965645,0.31010701545778835,59,2154.0,2051.0,8.322033898305085,11.272435256419506,0.29971418397086363,-1.7457627118644068,-0.04781801299907149,0.79307629908861,0.7980647844859855,0.7935558056786679,5.791199907934736,128.97089774999768,1.2123999767936766,15,2
D_tile320,ios-nmm@0.5-drop,ios,nmm,0.5,True,0.33,24,635,1355,1519,0.31909547738693467,0.29480037140204274,0.3064671814671815,59,2154.0,1990.0,8.372881355932204,11.610924137295614,0.28469163407319575,-2.7796610169491527,-0.07613741875580315,0.780462702807897,0.7932872020665102,0.7794246295168351,5.273209288487074,128.9965967712924,1.223200000822544,15,2
D_tile320,ios-nmm@0.5-drop,ios,nmm,0.5,True,0.34,24,617,1322,1537,0.3182052604435276,0.2864438254410399,0.3014903493769851,59,2154.0,1939.0,8.491525423728813,11.939820854346948,0.27232476985073284,-3.6440677966101696,-0.09981429897864438,0.7678491065271841,0.7902627679310978,0.7652911142984654,4.924795589849242,128.734798040241,1.1101000127382576,15,2
D_tile320,ios-nmm@0.5-drop,ios,nmm,0.5,True,0.35,24,599,1279,1555,0.31895633652822153,0.27808727948003714,0.2971230158730159,59,2154.0,1878.0,8.779661016949152,12.33844755775998,0.2695145887364938,-4.677966101694915,-0.12813370473537605,0.7520890113930766,0.7901626878482811,0.7462745846537309,4.585161773828201,128.62320287991315,1.1926000006496906,15,2
D_tile320,ios-nmm@0.5-drop,ios,nmm,0.5,True,0.36,24,581,1247,1573,0.31783369803063455,0.26973073351903437,0.29181315921647416,59,2154.0,1828.0,9.152542372881356,12.978469785228985,0.2702680425794445,-5.52542372881356,-0.15134633240482823,0.7257025824119789,0.7789095434239863,0.7267724668719424,4.449696717929425,128.64010321022943,1.0566000128164887,15,2
D_tile320,ios-nmm@0.5-drop,ios,nmm,0.5,True,0.37,24,567,1205,1587,0.31997742663656886,0.26323119777158777,0.28884360672440146,59,2154.0,1772.0,9.59322033898305,13.543401670686702,0.27213268050922124,-6.47457627118644,-0.17734447539461468,0.7013034158646041,0.7753713477346433,0.7082929846080723,4.175201883969693,128.6877029053867,0.9061999735422432,15,2
D_tile320,ios-nmm@0.5-drop,ios,nmm,0.5,True,0.38,24,555,1170,1599,0.3217391304347826,0.2576601671309192,0.2861562258313998,59,2154.0,1725.0,10.016949152542374,14.19775585036032,0.2790864223537797,-7.271186440677966,-0.1991643454038997,0.671742887162977,0.7651588024590634,0.6903220132353173,4.0346844659512895,128.5934028858319,0.9349000174552202,15,2
D_tile320,ios-nmm@0.5-drop,ios,nmm,0.5,True,0.39,24,538,1134,1616,0.32177033492822965,0.24976787372330547,0.28123366440146363,59,2154.0,1672.0,10.576271186440678,14.925805204978026,0.28523140989132334,-8.169491525423728,-0.22376973073351902,0.6372142023770428,0.7553320901630346,0.6709172002054625,3.8448195043632745,128.45649746013805,0.8279999601654708,15,2
D_tile320,ios-nmm@0.5-drop,ios,nmm,0.5,True,0.4,24,526,1107,1628,0.32210655235762403,0.24419684308263695,0.2777924478479007,59,2154.0,1633.0,10.966101694915254,15.461817377338587,0.29158431138024693,-8.830508474576272,-0.24187558031569173,0.61068976906027,0.7502881955929275,0.6529995593217485,3.8379482918805707,128.50930288573727,0.8632999961264431,15,2
D_tile320,ios-nmm@0.5-drop,ios,nmm,0.5,True,0.41,24,516,1064,1638,0.3265822784810127,0.2395543175487465,0.2763792179967863,59,2154.0,1580.0,11.457627118644067,16.099268327410602,0.29705180104640394,-9.728813559322035,-0.26648096564531104,0.5779275397709782,0.7493142376043644,0.6356096095927516,3.5745237446985274,128.45199769875035,0.769799982663244,15,2
D_tile320,ios-nmm@0.5-drop,ios,nmm,0.5,True,0.42,24,503,1033,1651,0.3274739583333333,0.23351903435468896,0.27262872628726287,59,2154.0,1536.0,11.932203389830509,16.702785721174106,0.3027928634467138,-10.474576271186441,-0.28690807799442897,0.5456897269572523,0.7447758198891817,0.6214606566012385,3.3453177234056306,128.37150288419798,0.8855999913066626,15,2
D_tile320,ios-nmm@0.5-drop,ios,nmm,0.5,True,0.43,24,484,994,1670,0.3274695534506089,0.22469823584029713,0.2665198237885463,59,2154.0,1478.0,12.847457627118644,17.74107557934029,0.32752903591615784,-11.457627118644067,-0.3138347260909935,0.4874518973023193,0.7240109178070031,0.5955846097564854,3.306961874314069,128.2142974785529,0.8063000277616084,15,2
D_tile320,ios-nmm@0.5-drop,ios,nmm,0.5,True,0.44,24,471,972,1683,0.3264033264033264,0.21866295264623956,0.261884904086739,59,2154.0,1443.0,13.305084745762711,18.210166651942686,0.33881062721125194,-12.05084745762712,-0.33008356545961004,0.45998903450295514,0.7240903807992649,0.5826893910687336,3.1845262989482683,128.27949772402644,0.6758000236004591,15,2
D_tile320,ios-nmm@0.5-drop,ios,nmm,0.5,True,0.45,24,457,941,1697,0.32689556509299,0.21216341689879295,0.25731981981981983,59,2154.0,1398.0,13.966101694915254,18.938795265319673,0.35694336706238017,-12.813559322033898,-0.35097493036211697,0.41591044968829727,0.7143274558876592,0.5654079735630474,3.052732626189757,128.24039771733806,0.7158999796956778,15,2
D_tile320,ios-nmm@0.5-drop,ios,nmm,0.5,True,0.46,24,443,912,1711,0.32693726937269374,0.20566388115134634,0.25249358791678544,59,2154.0,1355.0,14.491525423728813,19.658525558104404,0.3657763386641198,-13.542372881355933,-0.3709377901578459,0.37067262845396787,0.7059757100443186,0.5451175937283345,3.064689883206228,128.18340322514996,0.6209000130183995,15,2
D_tile320,ios-nmm@0.5-drop,ios,nmm,0.5,True,0.47,24,429,883,1725,0.32698170731707316,0.1991643454038997,0.24754760530871317,59,2154.0,1312.0,15.11864406779661,20.367804438061523,0.3785295861452187,-14.271186440677965,-0.39090064995357476,0.3244411760027769,0.6994512188832096,0.5253240295020524,3.0585091602132097,128.14969751052558,0.6512000109069049,15,2
D_tile320,ios-nmm@0.5-drop,ios,nmm,0.5,True,0.48,24,409,865,1745,0.32103610675039246,0.18987929433611886,0.23862310385064175,59,2154.0,1274.0,15.728813559322035,21.0133129713974,0.39729208529280474,-14.915254237288135,-0.4085422469823584,0.2809422093979549,0.6926437553892683,0.5076131612161972,3.0610381481408715,128.12829746399075,0.5658000009134412,15,2
D_tile320,ios-nmm@0.5-drop,ios,nmm,0.5,True,0.49,24,392,841,1762,0.31792376317923765,0.18198700092850512,0.2314732801889578,59,2154.0,1233.0,16.423728813559322,21.712684724973595,0.4208963765101236,-15.610169491525424,-0.4275766016713092,0.23228188063888056,0.6822219715366356,0.4918488557803233,2.941653638121755,128.2522976915352,0.6385999731719494,15,2
D_tile320,ios-nmm@0.5-drop,ios,nmm,0.5,True,0.5,24,384,812,1770,0.3210702341137124,0.17827298050139276,0.22925373134328358,59,2154.0,1196.0,16.949152542372882,22.34854865799218,0.43415018397009186,-16.23728813559322,-0.4447539461467038,0.1866576472646605,0.6718012956475438,0.4781812806240977,2.813517314164298,127.89500324102119,0.5780999781563878,15,2
D_tile320,ios-nmm@0.5-drop,ios,nmm,0.5,True,0.51,24,370,785,1784,0.3203463203463203,0.17177344475394615,0.22363251737685103,59,2154.0,1155.0,17.47457627118644,23.10954018273897,0.4441967324358127,-16.93220338983051,-0.4637883008356546,0.13032427744204522,0.6565061847908993,0.45918767373342423,2.812029674206849,127.92940327012911,0.5082999705336988,15,2
D_tile320,ios-nmm@0.5-drop,ios,nmm,0.5,True,0.52,24,357,765,1797,0.3181818181818182,0.16573816155988857,0.21794871794871795,59,2154.0,1122.0,17.864406779661017,23.55160219818802,0.45588595214508926,-17.491525423728813,-0.479108635097493,0.0967340221387023,0.660907825755155,0.45214337106699326,2.509884385113499,127.99659750889987,0.513400009367615,15,2
D_tile320,ios-nmm@0.5-drop,ios,nmm,0.5,True,0.53,24,342,734,1812,0.31784386617100374,0.15877437325905291,0.2117647058823529,59,2154.0,1076.0,18.54237288135593,24.314325832273575,0.47381743309290403,-18.271186440677965,-0.500464252553389,0.0372817543298275,0.6572771670512362,0.4332475367395609,2.4200814553048406,127.92670324956998,0.4406999796628952,15,2
D_tile320,ios-nmm@0.5-drop,ios,nmm,0.5,True,0.54,24,323,712,1831,0.3120772946859903,0.1499535747446611,0.20257133897773594,59,2154.0,1035.0,19.203389830508474,25.014910807593626,0.49551478437597835,-18.966101694915253,-0.5194986072423399,-0.018996413758517683,0.643433374144994,0.42134735270259266,2.1596237674341583,127.7468001358211,0.4831000114791095,15,2
D_tile320,ios-nmm@0.5-drop,ios,nmm,0.5,True,0.55,24,304,684,1850,0.3076923076923077,0.14113277623026926,0.1935073201782304,59,2154.0,988.0,20.0,25.850941693498864,0.5222080707895216,-19.76271186440678,-0.5413184772516249,-0.08824698940033149,0.6243826173378908,0.40566725330204595,1.9354701082608907,127.87770322570577,0.41229999624192715,15,2
D_tile320,ios-nmm@0.5-drop,ios,nmm,0.5,True,0.56,24,298,649,1856,0.3146779303062302,0.13834726090993502,0.19219606578523057,59,2154.0,947.0,20.661016949152543,26.46872154712016,0.5510778508813095,-20.45762711864407,-0.5603528319405757,-0.14088184302685147,0.6227428120501869,0.39663755944712187,1.570215202557615,127.70310323499143,0.4186999867670238,15,2
D_tile320,ios-nmm@0.5-drop,ios,nmm,0.5,True,0.57,24,283,619,1871,0.3137472283813747,0.13138347260909936,0.18520942408376964,59,2154.0,902.0,21.423728813559322,27.31672362913438,0.5726065386427364,-21.220338983050848,-0.5812441968430826,-0.21515577648724227,0.606463540925561,0.37502280580123437,1.596625022104084,127.92949752183631,0.4726999904960394,15,2
D_tile320,ios-nmm@0.5-drop,ios,nmm,0.5,True,0.58,24,273,584,1881,0.3185530921820303,0.12674094707520892,0.18133510461640653,59,2154.0,857.0,22.084745762711865,28.001513276298336,0.5883500264487548,-21.983050847457626,-0.6021355617455896,-0.2768437145340552,0.607647033636025,0.3641999912051475,1.229037609222243,127.65290011931211,0.3904000041075051,15,2
D_tile320,ios-nmm@0.5-drop,ios,nmm,0.5,True,0.59,24,259,556,1895,0.3177914110429448,0.1202414113277623,0.17446951835634894,59,2154.0,815.0,22.796610169491526,28.750534261800826,0.6057891020823488,-22.694915254237287,-0.6216341689879294,-0.3460666893087341,0.6046696595056493,0.3444475943739141,1.2383030799760848,127.65790009917691,0.37050002720206976,15,2
D_tile320,ios-nmm@0.5-drop,ios,nmm,0.5,True,0.6,24,240,523,1914,0.3145478374836173,0.11142061281337047,0.164552622557422,59,2154.0,763.0,23.64406779661017,29.63306673410291,0.6288437372345737,-23.576271186440678,-0.6457753017641596,-0.4299733253992535,0.6055393246549137,0.32458713313067744,1.0820222921444185,127.66470009274781,0.2923999563790858,15,2
D_tile320,ios-nmm@0.5-drop,ios,nmm,0.5,True,0.61,24,229,499,1925,0.31456043956043955,0.10631383472609099,0.1589174184594032,59,2154.0,728.0,24.203389830508474,30.25372928406051,0.6436649713032064,-24.16949152542373,-0.6620241411327762,-0.4905020270263949,0.5978682871449703,0.3115815109743855,0.9636173790029441,127.65170011017472,0.2882999833673239,15,2
D_tile320,ios-nmm@0.5-drop,ios,nmm,0.5,True,0.62,24,218,471,1936,0.3164005805515239,0.10120705663881151,0.15335912768202603,59,2154.0,689.0,24.83050847457627,30.91020346044493,0.6638419436353161,-24.83050847457627,-0.680129990714949,-0.555888481269303,0.5972586955931444,0.2988252322449236,0.7683127075327901,127.64440005458891,0.2519999979995191,15,2
D_tile320,ios-nmm@0.5-drop,ios,nmm,0.5,True,0.63,24,206,445,1948,0.31643625192012287,0.09563602599814298,0.14688057040998218,59,2154.0,651.0,25.47457627118644,31.705477257653655,0.6783731739442729,-25.47457627118644,-0.6977715877437326,-0.6369798289120487,0.5793952486676222,0.2753181818607101,0.9824514622378027,127.648500144016,0.2738999901339412,15,2
D_tile320,ios-nmm@0.5-drop,ios,nmm,0.5,True,0.64,24,200,420,1954,0.3225806451612903,0.09285051067780872,0.14419610670511895,59,2154.0,620.0,26.0,32.2490309931942,0.6969739946592818,-26.0,-0.7121634168987929,-0.6935892074060144,0.5749146326899187,0.2644368908512014,0.8542870696019002,127.64380010822788,0.22170000011101365,15,2
D_tile320,ios-nmm@0.5-drop,ios,nmm,0.5,True,0.65,24,191,401,1963,0.32263513513513514,0.08867223769730734,0.13911143481427532,59,2154.0,592.0,26.47457627118644,32.7822812827554,0.7125756092317207,-26.47457627118644,-0.7251624883936861,-0.7500605815643049,0.5612112658915489,0.2524370630057625,0.8178062082302967,127.66580010112375,0.27600000612437725,15,2
D_tile320,ios-nmm@0.5-drop,ios,nmm,0.5,True,0.66,24,181,370,1973,0.32849364791288566,0.0840297121634169,0.13382624768946397,59,2154.0,551.0,27.16949152542373,33.55466069322245,0.7327062400148446,-27.16949152542373,-0.744196843082637,-0.8334980029135288,0.5428175655414245,0.2352927142131367,0.7488049760153127,127.64890008885413,0.23479998344555497,15,2
D_tile320,ios-nmm@0.5-drop,ios,nmm,0.5,True,0.67,24,169,340,1985,0.3320235756385069,0.07845868152274837,0.12692452121667291,59,2154.0,509.0,27.88135593220339,34.29705724392722,0.7584459985480311,-27.88135593220339,-0.7636954503249768,-0.9155277800388657,0.5251893308952815,0.22219212636144792,0.5152230477532415,127.63310014316812,0.21269998978823423,15,2
D_tile320,ios-nmm@0.5-drop,ios,nmm,0.5,True,0.68,24,155,315,1999,0.32978723404255317,0.07195914577530177,0.11814024390243902,59,2154.0,470.0,28.54237288135593,35.01137829576967,0.7791510687279494,-28.54237288135593,-0.7818012999071495,-0.9961499129403157,0.5087009600267547,0.2076141904010734,0.38642430298454117,127.62990011880174,0.18180004553869367,15,2
D_tile320,ios-nmm@0.5-drop,ios,nmm,0.5,True,0.69,24,141,294,2013,0.32413793103448274,0.06545961002785515,0.10892236384704519,59,2154.0,435.0,29.135593220338983,35.64728339662536,0.7966137146956791,-29.135593220338983,-0.7980501392757661,-1.0693198117153049,0.5088314291847784,0.19320092402089434,0.31941033320328094,127.60850289510563,0.1395999570377171,15,2
D_tile320,ios-nmm@0.5-drop,ios,nmm,0.5,True,0.7,24,122,263,2032,0.3168831168831169,0.056638811513463325,0.0961008270972824,59,2154.0,385.0,29.983050847457626,36.60300071055581,0.8191066352129331,-29.983050847457626,-0.8212627669452182,-1.1817657444234553,0.5046604055912502,0.16958627703598494,0.3340874451608185,127.63490286329761,0.1362999901175499,15,2
D_tile320,ios-nmm@0.5-drop,ios,nmm,0.5,True,0.71,24,115,247,2039,0.31767955801104975,0.05338904363974002,0.09141494435612084,59,2154.0,362.0,30.372881355932204,36.991982640310276,0.8336463008936054,-30.372881355932204,-0.8319405756731661,-1.228383609014537,0.5067569924081403,0.16322965699139322,0.17632743797523773,127.55180287081748,0.11750002158805728,15,2
D_tile320,ios-nmm@0.5-drop,ios,nmm,0.5,True,0.72,24,105,230,2049,0.31343283582089554,0.04874651810584958,0.08437123342707915,59,2154.0,335.0,30.83050847457627,37.511354213294595,0.8458165961059165,-30.83050847457627,-0.8444753946146704,-1.2913963886838316,0.4863495097198407,0.1519886190865142,0.12909346589234527,127.58250287175179,0.13260002015158534,15,2
D_tile320,ios-nmm@0.5-drop,ios,nmm,0.5,True,0.73,24,95,201,2059,0.32094594594594594,0.04410399257195915,0.07755102040816328,59,2154.0,296.0,31.491525423728813,38.240097865274386,0.866193868186726,-31.491525423728813,-0.8625812441968431,-1.381292412942655,0.47278726162987095,0.1365550562449535,0.031532353362206174,127.53590286616236,0.12129999231547117,15,2
D_tile320,ios-nmm@0.5-drop,ios,nmm,0.5,True,0.74,24,84,178,2070,0.32061068702290074,0.03899721448467967,0.0695364238410596,59,2154.0,262.0,32.067796610169495,38.94977208871333,0.8807292677144661,-32.067796610169495,-0.8783658310120706,-1.4704984155231018,0.4330388803095908,0.11818083152524261,0.12607608295978578,127.51910269958898,0.08229998638853431,15,2
D_tile320,ios-nmm@0.5-drop,ios,nmm,0.5,True,0.75,24,70,152,2084,0.3153153153153153,0.032497678737233054,0.05892255892255892,59,2154.0,222.0,32.74576271186441,39.69801258740581,0.900101597063439,-32.74576271186441,-0.8969359331476323,-1.5663286262159586,0.4377677344069395,0.10174007093890665,0.04833707114567913,127.51910275779665,0.07810001261532307,15,2
D_tile320,ios-nmm@0.5-drop,ios,nmm,0.5,True,0.76,24,63,131,2091,0.3247422680412371,0.02924791086350975,0.05366269165247019,59,2154.0,194.0,33.220338983050844,40.233639690088495,0.9115036370882381,-33.220338983050844,-0.9099350046425255,-1.6360484165990679,0.43803742576641025,0.08974024309346777,0.01185620977407433,127.5182027509436,0.07100001676008105,15,2
D_tile320,ios-nmm@0.5-drop,ios,nmm,0.5,True,0.77,24,58,117,2096,0.3314285714285714,0.02692664809656453,0.04980678402747961,59,2154.0,175.0,33.54237288135593,40.64376033584107,0.9186231009450353,-33.54237288135593,-0.9187558031569174,-1.69006331358234,0.4134736672430266,0.07849733394335928,0.1002837743390527,127.52300272928551,0.06900000153109431,15,2
D_tile320,ios-nmm@0.5-drop,ios,nmm,0.5,True,0.78,24,49,98,2105,0.3333333333333333,0.02274837511606314,0.042590178183398525,59,2154.0,147.0,34.016949152542374,41.187253252778035,0.9313072715975241,-34.016949152542374,-0.9317548746518106,-1.7624879889446832,0.40450810365544665,0.06638710262938023,0.06783357519177904,127.51610273495317,0.0523999915458262,15,2
D_tile320,ios-nmm@0.5-drop,ios,nmm,0.5,True,0.79,24,46,88,2108,0.34328358208955223,0.02135561745589601,0.040209790209790215,59,2154.0,134.0,34.23728813559322,41.467160786926485,0.9355468832954963,-34.23728813559322,-0.9377901578458682,-1.800163172584012,0.38123149414532453,0.05889650797571498,0.12096477661542229,127.51820269273594,0.048099958803504705,15,2
D_tile320,ios-nmm@0.5-drop,ios,nmm,0.5,True,0.8,24,33,73,2121,0.3113207547169811,0.01532033426183844,0.02920353982300885,59,2154.0,106.0,34.71186440677966,42.030658705121915,0.9472894050901104,-34.71186440677966,-0.9507892293407614,-1.8767831797508814,0.326861020938388,0.04590304891341467,0.12075987526279289,127.51540272962302,0.0295999925583601,15,2
D_tile320,ios-nmm@0.5-drop,ios,nmm,0.5,True,0.81,24,23,61,2131,0.27380952380952384,0.010677808727948004,0.020554066130473638,59,2154.0,84.0,35.08474576271186,42.47232398968469,0.9587079953647369,-35.08474576271186,-0.9610027855153204,-1.9375602891822377,0.25986677432958005,0.03597188266918162,0.11045024967089465,127.51710268436,0.02800003858283162,15,2
D_tile320,ios-nmm@0.5-drop,ios,nmm,0.5,True,0.82,24,19,50,2135,0.2753623188405797,0.008820798514391829,0.017094017094017092,59,2154.0,69.0,35.33898305084746,42.74976459445544,0.9664121687561392,-35.33898305084746,-0.967966573816156,-1.9760634988356176,0.24717740566965674,0.030717426064761924,0.048045156889878066,127.517402744852,0.025399960577487946,15,2
D_tile320,ios-nmm@0.5-drop,ios,nmm,0.5,True,0.83,24,16,40,2138,0.2857142857142857,0.007428040854224698,0.014479638009049773,59,2154.0,56.0,35.559322033898304,43.04865201929052,0.9701043817012234,-35.559322033898304,-0.9740018570102136,-2.0178236108109324,0.1841641782198219,0.021957191522884865,0.14752897389332217,127.51500272657722,0.021899992134422064,15,2
D_tile320,ios-nmm@0.5-drop,ios,nmm,0.5,True,0.84,24,7,25,2147,0.21875,0.0032497678737233053,0.006404391582799634,59,2154.0,32.0,35.96610169491525,43.50608763169758,0.9853977683720732,-35.96610169491525,-0.9851439182915506,-2.0822992364383843,0.1171985686867788,0.01279931736974028,0.07508932856914295,127.51350271515548,0.016900012269616127,15,2
D_tile320,ios-nmm@0.5-drop,ios,nmm,0.5,True,0.85,24,4,15,2150,0.21052631578947367,0.0018570102135561746,0.0036815462494247586,59,2154.0,19.0,36.186440677966104,43.7239026279328,0.9919602222901401,-36.186440677966104,-0.9911792014856081,-2.1132398084967634,0.12477707006712169,0.009973269261896678,-0.042074948985177045,127.51640273723751,0.01610000617802143,15,2
D_tile320,ios-nmm@0.5-drop,ios,nmm,0.5,True,0.86,24,2,9,2152,0.18181818181818182,0.0009285051067780873,0.0018475750577367205,59,2154.0,11.0,36.32203389830509,43.854342884491025,0.9967562740933228,-36.32203389830509,-0.9948932219127206,-2.13184279294578,0.17447493118755575,0.008484693681834049,-0.12332254560458555,127.51320271287113,0.015300000086426735,15,2
D_tile320,ios-nmm@0.5-drop,ios,nmm,0.5,True,0.87,24,1,8,2153,0.1111111111111111,0.00046425255338904364,0.0009246417013407305,59,2154.0,9.0,36.355932203389834,43.90725973716783,0.9972446514157501,-36.355932203389834,-0.9958217270194986,-2.1394054305407804,0.13835999229036056,0.006663504262228823,-0.09073200306509974,127.512802768033,0.014599994756281376,15,2
D_tile320,ios-nmm@0.5-drop,ios,nmm,0.5,True,0.88,24,0,5,2154,0.0,0.0,0.0,59,2154.0,5.0,36.42372881355932,44.00404449824345,0.9983369775683496,-36.42372881355932,-0.9976787372330548,-2.15326106584257,0.07475320373339656,0.003683546234259319,-0.049734891332111425,127.51330271363258,0.014899997040629387,15,2
D_tile320,ios-nmm@0.5-drop,ios,nmm,0.5,True,0.89,24,0,2,2154,0.0,0.0,0.0,59,2154.0,2.0,36.47457627118644,44.068513683865994,0.9995352908410917,-36.47457627118644,-0.9990714948932219,-2.1625073563328083,0.0760876050702145,0.0020143954895504987,-0.039644201432063965,127.51420272048563,0.014299992471933365,15,2
D_tile320,ios-nmm@0.5-drop,ios,nmm,0.5,True,0.9,24,0,1,2154,0.0,0.0,0.0,59,2154.0,1.0,36.49152542372882,44.0956202906089,0.999774011299435,-36.49152542372882,-0.999535747446611,-2.166399078598849,0.041598434774344106,0.0010623994790453278,-0.021837431828197213,127.51240270677954,0.01409999094903469,15,2
