image,pred,gt,n_raw,dropped_border,duplicates_removed,n_tiles,latency_infer_ms,latency_merge_ms,session,arm
20150919_174151_image1.png,7,95,7,0,0,1,17.137999150902033,0.31619996298104525,20150919_174151,A_full640
20150919_174151_image101.png,12,102,12,0,0,1,14.430400354787707,0.27060002321377397,20150919_174151,A_full640
20150919_174151_image106.png,9,99,9,0,0,1,14.82109959796071,0.19729998894035816,20150919_174151,A_full640
20150919_174151_image11.png,7,105,7,0,0,1,14.247700037434697,0.15320000238716602,20150919_174151,A_full640
20150919_174151_image111.png,7,114,7,0,0,1,15.856099985539913,0.16350002260878682,20150919_174151,A_full640
20150919_174151_image116.png,4,106,4,0,0,1,13.6895000198856,0.09929999941959977,20150919_174151,A_full640
20150919_174151_image121.png,4,117,4,0,0,1,15.768400373868644,0.08790002902969718,20150919_174151,A_full640
20150919_174151_image126.png,8,107,8,0,0,1,14.55249968264252,0.18590001855045557,20150919_174151,A_full640
20150919_174151_image131.png,12,111,12,0,0,1,14.842800051905215,0.47910003922879696,20150919_174151,A_full640
20150919_174151_image136.png,19,121,19,0,0,1,14.81440031901002,0.5133000086061656,20150919_174151,A_full640
20150919_174151_image141.png,13,119,13,0,0,1,14.21970003284514,0.33980002626776695,20150919_174151,A_full640
20150919_174151_image146.png,13,113,13,0,0,1,13.11489993520081,0.6279000081121922,20150919_174151,A_full640
20150919_174151_image151.png,14,118,14,0,0,1,14.179699682630599,0.40059996536001563,20150919_174151,A_full640
20150919_174151_image156.png,16,114,16,0,0,1,13.773200208321214,0.5565999890677631,20150919_174151,A_full640
20150919_174151_image16.png,9,96,9,0,0,1,14.963000074028969,0.3562000347301364,20150919_174151,A_full640
20150919_174151_image161.png,15,123,15,0,0,1,16.070600286126137,0.4531000158749521,20150919_174151,A_full640
20150919_174151_image166.png,20,117,20,0,0,1,13.130199896171689,0.7274000090546906,20150919_174151,A_full640
20150919_174151_image171.png,19,116,19,0,0,1,14.301599552854896,0.5012000328861177,20150919_174151,A_full640
20150919_174151_image176.png,19,104,19,0,0,1,14.265299961902201,0.6750000175088644,20150919_174151,A_full640
20150919_174151_image181.png,21,101,21,0,0,1,14.618100242689252,0.7685000309720635,20150919_174151,A_full640
20150919_174151_image186.png,28,100,28,0,0,1,14.17259997408837,1.401500019710511,20150919_174151,A_full640
20150919_174151_image191.png,20,100,21,0,1,1,14.472200026735663,1.186200010124594,20150919_174151,A_full640
20150919_174151_image196.png,25,98,26,0,1,1,18.39719997253269,0.8465999853797257,20150919_174151,A_full640
20150919_174151_image201.png,16,96,16,0,0,1,16.938300327397883,0.4385999636724591,20150919_174151,A_full640
20150919_174151_image206.png,19,98,19,0,0,1,15.036000433377922,0.7070000283420086,20150919_174151,A_full640
20150919_174151_image21.png,10,100,10,0,0,1,18.658000195398927,0.6445999606512487,20150919_174151,A_full640
20150919_174151_image211.png,15,93,15,0,0,1,15.619000224396586,0.7912999717518687,20150919_174151,A_full640
20150919_174151_image216.png,12,94,12,0,0,1,14.132100286893547,0.7822000188753009,20150919_174151,A_full640
20150919_174151_image221.png,15,88,15,0,0,1,15.396800108253956,0.5956999957561493,20150919_174151,A_full640
20150919_174151_image226.png,18,98,18,0,0,1,19.79989929497242,0.5106999888084829,20150919_174151,A_full640
20150919_174151_image231.png,22,101,22,0,0,1,13.951600125990808,0.6762999692000449,20150919_174151,A_full640
20150919_174151_image236.png,32,97,32,0,0,1,14.248600179329515,1.8507999484427273,20150919_174151,A_full640
20150919_174151_image241.png,24,97,24,0,0,1,13.67250039987266,0.9590000263415277,20150919_174151,A_full640
20150919_174151_image26.png,16,102,16,0,0,1,14.158299762755632,0.41969999438151717,20150919_174151,A_full640
20150919_174151_image286.png,12,94,12,0,0,1,14.806399531662464,0.34060003235936165,20150919_174151,A_full640
20150919_174151_image301.png,15,109,15,0,0,1,15.151000204496086,0.4341999883763492,20150919_174151,A_full640
20150919_174151_image31.png,5,99,5,0,0,1,13.716899631544948,0.17800001660361886,20150919_174151,A_full640
20150919_174151_image36.png,13,94,13,0,0,1,13.685600032098591,0.43709995225071907,20150919_174151,A_full640
20150919_174151_image361.png,18,73,18,0,0,1,13.848500441759825,0.486500037368387,20150919_174151,A_full640
20150919_174151_image381.png,11,85,11,0,0,1,13.247199771925807,0.43429998913779855,20150919_174151,A_full640
20150919_174151_image41.png,15,99,15,0,0,1,13.624100031331182,0.4434000002220273,20150919_174151,A_full640
20150919_174151_image411.png,7,84,7,0,0,1,13.58200023882091,0.30649994732812047,20150919_174151,A_full640
20150919_174151_image431.png,15,94,15,0,0,1,13.51960008777678,0.5172000383026898,20150919_174151,A_full640
20150919_174151_image46.png,15,97,15,0,0,1,14.073899720795453,0.8945000008679926,20150919_174151,A_full640
20150919_174151_image471.png,4,92,4,0,0,1,13.96970015950501,0.4094999749213457,20150919_174151,A_full640
20150919_174151_image496.png,3,81,3,0,0,1,16.208100778982043,0.27009996119886637,20150919_174151,A_full640
20150919_174151_image51.png,21,116,21,0,0,1,14.10649958346039,1.1737000313587487,20150919_174151,A_full640
20150919_174151_image56.png,22,108,22,0,0,1,13.983600384555757,0.651500013191253,20150919_174151,A_full640
20150919_174151_image6.png,6,95,6,0,0,1,15.203100128099322,0.258800049778074,20150919_174151,A_full640
20150919_174151_image601.png,14,78,14,0,0,1,14.526900194585323,0.5933999782428145,20150919_174151,A_full640
20150919_174151_image61.png,22,107,22,0,0,1,19.48859926685691,0.609199982136488,20150919_174151,A_full640
20150919_174151_image621.png,17,87,17,0,0,1,13.86290036700666,0.5728999967686832,20150919_174151,A_full640
20150919_174151_image641.png,20,89,21,0,1,1,13.423400368541479,0.5708999815396965,20150919_174151,A_full640
20150919_174151_image656.png,23,61,23,0,0,1,13.119899669662118,0.5874000489711761,20150919_174151,A_full640
20150919_174151_image66.png,23,108,23,0,0,1,14.357699977234006,0.6643999950028956,20150919_174151,A_full640
20150919_174151_image676.png,26,75,26,0,0,1,13.617200214415789,0.9355000220239162,20150919_174151,A_full640
20150919_174151_image71.png,20,101,20,0,0,1,13.854300258681178,0.6403999868780375,20150919_174151,A_full640
20150919_174151_image736.png,6,66,6,0,0,1,21.32550053484738,0.32190000638365746,20150919_174151,A_full640
20150919_174151_image741.png,2,62,2,0,0,1,13.10339963529259,0.11760002234950662,20150919_174151,A_full640
20150919_174151_image76.png,17,104,18,0,1,1,15.324199579656124,0.5640999879688025,20150919_174151,A_full640
20150919_174151_image806.png,4,65,4,0,0,1,12.725100141949952,0.25969999842345715,20150919_174151,A_full640
20150919_174151_image81.png,10,96,10,0,0,1,15.520599538460374,0.3858000272884965,20150919_174151,A_full640
20150919_174151_image856.png,7,86,7,0,0,1,14.381399749778211,0.2578999847173691,20150919_174151,A_full640
20150919_174151_image86.png,8,101,8,0,0,1,14.38400029297918,0.3244999679736793,20150919_174151,A_full640
20150919_174151_image91.png,10,105,10,0,0,1,13.814400183036923,0.23290002718567848,20150919_174151,A_full640
20150919_174151_image96.png,9,101,10,0,1,1,13.82539957202971,0.22710004122927785,20150919_174151,A_full640
20150919_174730_image1.png,23,33,26,0,3,1,13.210399551317096,0.5487999878823757,20150919_174730,A_full640
20150919_174730_image101.png,2,8,3,0,1,1,13.440600458532572,0.07569999434053898,20150919_174730,A_full640
20150919_174730_image1046.png,33,88,34,0,1,1,14.24770007096231,0.785200041718781,20150919_174730,A_full640
20150919_174730_image106.png,3,6,3,0,0,1,13.569900415837765,0.13640004908666015,20150919_174730,A_full640
20150919_174730_image11.png,22,31,22,0,0,1,14.206399820744991,0.7000000332482159,20150919_174730,A_full640
20150919_174730_image111.png,3,8,3,0,0,1,22.340500726364553,0.1598999951966107,20150919_174730,A_full640
20150919_174730_image1146.png,41,107,42,0,1,1,13.6675995728001,1.4088000170886517,20150919_174730,A_full640
20150919_174730_image116.png,2,8,2,0,0,1,12.756199604831636,0.11160003487020731,20150919_174730,A_full640
20150919_174730_image121.png,5,8,5,0,0,1,13.314599623903632,0.1542000100016594,20150919_174730,A_full640
20150919_174730_image126.png,2,9,2,0,0,1,15.671499894931912,0.10160001693293452,20150919_174730,A_full640
20150919_174730_image131.png,2,10,2,0,0,1,13.628399895504117,0.17370004206895828,20150919_174730,A_full640
20150919_174730_image1331.png,53,82,53,0,0,1,15.32180014345795,1.5106999780982733,20150919_174730,A_full640
20150919_174730_image136.png,4,11,4,0,0,1,13.207399558275938,0.18229999113827944,20150919_174730,A_full640
20150919_174730_image141.png,7,12,7,0,0,1,13.21259968727827,0.24449999909847975,20150919_174730,A_full640
20150919_174730_image146.png,8,12,8,0,0,1,14.666399613954127,0.21329999435693026,20150919_174730,A_full640
20150919_174730_image151.png,7,14,7,0,0,1,12.910099734552205,0.19650004105642438,20150919_174730,A_full640
20150919_174730_image156.png,7,11,8,0,1,1,16.599199632182717,0.18229999113827944,20150919_174730,A_full640
20150919_174730_image16.png,20,30,21,0,1,1,14.235699691809714,0.5218000151216984,20150919_174730,A_full640
20150919_174730_image161.png,4,11,4,0,0,1,17.19799972232431,0.20949996542185545,20150919_174730,A_full640
20150919_174730_image166.png,8,10,8,0,0,1,14.446299734525383,0.21930004004389048,20150919_174730,A_full640
20150919_174730_image171.png,6,9,6,0,0,1,16.049699281342328,0.2025999710895121,20150919_174730,A_full640
20150919_174730_image176.png,4,9,4,0,0,1,14.035099742934108,0.10320002911612391,20150919_174730,A_full640
20150919_174730_image181.png,4,8,4,0,0,1,13.109600117430091,0.10629999451339245,20150919_174730,A_full640
20150919_174730_image186.png,4,7,4,0,0,1,18.214499406516552,0.10920001659542322,20150919_174730,A_full640
20150919_174730_image191.png,4,8,4,0,0,1,14.058099806308746,0.1270999782718718,20150919_174730,A_full640
20150919_174730_image196.png,4,7,4,0,0,1,14.96530005801469,0.16110000433400273,20150919_174730,A_full640
20150919_174730_image201.png,3,7,3,0,0,1,14.060100045055151,0.07270002970471978,20150919_174730,A_full640
20150919_174730_image206.png,2,7,2,0,0,1,14.297999555245042,0.05089998012408614,20150919_174730,A_full640
20150919_174730_image21.png,23,29,23,0,0,1,14.37250006571412,1.0877999593503773,20150919_174730,A_full640
20150919_174730_image211.png,3,9,3,0,0,1,14.310999630019069,0.1066999975591898,20150919_174730,A_full640
20150919_174730_image216.png,2,6,2,0,0,1,13.872500356286764,0.05169998621568084,20150919_174730,A_full640
20150919_174730_image221.png,2,6,2,0,0,1,14.456300098448992,0.04799995804205537,20150919_174730,A_full640
20150919_174730_image226.png,1,6,1,0,0,1,13.813100456260145,0.03809999907389283,20150919_174730,A_full640
20150919_174730_image231.png,1,4,1,0,0,1,13.745499632321298,0.031200004741549492,20150919_174730,A_full640
20150919_174730_image236.png,1,3,1,0,0,1,14.80640020687133,0.026600027922540903,20150919_174730,A_full640
20150919_174730_image241.png,0,2,0,0,0,1,14.459199538454413,0.01939997309818864,20150919_174730,A_full640
20150919_174730_image246.png,0,1,0,0,0,1,14.496900191530585,0.017300015315413475,20150919_174730,A_full640
20150919_174730_image251.png,0,1,0,0,0,1,15.16280001681298,0.016400008462369442,20150919_174730,A_full640
20150919_174730_image256.png,0,5,0,0,0,1,13.270499799400568,0.016600009985268116,20150919_174730,A_full640
20150919_174730_image26.png,14,30,14,0,0,1,13.736500250175595,0.38430001586675644,20150919_174730,A_full640
20150919_174730_image261.png,0,7,0,0,0,1,15.38300041668117,0.04650000482797623,20150919_174730,A_full640
20150919_174730_image266.png,0,14,0,0,0,1,13.044100124388933,0.02929999027401209,20150919_174730,A_full640
20150919_174730_image271.png,1,17,1,0,0,1,13.657999645918608,0.05719996988773346,20150919_174730,A_full640
20150919_174730_image276.png,1,14,1,0,0,1,19.70690025947988,0.11779996566474438,20150919_174730,A_full640
20150919_174730_image286.png,2,16,2,0,0,1,14.286000019870698,0.2582999877631664,20150919_174730,A_full640
20150919_174730_image296.png,3,20,3,0,0,1,15.107500106096268,0.13669999316334724,20150919_174730,A_full640
20150919_174730_image301.png,10,23,10,0,0,1,13.906300034373999,0.40530000114813447,20150919_174730,A_full640
20150919_174730_image306.png,7,24,7,0,0,1,14.311700453981757,0.23100001271814108,20150919_174730,A_full640
20150919_174730_image31.png,12,21,12,0,0,1,14.70879994891584,0.8838999783620238,20150919_174730,A_full640
20150919_174730_image321.png,8,32,9,0,1,1,13.591099675744772,0.3846999607048929,20150919_174730,A_full640
20150919_174730_image331.png,9,35,9,0,0,1,14.4503003815189,0.3161000204272568,20150919_174730,A_full640
20150919_174730_image341.png,10,36,10,0,0,1,13.209199926815927,0.41769997915253043,20150919_174730,A_full640
20150919_174730_image351.png,8,34,9,0,1,1,13.010400000028312,0.5435000057332218,20150919_174730,A_full640
20150919_174730_image356.png,9,40,9,0,0,1,21.029700460843742,0.2893999917432666,20150919_174730,A_full640
20150919_174730_image36.png,10,17,10,0,0,1,15.599599876441061,0.2677000011317432,20150919_174730,A_full640
20150919_174730_image376.png,15,39,15,0,0,1,13.711000202223659,0.5456999642774463,20150919_174730,A_full640
20150919_174730_image386.png,16,56,16,0,0,1,13.848099594935775,0.5728999967686832,20150919_174730,A_full640
20150919_174730_image396.png,16,47,17,0,1,1,14.742300215177238,0.6510000093840063,20150919_174730,A_full640
20150919_174730_image41.png,7,16,8,0,1,1,14.447199716232717,0.25179999647662044,20150919_174730,A_full640
20150919_174730_image411.png,16,48,16,0,0,1,13.435500174760818,0.4487999831326306,20150919_174730,A_full640
20150919_174730_image426.png,15,47,15,0,0,1,16.45030081178993,0.5074000218883157,20150919_174730,A_full640
20150919_174730_image436.png,22,45,23,0,1,1,12.914400150999427,0.8493000059388578,20150919_174730,A_full640
20150919_174730_image441.png,19,49,19,0,0,1,14.817800281569362,0.5931000341661274,20150919_174730,A_full640
20150919_174730_image456.png,21,35,21,0,0,1,17.138900521211326,1.8151000258512795,20150919_174730,A_full640
20150919_174730_image46.png,5,12,5,0,0,1,13.076300267130136,0.16360002337023616,20150919_174730,A_full640
20150919_174730_image471.png,24,51,26,0,2,1,14.887400154024363,0.9157999884337187,20150919_174730,A_full640
20150919_174730_image486.png,15,51,15,0,0,1,13.633300270885229,0.5094999796710908,20150919_174730,A_full640
20150919_174730_image491.png,25,66,26,0,1,1,23.59259967505932,0.8721999474801123,20150919_174730,A_full640
20150919_174730_image496.png,29,56,31,0,2,1,22.170599386096,1.0999999940395355,20150919_174730,A_full640
20150919_174730_image506.png,34,68,35,0,1,1,13.228400323539972,1.6246999730356038,20150919_174730,A_full640
20150919_174730_image51.png,5,11,5,0,0,1,16.179200624115765,0.44729997171089053,20150919_174730,A_full640
20150919_174730_image521.png,44,70,44,0,0,1,14.3683996880427,1.533699978608638,20150919_174730,A_full640
20150919_174730_image536.png,37,77,37,0,0,1,14.519199708476663,1.3581999810412526,20150919_174730,A_full640
20150919_174730_image551.png,44,78,44,0,0,1,15.076500268653035,2.4135999847203493,20150919_174730,A_full640
20150919_174730_image56.png,2,5,2,0,0,1,14.532299763523042,0.152299995534122,20150919_174730,A_full640
20150919_174730_image566.png,48,76,49,0,1,1,18.137500817887485,2.4161000037565827,20150919_174730,A_full640
20150919_174730_image581.png,49,79,49,0,0,1,13.883499732241035,2.0871000015176833,20150919_174730,A_full640
20150919_174730_image596.png,51,69,51,0,0,1,13.394599691033363,1.6025000368244946,20150919_174730,A_full640
20150919_174730_image6.png,21,36,22,0,1,1,14.753299751318991,0.9341000113636255,20150919_174730,A_full640
20150919_174730_image61.png,3,4,3,0,0,1,17.219599635340273,0.18259999342262745,20150919_174730,A_full640
20150919_174730_image611.png,44,62,47,0,3,1,13.283300016075373,1.6050999984145164,20150919_174730,A_full640
20150919_174730_image631.png,23,50,24,0,1,1,15.524700367823243,0.7420999463647604,20150919_174730,A_full640
20150919_174730_image646.png,18,44,19,0,1,1,13.57539957202971,0.5713999853469431,20150919_174730,A_full640
20150919_174730_image66.png,4,7,4,0,0,1,15.828999971039593,0.18560001626610756,20150919_174730,A_full640
20150919_174730_image666.png,23,54,23,0,0,1,13.471300315111876,1.07709999429062,20150919_174730,A_full640
20150919_174730_image681.png,29,65,29,0,0,1,13.540999749675393,1.123199996072799,20150919_174730,A_full640
20150919_174730_image701.png,33,77,34,0,1,1,15.660299887880683,1.0534999892115593,20150919_174730,A_full640
20150919_174730_image71.png,3,5,4,0,1,1,13.664600161835551,0.16070000128820539,20150919_174730,A_full640
20150919_174730_image736.png,37,76,39,0,2,1,14.801499577239156,1.0663000284694135,20150919_174730,A_full640
20150919_174730_image76.png,2,4,2,0,0,1,13.80879978183657,0.09970000246539712,20150919_174730,A_full640
20150919_174730_image761.png,41,74,42,0,1,1,14.10380027629435,1.3504999806173146,20150919_174730,A_full640
20150919_174730_image786.png,31,51,33,0,2,1,13.46490032505244,0.9809000184759498,20150919_174730,A_full640
20150919_174730_image81.png,1,4,1,0,0,1,13.652900202199817,0.06649998249486089,20150919_174730,A_full640
20150919_174730_image811.png,26,54,26,0,0,1,15.752000433392823,1.4312000130303204,20150919_174730,A_full640
20150919_174730_image86.png,4,5,4,0,0,1,13.296500109136105,0.21660001948475838,20150919_174730,A_full640
20150919_174730_image861.png,34,74,35,0,1,1,14.515600386075675,1.4518999960273504,20150919_174730,A_full640
20150919_174730_image91.png,3,7,3,0,0,1,15.429399536922574,0.09889999637380242,20150919_174730,A_full640
20150919_174730_image911.png,26,72,26,0,0,1,13.797199574299157,0.658600009046495,20150919_174730,A_full640
20150919_174730_image96.png,3,7,4,0,1,1,13.18119992222637,0.11350004933774471,20150919_174730,A_full640
20150919_174730_image961.png,34,113,35,0,1,1,14.09410034865141,1.1829999857582152,20150919_174730,A_full640
20150921_131234_image1.png,61,72,69,0,8,1,15.02629991993308,2.188700018450618,20150921_131234,A_full640
20150921_131234_image11.png,62,75,74,0,12,1,13.68529991991818,2.1936999983154237,20150921_131234,A_full640
20150921_131234_image16.png,62,71,68,0,6,1,13.843100315891206,2.326199959497899,20150921_131234,A_full640
20150921_131234_image201.png,53,43,57,0,4,1,13.931899649091065,2.826400042977184,20150921_131234,A_full640
20150921_131234_image206.png,51,40,56,0,5,1,13.865300228819251,1.999800035264343,20150921_131234,A_full640
20150921_131234_image21.png,61,68,63,0,2,1,16.124200850725174,1.9391999812796712,20150921_131234,A_full640
20150921_131234_image216.png,49,51,52,0,3,1,15.381000308319926,1.8277000053785741,20150921_131234,A_full640
20150921_131234_image221.png,50,49,54,0,4,1,15.131899593397975,1.852500019595027,20150921_131234,A_full640
20150921_131234_image231.png,52,58,56,0,4,1,15.578699698671699,3.0757999629713595,20150921_131234,A_full640
20150921_131234_image236.png,38,40,39,0,1,1,13.983300390653312,1.3083000085316598,20150921_131234,A_full640
20150921_131234_image26.png,69,68,75,0,6,1,14.865199705585837,2.1015999955125153,20150921_131234,A_full640
20150921_131234_image286.png,64,60,69,0,5,1,16.182200064882636,1.7106999875977635,20150921_131234,A_full640
20150921_131234_image306.png,59,67,66,0,7,1,14.505299754440784,1.96610001148656,20150921_131234,A_full640
20150921_131234_image31.png,66,74,75,0,9,1,21.52760076150298,3.182400017976761,20150921_131234,A_full640
20150921_131234_image341.png,59,64,66,0,7,1,17.28630071412772,3.0866999877616763,20150921_131234,A_full640
20150921_131234_image36.png,73,72,82,0,9,1,15.10400028526783,3.1891000107862055,20150921_131234,A_full640
20150921_131234_image361.png,48,48,51,0,3,1,14.354900263249874,2.156500006094575,20150921_131234,A_full640
20150921_131234_image366.png,49,45,55,0,6,1,15.634199602529407,1.936799963004887,20150921_131234,A_full640
20150921_131234_image401.png,50,56,55,0,5,1,19.928300093859434,2.26829998428002,20150921_131234,A_full640
20150921_131234_image406.png,51,53,52,0,1,1,14.311100449413061,3.3464000443927944,20150921_131234,A_full640
20150921_131234_image41.png,76,73,84,0,8,1,17.324999442324042,2.3769999970681965,20150921_131234,A_full640
20150921_131234_image416.png,55,51,60,0,5,1,16.926200926303864,4.057999991346151,20150921_131234,A_full640
20150921_131234_image451.png,52,61,55,0,3,1,17.396399409510195,1.7655999981798232,20150921_131234,A_full640
20150921_131234_image456.png,50,65,54,0,4,1,14.08680035173893,2.228699973784387,20150921_131234,A_full640
20150921_131234_image461.png,52,60,56,0,4,1,14.049100357107818,2.042600011918694,20150921_131234,A_full640
20150921_131234_image476.png,61,63,63,0,2,1,20.0732999779284,2.8959999908693135,20150921_131234,A_full640
20150921_131234_image481.png,47,55,50,0,3,1,14.364400218240917,1.705800008494407,20150921_131234,A_full640
20150921_131234_image486.png,42,49,44,0,2,1,15.033099621534348,1.553800015244633,20150921_131234,A_full640
20150921_131234_image536.png,16,18,18,0,2,1,15.74620005954057,0.6190999993123114,20150921_131234,A_full640
20150921_131234_image541.png,12,13,13,0,1,1,22.53270017169416,0.3761000116355717,20150921_131234,A_full640
20150921_131234_image546.png,12,10,12,0,0,1,15.144800106063485,0.3261000383645296,20150921_131234,A_full640
20150921_131234_image551.png,8,10,9,0,1,1,14.82690024189651,0.21949998335912824,20150921_131234,A_full640
20150921_131234_image556.png,12,9,12,0,0,1,14.835699533112347,0.3008000203408301,20150921_131234,A_full640
20150921_131234_image56.png,32,37,35,0,3,1,13.841499771922827,1.014699984807521,20150921_131234,A_full640
20150921_131234_image561.png,9,8,9,0,0,1,14.362499815411866,0.31670002499595284,20150921_131234,A_full640
20150921_131234_image566.png,10,7,10,0,0,1,14.367299949750304,0.2856999635696411,20150921_131234,A_full640
20150921_131234_image571.png,11,14,13,0,2,1,14.384999739006162,1.0955000179819763,20150921_131234,A_full640
20150921_131234_image576.png,12,15,12,0,0,1,17.346200466156006,0.40339998668059707,20150921_131234,A_full640
20150921_131234_image581.png,10,12,11,0,1,1,15.008199885487556,0.48340001376345754,20150921_131234,A_full640
20150921_131234_image586.png,9,10,10,0,1,1,14.690100437961519,0.6759999669156969,20150921_131234,A_full640
20150921_131234_image591.png,8,10,9,0,1,1,14.436799935996532,0.36399997770786285,20150921_131234,A_full640
20150921_131234_image596.png,12,13,13,0,1,1,14.395299958065152,0.47109997831285,20150921_131234,A_full640
20150921_131234_image6.png,65,67,68,0,3,1,16.69240059517324,2.9485999839380383,20150921_131234,A_full640
20150921_131234_image61.png,27,28,32,0,5,1,15.571800286881626,3.1565999961458147,20150921_131234,A_full640
20150921_131234_image626.png,7,10,7,0,0,1,14.320699747651815,0.813300022855401,20150921_131234,A_full640
20150921_131234_image631.png,8,11,9,0,1,1,36.98539903946221,0.7245999877341092,20150921_131234,A_full640
20150921_131234_image636.png,7,8,10,0,3,1,16.107299357652664,0.5021000397391617,20150921_131234,A_full640
20150921_131234_image641.png,7,10,8,0,1,1,14.940199755132198,0.8339000050909817,20150921_131234,A_full640
20150921_131234_image646.png,9,10,10,0,1,1,14.899099675007164,0.7909000269137323,20150921_131234,A_full640
20150921_131234_image651.png,9,11,9,0,0,1,16.39230076223612,0.6580999470315874,20150921_131234,A_full640
20150921_131234_image656.png,9,9,10,0,1,1,20.35350039601326,0.629299960564822,20150921_131234,A_full640
20150921_131234_image66.png,27,23,29,0,2,1,14.904299639165401,1.038899994455278,20150921_131234,A_full640
20150921_131234_image661.png,4,6,4,0,0,1,16.263799713924527,0.3540999605320394,20150921_131234,A_full640
20150921_131234_image666.png,10,8,11,0,1,1,14.620500189252198,0.4456000169739127,20150921_131234,A_full640
20150921_131234_image676.png,10,11,11,0,1,1,17.39830075763166,0.47990004532039165,20150921_131234,A_full640
20150921_131234_image681.png,7,9,8,0,1,1,14.912600428797305,0.4020999767817557,20150921_131234,A_full640
20150921_131234_image686.png,6,5,6,0,0,1,15.852699887007475,0.28249999741092324,20150921_131234,A_full640
20150921_131234_image86.png,39,35,43,0,4,1,18.400399141013622,1.5013000229373574,20150921_131234,A_full640
20150921_131234_image91.png,38,56,41,0,3,1,14.071199730038643,1.3501000357791781,20150921_131234,A_full640
20150921_131346_image1.png,80,67,88,0,8,1,15.309500453993678,4.641700012143701,20150921_131346,A_full640
20150921_131346_image1001.png,18,4,19,0,1,1,14.528100473806262,0.6976000149734318,20150921_131346,A_full640
20150921_131346_image1006.png,13,4,13,0,0,1,14.265299696475267,0.3774000215344131,20150921_131346,A_full640
20150921_131346_image1011.png,12,4,13,0,1,1,15.391099849715829,0.5323000368662179,20150921_131346,A_full640
20150921_131346_image1016.png,17,4,18,0,1,1,14.445500285364687,0.5387999699451029,20150921_131346,A_full640
20150921_131346_image1021.png,16,5,21,0,5,1,15.988999703899026,0.48510002670809627,20150921_131346,A_full640
20150921_131346_image1026.png,17,4,19,0,2,1,13.907899776473641,0.5781999789178371,20150921_131346,A_full640
20150921_131346_image1031.png,14,3,14,0,0,1,15.379199771210551,0.9772999910637736,20150921_131346,A_full640
20150921_131346_image1036.png,17,4,19,0,2,1,16.83279913943261,0.7615000358782709,20150921_131346,A_full640
20150921_131346_image1041.png,17,4,19,0,2,1,14.89679996483028,0.9270000155083835,20150921_131346,A_full640
20150921_131346_image1046.png,16,4,18,0,2,1,16.0026997551322,0.8610999793745577,20150921_131346,A_full640
20150921_131346_image1051.png,10,3,11,0,1,1,14.894799819216132,0.374399998690933,20150921_131346,A_full640
20150921_131346_image1056.png,13,4,17,0,4,1,14.560799636878073,0.6560999900102615,20150921_131346,A_full640
20150921_131346_image1061.png,16,4,16,0,0,1,13.703799961134791,0.775999971665442,20150921_131346,A_full640
20150921_131346_image1066.png,12,5,12,0,0,1,14.601100301370025,0.7514000171795487,20150921_131346,A_full640
20150921_131346_image1071.png,15,5,16,0,1,1,13.143599953502417,1.270500011742115,20150921_131346,A_full640
20150921_131346_image1081.png,18,3,22,0,4,1,14.119999809190631,1.313400047365576,20150921_131346,A_full640
20150921_131346_image11.png,79,59,90,0,11,1,14.035299634560943,5.65959996310994,20150921_131346,A_full640
20150921_131346_image1121.png,25,14,29,0,4,1,13.27749964222312,1.3491000281646848,20150921_131346,A_full640
20150921_131346_image1126.png,30,14,34,0,4,1,14.881700030528009,1.6057000029832125,20150921_131346,A_full640
20150921_131346_image1131.png,25,13,29,0,4,1,15.944200148805976,0.8227999787777662,20150921_131346,A_full640
20150921_131346_image1136.png,21,14,27,0,6,1,14.92639983445406,1.0372999822720885,20150921_131346,A_full640
20150921_131346_image1141.png,20,13,23,0,3,1,13.222799761220813,0.5492999916896224,20150921_131346,A_full640
20150921_131346_image1146.png,22,13,26,0,4,1,15.069200030528009,0.6632999866269529,20150921_131346,A_full640
20150921_131346_image146.png,64,50,82,0,18,1,14.1494002006948,2.52470001578331,20150921_131346,A_full640
20150921_131346_image151.png,74,67,88,0,14,1,14.237899814732373,2.3932000040076673,20150921_131346,A_full640
20150921_131346_image16.png,84,58,100,0,16,1,13.531799624674022,2.806300006341189,20150921_131346,A_full640
20150921_131346_image21.png,81,58,96,0,15,1,14.254099875688553,2.8608000138774514,20150921_131346,A_full640
20150921_131346_image211.png,66,57,74,0,8,1,13.989000223577023,2.8805999900214374,20150921_131346,A_full640
20150921_131346_image226.png,67,54,78,0,11,1,16.524300491437316,2.8151999576948583,20150921_131346,A_full640
20150921_131346_image256.png,71,43,85,0,14,1,14.224199628457427,3.678100008983165,20150921_131346,A_full640
20150921_131346_image26.png,84,57,95,0,11,1,15.261999573558569,3.1289999606087804,20150921_131346,A_full640
20150921_131346_image276.png,75,42,81,0,6,1,14.677699945867062,2.493100007995963,20150921_131346,A_full640
20150921_131346_image281.png,74,45,82,0,8,1,13.818200157955289,2.36169999698177,20150921_131346,A_full640
20150921_131346_image31.png,78,57,96,0,18,1,14.120800090022385,2.6460999506525695,20150921_131346,A_full640
20150921_131346_image311.png,78,47,90,0,12,1,14.08409996330738,2.327099966350943,20150921_131346,A_full640
20150921_131346_image316.png,83,45,102,0,19,1,14.125000447966158,4.175299953203648,20150921_131346,A_full640
20150921_131346_image341.png,79,54,87,0,8,1,14.694799731485546,2.395500021521002,20150921_131346,A_full640
20150921_131346_image36.png,83,58,93,0,10,1,13.715100048109889,3.1424000044353306,20150921_131346,A_full640
20150921_131346_image386.png,66,48,75,0,9,1,15.245100351050496,2.2750000352971256,20150921_131346,A_full640
20150921_131346_image406.png,82,55,101,0,19,1,14.461899816989899,5.065199977252632,20150921_131346,A_full640
20150921_131346_image41.png,76,60,93,0,17,1,14.102699874900281,2.1039999555796385,20150921_131346,A_full640
20150921_131346_image411.png,97,68,114,0,17,1,14.61230024881661,2.789699996355921,20150921_131346,A_full640
20150921_131346_image496.png,115,80,132,0,17,1,14.633700265549123,3.265300008933991,20150921_131346,A_full640
20150921_131346_image51.png,74,66,88,0,14,1,17.000100886449218,2.0235999836586416,20150921_131346,A_full640
20150921_131346_image541.png,79,50,92,0,13,1,14.078799990937114,3.6504000308923423,20150921_131346,A_full640
20150921_131346_image56.png,75,60,84,0,9,1,13.570099590346217,2.103199949488044,20150921_131346,A_full640
20150921_131346_image596.png,46,25,54,0,8,1,14.277299661189318,1.3349999790079892,20150921_131346,A_full640
20150921_131346_image6.png,79,58,90,0,11,1,15.646600242704153,2.90829996811226,20150921_131346,A_full640
20150921_131346_image601.png,41,24,47,0,6,1,19.682100342586637,1.2015000102110207,20150921_131346,A_full640
20150921_131346_image621.png,64,45,76,0,12,1,14.495299917645752,2.1617000456899405,20150921_131346,A_full640
20150921_131346_image631.png,91,65,101,0,10,1,18.00380057375878,4.543900024145842,20150921_131346,A_full640
20150921_131346_image701.png,103,67,126,0,23,1,14.704100254923105,2.790900005493313,20150921_131346,A_full640
20150921_131346_image706.png,107,68,128,0,21,1,13.998200471512973,3.0527999624609947,20150921_131346,A_full640
20150921_131346_image711.png,113,64,132,0,19,1,14.88369957357645,3.1928999815136194,20150921_131346,A_full640
20150921_131346_image721.png,100,70,115,0,15,1,13.456499661318958,2.9810999985784292,20150921_131346,A_full640
20150921_131346_image736.png,94,71,107,0,13,1,16.19629946909845,3.0297000193968415,20150921_131346,A_full640
20150921_131346_image756.png,96,61,115,0,19,1,28.70849913638085,3.0863999854773283,20150921_131346,A_full640
20150921_131346_image776.png,82,59,95,0,13,1,15.093200468458235,3.3618000452406704,20150921_131346,A_full640
20150921_131346_image786.png,73,50,83,0,10,1,17.78549937158823,1.9141999655403197,20150921_131346,A_full640
20150921_131346_image81.png,27,18,32,0,5,1,13.87319965288043,0.6531999679282308,20150921_131346,A_full640
20150921_131346_image816.png,41,24,47,0,6,1,18.94489921722561,0.9919999865815043,20150921_131346,A_full640
20150921_131346_image821.png,39,22,46,0,7,1,20.020799482241273,1.5230999561026692,20150921_131346,A_full640
20150921_131346_image831.png,38,23,46,0,8,1,18.08829965442419,0.9875000105239451,20150921_131346,A_full640
20150921_131346_image841.png,39,32,50,0,11,1,13.09049965441227,1.0387999936938286,20150921_131346,A_full640
20150921_131346_image846.png,41,23,54,0,13,1,13.607800395227969,1.0720999562181532,20150921_131346,A_full640
20150921_131346_image851.png,46,26,51,0,5,1,14.194300419650972,1.1591999791562557,20150921_131346,A_full640
20150921_131346_image856.png,41,23,52,0,11,1,15.963300067931414,1.031799998600036,20150921_131346,A_full640
20150921_131346_image876.png,58,37,67,0,9,1,13.96010008547455,1.3663999852724373,20150921_131346,A_full640
20150921_131346_image881.png,61,29,70,0,9,1,13.31690030824393,1.4481000252999365,20150921_131346,A_full640
20150921_131346_image891.png,59,27,65,0,6,1,12.65570014808327,1.51859998004511,20150921_131346,A_full640
20150921_131346_image906.png,38,24,46,0,8,1,14.216700334101915,1.040700008161366,20150921_131346,A_full640
20150921_131346_image911.png,41,23,45,0,4,1,14.028900319710374,1.0174000053666532,20150921_131346,A_full640
20150921_131346_image926.png,27,11,34,0,7,1,13.64150039665401,0.6802999996580184,20150921_131346,A_full640
20150921_131346_image931.png,18,13,21,0,3,1,14.227900441735983,0.46009995276108384,20150921_131346,A_full640
20150921_131346_image936.png,15,7,18,0,3,1,15.592300061136484,0.34200004301965237,20150921_131346,A_full640
20150921_131346_image941.png,19,9,20,0,1,1,14.007200034335256,0.7251999923028052,20150921_131346,A_full640
20150921_131346_image946.png,16,6,17,0,1,1,14.744299551472068,0.387999985832721,20150921_131346,A_full640
20150921_131346_image951.png,18,8,20,0,2,1,20.58759912569076,0.4172999761067331,20150921_131346,A_full640
20150921_131346_image956.png,17,7,19,0,2,1,13.747600357048213,0.45250001130625606,20150921_131346,A_full640
20150921_131346_image961.png,18,6,18,0,0,1,14.158500439487398,0.4349999944679439,20150921_131346,A_full640
20150921_131346_image966.png,13,5,16,0,3,1,13.615100071765482,0.34600001526996493,20150921_131346,A_full640
20150921_131346_image971.png,15,4,18,0,3,1,13.680200336501002,0.3904000041075051,20150921_131346,A_full640
20150921_131346_image976.png,15,5,15,0,0,1,14.38000001758337,0.7967999554239213,20150921_131346,A_full640
20150921_131346_image981.png,15,6,19,0,4,1,14.81239976733923,0.4744000034406781,20150921_131346,A_full640
20150921_131346_image986.png,18,6,21,0,3,1,13.599000302143395,0.44780003372579813,20150921_131346,A_full640
20150921_131346_image991.png,17,5,21,0,4,1,14.30340021289885,0.41009997949004173,20150921_131346,A_full640
20150921_131346_image996.png,24,5,26,0,2,1,13.08740033954382,0.5750999553129077,20150921_131346,A_full640
20150921_131453_image1.png,74,71,89,0,15,1,22.57480054255575,2.280400018207729,20150921_131453,A_full640
20150921_131453_image101.png,85,47,100,0,15,1,13.794300269335508,2.1226999815553427,20150921_131453,A_full640
20150921_131453_image1021.png,78,64,86,0,8,1,15.520899540744722,3.5019000060856342,20150921_131453,A_full640
20150921_131453_image1056.png,68,56,81,0,13,1,15.470400463789701,1.6820000018924475,20150921_131453,A_full640
20150921_131453_image106.png,79,40,94,0,15,1,15.29100039601326,1.8054000101983547,20150921_131453,A_full640
20150921_131453_image1066.png,59,39,72,0,13,1,14.376999901607633,1.3173999614082277,20150921_131453,A_full640
20150921_131453_image1071.png,54,30,65,0,11,1,15.748100327327847,1.2513999827206135,20150921_131453,A_full640
20150921_131453_image1076.png,51,32,63,0,12,1,14.942900425754488,1.1399000068195164,20150921_131453,A_full640
20150921_131453_image1081.png,59,52,70,0,11,1,20.42489985190332,1.353600004222244,20150921_131453,A_full640
20150921_131453_image1086.png,56,45,66,0,10,1,16.782100470736623,1.7523000133223832,20150921_131453,A_full640
20150921_131453_image1096.png,55,39,66,0,11,1,17.650199936702847,1.2065000482834876,20150921_131453,A_full640
20150921_131453_image11.png,72,53,86,0,14,1,20.587999681010842,2.147399995010346,20150921_131453,A_full640
20150921_131453_image1101.png,53,34,62,0,9,1,16.33369915932417,1.4053999911993742,20150921_131453,A_full640
20150921_131453_image1111.png,55,37,63,0,8,1,13.637500146403909,1.3921000063419342,20150921_131453,A_full640
20150921_131453_image1116.png,60,35,66,0,6,1,16.14569970406592,1.4284999924711883,20150921_131453,A_full640
20150921_131453_image1121.png,49,35,60,0,11,1,15.098299756646156,1.347400015220046,20150921_131453,A_full640
20150921_131453_image1126.png,50,38,61,0,11,1,14.623899916186929,1.541099976748228,20150921_131453,A_full640
20150921_131453_image1141.png,68,48,77,0,9,1,20.299400106072426,1.6960999928414822,20150921_131453,A_full640
20150921_131453_image1161.png,66,47,89,0,23,1,14.759200404398143,2.0096999942325056,20150921_131453,A_full640
20150921_131453_image1196.png,59,45,73,0,14,1,15.216999649070203,1.7578999977558851,20150921_131453,A_full640
20150921_131453_image1201.png,66,49,77,0,11,1,13.478100139647722,2.1387000451795757,20150921_131453,A_full640
20150921_131453_image1211.png,64,44,74,0,10,1,15.301499818451703,1.9750999636016786,20150921_131453,A_full640
20150921_131453_image1241.png,72,52,87,0,15,1,14.304100222885609,1.7111999914050102,20150921_131453,A_full640
20150921_131453_image16.png,75,54,90,0,15,1,15.873799527063966,1.8226000247523189,20150921_131453,A_full640
20150921_131453_image171.png,71,43,82,0,11,1,13.711499809287488,1.8285000114701688,20150921_131453,A_full640
20150921_131453_image176.png,71,46,83,0,12,1,13.583199974149466,1.94240000564605,20150921_131453,A_full640
20150921_131453_image181.png,86,50,102,0,16,1,13.831499699503183,2.6526000001467764,20150921_131453,A_full640
20150921_131453_image186.png,83,52,96,0,13,1,14.532500035129488,2.4086000048555434,20150921_131453,A_full640
20150921_131453_image196.png,78,55,94,0,16,1,14.318100444041193,2.2815000265836716,20150921_131453,A_full640
20150921_131453_image201.png,81,63,92,0,11,1,14.163300164043903,2.1998999873176217,20150921_131453,A_full640
20150921_131453_image21.png,66,49,80,0,14,1,13.437800040468574,2.456700021866709,20150921_131453,A_full640
20150921_131453_image211.png,76,58,92,0,16,1,14.441399874165654,2.047699992544949,20150921_131453,A_full640
20150921_131453_image221.png,83,48,92,0,9,1,14.321199717000127,2.4144999915733933,20150921_131453,A_full640
20150921_131453_image231.png,62,47,75,0,13,1,15.803700350224972,1.621800009161234,20150921_131453,A_full640
20150921_131453_image236.png,68,46,78,0,10,1,16.343200181610882,1.9650000031106174,20150921_131453,A_full640
20150921_131453_image251.png,63,37,79,0,16,1,14.868999536149204,1.7716999864205718,20150921_131453,A_full640
20150921_131453_image26.png,70,48,80,0,10,1,14.552900230512023,1.8363999552093446,20150921_131453,A_full640
20150921_131453_image281.png,75,40,90,0,15,1,15.835799980908632,1.928800018504262,20150921_131453,A_full640
20150921_131453_image31.png,65,47,77,0,12,1,18.903900193050504,1.4792000292800367,20150921_131453,A_full640
20150921_131453_image36.png,59,47,67,0,8,1,15.220499642193317,1.418700034264475,20150921_131453,A_full640
20150921_131453_image391.png,122,82,145,0,23,1,21.74030035175383,3.1834000255912542,20150921_131453,A_full640
20150921_131453_image401.png,132,93,145,0,13,1,20.20449972525239,3.7933000130578876,20150921_131453,A_full640
20150921_131453_image41.png,64,50,72,0,8,1,14.276799923740327,1.5313999610953033,20150921_131453,A_full640
20150921_131453_image46.png,69,46,81,0,12,1,14.290399716235697,2.1898000268265605,20150921_131453,A_full640
20150921_131453_image6.png,61,48,72,0,11,1,16.3568004257977,1.4374000020325184,20150921_131453,A_full640
20150921_131453_image601.png,77,35,87,0,10,1,13.706999821588397,1.9601000240072608,20150921_131453,A_full640
20150921_131453_image611.png,42,21,51,0,9,1,14.763999875634909,1.2761999969370663,20150921_131453,A_full640
20150921_131453_image626.png,32,16,34,0,2,1,14.57789958268404,0.784900039434433,20150921_131453,A_full640
20150921_131453_image631.png,44,18,51,0,7,1,14.777799656614661,1.0318999993614852,20150921_131453,A_full640
20150921_131453_image636.png,32,16,40,0,8,1,14.047799536958337,0.8325999951921403,20150921_131453,A_full640
20150921_131453_image641.png,46,20,52,0,6,1,15.035100013017654,1.0074999881908298,20150921_131453,A_full640
20150921_131453_image646.png,55,21,60,0,5,1,14.796800462529063,1.2768000015057623,20150921_131453,A_full640
20150921_131453_image651.png,48,29,59,0,11,1,13.221100305207074,1.6350000514648855,20150921_131453,A_full640
20150921_131453_image66.png,63,35,77,0,14,1,20.30400093086064,1.8322999821975827,20150921_131453,A_full640
20150921_131453_image661.png,46,31,56,0,10,1,14.53580029681325,1.1032000184059143,20150921_131453,A_full640
20150921_131453_image666.png,30,23,35,0,5,1,15.69570042565465,0.6862999871373177,20150921_131453,A_full640
20150921_131453_image671.png,30,19,36,0,6,1,14.190699644386768,0.8298000320792198,20150921_131453,A_full640
20150921_131453_image676.png,42,30,51,0,9,1,14.621800190769136,1.0279000271111727,20150921_131453,A_full640
20150921_131453_image681.png,39,34,41,0,2,1,14.130199757404625,0.8855000487528741,20150921_131453,A_full640
20150921_131453_image686.png,39,33,44,0,5,1,14.358499565161765,1.1066999868489802,20150921_131453,A_full640
20150921_131453_image691.png,43,30,50,0,7,1,15.114299955777824,1.269300002604723,20150921_131453,A_full640
20150921_131453_image701.png,33,27,40,0,7,1,20.042699311859906,0.76299998909235,20150921_131453,A_full640
20150921_131453_image711.png,46,26,51,0,5,1,14.065499909222126,1.9055000157095492,20150921_131453,A_full640
20150921_131453_image721.png,43,29,49,0,6,1,17.83679966814816,1.045099983457476,20150921_131453,A_full640
20150921_131453_image731.png,47,30,49,0,2,1,14.429799945093691,1.1018000077456236,20150921_131453,A_full640
20150921_131453_image746.png,82,54,94,0,12,1,14.670399552211165,2.090599969960749,20150921_131453,A_full640
20150921_131453_image76.png,63,34,72,0,9,1,14.334100376814604,1.4616999542340636,20150921_131453,A_full640
20150921_131453_image801.png,94,70,107,0,13,1,15.66759985126555,4.437699972186238,20150921_131453,A_full640
20150921_131453_image81.png,61,35,74,0,13,1,14.41900026705116,1.9956000032834709,20150921_131453,A_full640
20150921_131453_image831.png,90,54,104,0,14,1,13.794099875725806,2.39569996483624,20150921_131453,A_full640
20150921_131453_image841.png,88,54,96,0,8,1,14.319299887865782,2.5850999518297613,20150921_131453,A_full640
20150921_131453_image86.png,56,36,64,0,8,1,14.155400449410081,1.4788999687880278,20150921_131453,A_full640
20150921_131453_image891.png,86,58,104,0,18,1,17.39789937902242,2.3545000003650784,20150921_131453,A_full640
20150921_131453_image936.png,78,44,89,0,11,1,14.137100270017982,1.9447999657131732,20150921_131453,A_full640
20150921_131453_image946.png,64,44,73,0,9,1,14.762099582701921,2.383699989877641,20150921_131453,A_full640
20150921_131453_image951.png,67,54,86,0,19,1,15.572100318968296,1.7327999812550843,20150921_131453,A_full640
20150921_131453_image96.png,77,38,91,0,14,1,14.882500138133764,2.013699966482818,20150921_131453,A_full640
20150921_131453_image966.png,62,43,77,0,15,1,16.40120047237724,1.5633999719284475,20150921_131453,A_full640
20150921_131453_image986.png,73,46,89,0,16,1,13.985299980267882,1.8482999876141548,20150921_131453,A_full640
20150921_131453_image991.png,80,57,91,0,11,1,15.26239986345172,2.300199994351715,20150921_131453,A_full640
20150921_131453_image996.png,81,57,98,0,17,1,14.380900142714381,2.110400004312396,20150921_131453,A_full640
20150921_131729_image1.png,13,11,15,0,2,1,13.96539990697056,0.4146000137552619,20150921_131729,A_full640
20150921_131729_image11.png,17,11,20,0,3,1,13.736699699424207,0.6443000165745616,20150921_131729,A_full640
20150921_131729_image116.png,31,21,35,0,4,1,13.996500458568335,0.8747000247240067,20150921_131729,A_full640
20150921_131729_image166.png,16,10,23,0,7,1,16.558600401505828,0.3916000132448971,20150921_131729,A_full640
20150921_131729_image171.png,17,8,20,0,3,1,15.040400138124824,0.3841999568976462,20150921_131729,A_full640
20150921_131729_image176.png,18,8,21,0,3,1,16.828199453651905,0.4089000285603106,20150921_131729,A_full640
20150921_131729_image21.png,17,11,20,0,3,1,14.58980032429099,0.3871000371873379,20150921_131729,A_full640
20150921_131729_image251.png,64,39,76,0,12,1,15.88899957202375,1.7214000108651817,20150921_131729,A_full640
20150921_131729_image256.png,56,43,70,0,14,1,15.236499824561179,1.5696999616920948,20150921_131729,A_full640
20150921_131729_image281.png,56,41,64,0,8,1,15.247799506410956,1.431700016837567,20150921_131729,A_full640
20150921_131729_image286.png,51,41,59,0,8,1,14.031100062653422,1.7726999940350652,20150921_131729,A_full640
20150921_131729_image291.png,47,39,60,0,13,1,14.824000396765769,1.2792000197805464,20150921_131729,A_full640
20150921_131729_image306.png,59,43,72,0,13,1,16.997100328095257,1.8377999658696353,20150921_131729,A_full640
20150921_131729_image311.png,57,38,69,0,12,1,14.149000070989132,1.6879999893717468,20150921_131729,A_full640
20150921_131729_image366.png,55,38,63,0,8,1,14.578299589455128,1.5451000072062016,20150921_131729,A_full640
20150921_131729_image391.png,49,17,57,0,8,1,14.034500160254538,1.3608000008389354,20150921_131729,A_full640
20150921_131729_image396.png,51,17,58,0,7,1,19.229500686749816,1.5332000330090523,20150921_131729,A_full640
20150921_131729_image421.png,32,13,39,0,7,1,17.58820049278438,0.793500046711415,20150921_131729,A_full640
20150921_131729_image426.png,30,14,37,0,7,1,14.01749996189028,0.7141000241972506,20150921_131729,A_full640
20150921_131729_image451.png,65,46,79,0,14,1,20.582300789654255,1.6162999672815204,20150921_131729,A_full640
20150921_131729_image471.png,61,46,71,0,10,1,14.730499740689993,1.5805999864824116,20150921_131729,A_full640
20150921_131729_image486.png,62,45,75,0,13,1,16.123100597411394,1.7636999837122858,20150921_131729,A_full640
20150921_131729_image491.png,56,42,73,0,17,1,15.693000447005033,1.7396999755874276,20150921_131729,A_full640
20150921_131729_image501.png,53,39,67,0,14,1,23.549100382253528,1.5093000256456435,20150921_131729,A_full640
20150921_131729_image551.png,58,40,67,0,9,1,17.52500001527369,1.656099979300052,20150921_131729,A_full640
20150921_131729_image556.png,49,34,59,0,10,1,14.673699581995606,2.1519000292755663,20150921_131729,A_full640
20150921_131729_image6.png,18,10,20,0,2,1,14.492199530825019,0.43000001460313797,20150921_131729,A_full640
20150921_131729_image656.png,65,45,77,0,12,1,15.971299897879362,1.5242999652400613,20150921_131729,A_full640
20150921_131729_image661.png,68,42,81,0,13,1,27.375500611960888,1.6390999662689865,20150921_131729,A_full640
20150921_131729_image676.png,68,46,78,0,10,1,14.705400361679494,1.7074000206775963,20150921_131729,A_full640
20150921_131729_image71.png,29,19,35,0,6,1,14.152100196108222,0.7536999764852226,20150921_131729,A_full640
20150921_131729_image771.png,87,56,100,0,13,1,14.642199816182256,2.5654000346548855,20150921_131729,A_full640
20150921_131729_image806.png,68,48,81,0,13,1,14.462300077080727,1.6679000109434128,20150921_131729,A_full640
20150921_131729_image826.png,63,46,76,0,13,1,15.085099815391004,1.4072999474592507,20150921_131729,A_full640
20150921_132245_image1.png,86,18,96,0,10,1,14.230099589563906,2.10240000160411,20150921_132245,A_full640
20150921_132245_image1001.png,23,7,24,0,1,1,16.45730077289045,0.582900014705956,20150921_132245,A_full640
20150921_132245_image101.png,155,75,175,0,20,1,20.281399904750288,4.879400017671287,20150921_132245,A_full640
20150921_132245_image1101.png,51,24,54,0,3,1,16.972900453954935,1.2175999581813812,20150921_132245,A_full640
20150921_132245_image1166.png,68,22,76,0,8,1,15.5983000183478,1.7027999856509268,20150921_132245,A_full640
20150921_132245_image201.png,57,35,68,0,11,1,14.532000314444304,1.984100032132119,20150921_132245,A_full640
20150921_132245_image261.png,84,32,99,0,15,1,14.367599930614233,3.757700033020228,20150921_132245,A_full640
20150921_132245_image301.png,92,37,101,0,9,1,14.512700110673904,2.3330000112764537,20150921_132245,A_full640
20150921_132245_image396.png,74,22,90,0,16,1,14.38000044412911,1.965800009202212,20150921_132245,A_full640
20150921_132245_image401.png,71,34,84,0,13,1,14.41660013049841,1.8100000452250242,20150921_132245,A_full640
20150921_132245_image446.png,84,30,104,0,20,1,15.087399819865823,2.354700001887977,20150921_132245,A_full640
20150921_132245_image46.png,70,13,75,0,5,1,16.05100091174245,2.252400037832558,20150921_132245,A_full640
20150921_132245_image501.png,81,41,98,0,17,1,16.773199929855764,2.0004999823868275,20150921_132245,A_full640
20150921_132245_image531.png,63,20,71,0,8,1,17.14489913638681,1.5316000208258629,20150921_132245,A_full640
20150921_132245_image601.png,71,37,81,0,10,1,14.83569966815412,1.8056000117212534,20150921_132245,A_full640
20150921_132245_image656.png,26,9,31,0,5,1,14.485700248740613,0.659500015899539,20150921_132245,A_full640
20150921_132245_image701.png,23,5,26,0,3,1,20.01729917898774,0.5416999920271337,20150921_132245,A_full640
20150921_132245_image751.png,29,7,31,0,2,1,14.848999630659819,0.6751000182703137,20150921_132245,A_full640
20150921_132245_image786.png,19,6,25,0,6,1,15.644800384528935,0.4419999895617366,20150921_132245,A_full640
20150921_132245_image801.png,23,8,26,0,3,1,15.581699561327696,0.5948999896645546,20150921_132245,A_full640
20150921_132245_image836.png,35,8,38,0,3,1,14.678300077095628,1.199199992697686,20150921_132245,A_full640
20150921_132245_image901.png,30,9,34,0,4,1,15.23169958498329,0.6686000269837677,20150921_132245,A_full640
20150921_132245_image976.png,25,5,29,0,4,1,15.149600492790341,0.5472000339068472,20150921_132245,A_full640
20150921_131625_image1.png,53,61,57,0,4,1,20.719200189225376,1.8127000075764954,20150921_131625,A_full640
20150921_131625_image1001.png,66,60,71,0,5,1,17.336900230497122,1.5425999881699681,20150921_131625,A_full640
20150921_131625_image1051.png,62,53,69,0,7,1,17.136999430134892,1.5173000283539295,20150921_131625,A_full640
20150921_131625_image1056.png,58,45,64,0,6,1,14.342300436459482,1.2584999785758555,20150921_131625,A_full640
20150921_131625_image1091.png,60,50,66,0,6,1,17.675200348719954,1.5177000313997269,20150921_131625,A_full640
20150921_131625_image1096.png,54,47,58,0,4,1,14.292199861258268,1.3990000006742775,20150921_131625,A_full640
20150921_131625_image1101.png,59,50,67,0,8,1,14.972899766638875,1.611800049431622,20150921_131625,A_full640
20150921_131625_image1111.png,60,53,64,0,4,1,12.978299867361784,1.3729000347666442,20150921_131625,A_full640
20150921_131625_image156.png,60,58,67,0,7,1,13.808299786411226,1.539600023534149,20150921_131625,A_full640
20150921_131625_image161.png,60,57,64,0,4,1,14.477700293064117,1.8295000190846622,20150921_131625,A_full640
20150921_131625_image186.png,59,45,60,0,1,1,14.1873001717031,1.7701000324450433,20150921_131625,A_full640
20150921_131625_image201.png,52,47,54,0,2,1,14.811399662867188,1.408900017850101,20150921_131625,A_full640
20150921_131625_image226.png,57,47,63,0,6,1,13.578699690289795,1.3772000093013048,20150921_131625,A_full640
20150921_131625_image236.png,62,48,69,0,7,1,14.782500431872904,1.45800004247576,20150921_131625,A_full640
20150921_131625_image271.png,87,73,94,0,7,1,14.008900009095669,2.23869999172166,20150921_131625,A_full640
20150921_131625_image301.png,89,93,99,0,10,1,13.76079985499382,2.2055000299587846,20150921_131625,A_full640
20150921_131625_image306.png,98,87,107,0,9,1,13.748500453308225,4.179900046437979,20150921_131625,A_full640
20150921_131625_image31.png,73,61,77,0,4,1,13.883400166407228,1.7107999883592129,20150921_131625,A_full640
20150921_131625_image336.png,109,96,120,0,11,1,13.438999893143773,2.792100014630705,20150921_131625,A_full640
20150921_131625_image361.png,93,100,100,0,7,1,14.819400010630488,2.914200013037771,20150921_131625,A_full640
20150921_131625_image441.png,89,78,98,0,9,1,14.040800386108458,2.7735999901778996,20150921_131625,A_full640
20150921_131625_image471.png,94,92,103,0,9,1,13.743500182405114,3.056399989873171,20150921_131625,A_full640
20150921_131625_image501.png,114,103,120,0,6,1,13.70659969188273,2.7389000169932842,20150921_131625,A_full640
20150921_131625_image511.png,109,98,119,0,10,1,12.659600017592311,2.6553000207059085,20150921_131625,A_full640
20150921_131625_image546.png,101,98,110,0,9,1,13.58169954456389,2.993999980390072,20150921_131625,A_full640
20150921_131625_image636.png,47,46,54,0,7,1,15.703399835154414,1.4310000115074217,20150921_131625,A_full640
20150921_131625_image641.png,39,43,41,0,2,1,14.20260023046285,1.0111000156030059,20150921_131625,A_full640
20150921_131625_image646.png,40,39,47,0,7,1,16.255899496376514,1.0576999629847705,20150921_131625,A_full640
20150921_131625_image651.png,43,37,46,0,3,1,14.163099749013782,1.1470000026747584,20150921_131625,A_full640
20150921_131625_image656.png,44,36,50,0,6,1,18.469299105927348,1.065499964170158,20150921_131625,A_full640
20150921_131625_image661.png,35,32,36,0,1,1,16.192599760368466,2.2258999524638057,20150921_131625,A_full640
20150921_131625_image666.png,33,30,34,0,1,1,14.19000044092536,0.7323000463657081,20150921_131625,A_full640
20150921_131625_image671.png,30,27,35,0,5,1,13.272900079376996,0.6502000032924116,20150921_131625,A_full640
20150921_131625_image676.png,33,29,35,0,2,1,13.550599938258529,0.7121000089682639,20150921_131625,A_full640
20150921_131625_image681.png,35,33,37,0,2,1,14.666299976408482,0.7253000512719154,20150921_131625,A_full640
20150921_131625_image686.png,43,37,49,0,6,1,13.723799997009337,0.9438000270165503,20150921_131625,A_full640
20150921_131625_image691.png,40,42,45,0,5,1,13.42019984126091,0.8761999779380858,20150921_131625,A_full640
20150921_131625_image696.png,36,36,39,0,3,1,14.793100399896502,0.8934999932534993,20150921_131625,A_full640
20150921_131625_image701.png,28,28,29,0,1,1,22.905399912968278,0.5957999965175986,20150921_131625,A_full640
20150921_131625_image706.png,28,27,30,0,2,1,17.541600413620472,0.6398000405170023,20150921_131625,A_full640
20150921_131625_image711.png,28,27,31,0,3,1,13.856400396674871,1.1204000329598784,20150921_131625,A_full640
20150921_131625_image726.png,32,34,35,0,3,1,13.505500122904778,0.831599987577647,20150921_131625,A_full640
20150921_131625_image746.png,68,63,73,0,5,1,17.261799993924797,2.1434000227600336,20150921_131625,A_full640
20150921_131625_image751.png,70,63,80,0,10,1,14.25560043938458,1.647000026423484,20150921_131625,A_full640
20150921_131625_image76.png,48,40,49,0,1,1,16.762699170038104,1.155399950221181,20150921_131625,A_full640
20150921_131625_image801.png,81,73,88,0,7,1,16.695400554686785,1.81940000038594,20150921_131625,A_full640
20150921_131625_image806.png,81,80,90,0,9,1,16.678799253888428,1.9634999916888773,20150921_131625,A_full640
20150921_131625_image851.png,107,95,115,0,8,1,16.805800898000598,2.945300017017871,20150921_131625,A_full640
20150921_131625_image881.png,92,81,101,0,9,1,13.273600329644978,2.8868999797850847,20150921_131625,A_full640
20150921_131625_image906.png,98,80,105,0,7,1,14.165199609473348,2.634699980262667,20150921_131625,A_full640
20150921_131625_image91.png,46,39,48,0,2,1,14.021800234913826,1.2886000331491232,20150921_131625,A_full640
20150921_131625_image966.png,90,85,101,0,11,1,13.383700160309672,2.354900003410876,20150921_131625,A_full640
20150921_131833_image1.png,27,26,31,0,4,1,16.912899877876043,0.8835000335238874,20150921_131833,A_full640
20150921_131833_image101.png,17,20,18,0,1,1,13.621800317429006,0.3803999861702323,20150921_131833,A_full640
20150921_131833_image106.png,20,16,22,0,2,1,16.039099887013435,0.42779999785125256,20150921_131833,A_full640
20150921_131833_image11.png,28,27,31,0,3,1,15.986200231593102,0.5982000147923827,20150921_131833,A_full640
20150921_131833_image111.png,14,13,17,0,3,1,12.896400072146207,0.298700004350394,20150921_131833,A_full640
20150921_131833_image116.png,13,11,14,0,1,1,14.51290038228035,0.2766000106930733,20150921_131833,A_full640
20150921_131833_image121.png,9,8,11,0,2,1,13.420000245328993,0.20489998860284686,20150921_131833,A_full640
20150921_131833_image126.png,7,4,7,0,0,1,13.499999751336873,0.18120004096999764,20150921_131833,A_full640
20150921_131833_image131.png,9,6,10,0,1,1,16.13539918139577,0.5997000262141228,20150921_131833,A_full640
20150921_131833_image136.png,12,7,14,0,2,1,14.536500314250588,0.30529999639838934,20150921_131833,A_full640
20150921_131833_image141.png,11,6,12,0,1,1,13.686300315894186,0.526999996509403,20150921_131833,A_full640
20150921_131833_image146.png,21,12,22,0,1,1,14.902299927547574,0.8328999974764884,20150921_131833,A_full640
20150921_131833_image151.png,27,22,28,0,1,1,17.473000429570675,0.701199984177947,20150921_131833,A_full640
20150921_131833_image156.png,29,30,32,0,3,1,14.250199761241674,0.7445000228472054,20150921_131833,A_full640
20150921_131833_image16.png,26,26,28,0,2,1,13.7333003859967,0.6250999867916107,20150921_131833,A_full640
20150921_131833_image161.png,52,41,58,0,6,1,22.933300064876676,1.280799973756075,20150921_131833,A_full640
20150921_131833_image166.png,46,38,51,0,5,1,22.87290010228753,1.2682999949902296,20150921_131833,A_full640
20150921_131833_image171.png,50,43,53,0,3,1,14.811500342562795,1.409200020134449,20150921_131833,A_full640
20150921_131833_image181.png,55,45,57,0,2,1,16.630100862123072,1.3209999888204038,20150921_131833,A_full640
20150921_131833_image186.png,52,45,59,0,7,1,14.3716996666044,1.3019000180065632,20150921_131833,A_full640
20150921_131833_image191.png,50,39,52,0,2,1,15.660500459372997,1.431700016837567,20150921_131833,A_full640
20150921_131833_image196.png,40,40,41,0,1,1,13.799699559807777,1.0409000096842647,20150921_131833,A_full640
20150921_131833_image201.png,43,40,47,0,4,1,15.467500049620867,1.3630000175908208,20150921_131833,A_full640
20150921_131833_image21.png,29,25,33,0,4,1,16.904500741511583,0.6847000331617892,20150921_131833,A_full640
20150921_131833_image216.png,44,40,46,0,2,1,17.322500537149608,1.1264999629929662,20150921_131833,A_full640
20150921_131833_image221.png,47,42,55,0,8,1,17.10760011151433,1.1879000230692327,20150921_131833,A_full640
20150921_131833_image241.png,59,51,64,0,5,1,14.502900440245867,2.3068999871611595,20150921_131833,A_full640
20150921_131833_image246.png,56,52,61,0,5,1,15.252499761991203,1.7407999839633703,20150921_131833,A_full640
20150921_131833_image26.png,27,23,36,0,9,1,18.543600969016552,0.7751999655738473,20150921_131833,A_full640
20150921_131833_image266.png,60,44,67,0,7,1,28.98900065012276,1.6822000034153461,20150921_131833,A_full640
20150921_131833_image271.png,54,49,62,0,8,1,12.89600009843707,1.575400005094707,20150921_131833,A_full640
20150921_131833_image276.png,53,48,60,0,7,1,14.559599943459034,1.4255999703891575,20150921_131833,A_full640
20150921_131833_image281.png,53,43,55,0,2,1,14.523800069466233,1.374299987219274,20150921_131833,A_full640
20150921_131833_image286.png,53,45,60,0,7,1,15.74239966738969,1.4601000002585351,20150921_131833,A_full640
20150921_131833_image296.png,53,43,56,0,3,1,15.73100012820214,2.5686000008136034,20150921_131833,A_full640
20150921_131833_image31.png,26,26,30,0,4,1,14.288099749013782,3.248399996664375,20150921_131833,A_full640
20150921_131833_image311.png,52,39,54,0,2,1,17.297799562104046,2.329499984625727,20150921_131833,A_full640
20150921_131833_image316.png,55,31,56,0,1,1,22.74860004428774,1.388499978929758,20150921_131833,A_full640
20150921_131833_image321.png,49,39,54,0,5,1,14.521200218237936,1.2809999752789736,20150921_131833,A_full640
20150921_131833_image326.png,46,28,48,0,2,1,14.30739970318973,1.1612999951466918,20150921_131833,A_full640
20150921_131833_image331.png,39,26,41,0,2,1,14.890100259333849,1.0656000231392682,20150921_131833,A_full640
20150921_131833_image336.png,37,24,38,0,1,1,13.966800044290721,1.0047999676316977,20150921_131833,A_full640
20150921_131833_image341.png,33,22,38,0,5,1,13.997100446373224,0.8343999506905675,20150921_131833,A_full640
20150921_131833_image346.png,36,29,39,0,3,1,16.603699317201972,0.8993999799713492,20150921_131833,A_full640
20150921_131833_image351.png,37,30,39,0,2,1,14.868699668906629,0.8974000229500234,20150921_131833,A_full640
20150921_131833_image356.png,36,29,41,0,5,1,14.326999702490866,0.9623000514693558,20150921_131833,A_full640
20150921_131833_image36.png,30,26,33,0,3,1,13.572900016792119,0.7111000013537705,20150921_131833,A_full640
20150921_131833_image366.png,36,31,40,0,4,1,13.787700172513723,0.839299988001585,20150921_131833,A_full640
20150921_131833_image371.png,37,41,43,0,6,1,14.927299672737718,0.9769999887794256,20150921_131833,A_full640
20150921_131833_image381.png,41,37,43,0,2,1,15.316600420512259,1.7727999947965145,20150921_131833,A_full640
20150921_131833_image386.png,36,30,39,0,3,1,14.871399659663439,1.485500019043684,20150921_131833,A_full640
20150921_131833_image391.png,38,30,41,0,3,1,15.657000064849854,1.1626000050455332,20150921_131833,A_full640
20150921_131833_image396.png,46,32,47,0,1,1,15.397399940527976,2.3241000017151237,20150921_131833,A_full640
20150921_131833_image401.png,44,31,46,0,2,1,14.533599900081754,1.1882999679073691,20150921_131833,A_full640
20150921_131833_image406.png,43,38,47,0,4,1,13.20870007481426,1.1143999872729182,20150921_131833,A_full640
20150921_131833_image41.png,23,20,28,0,5,1,13.532099766656756,0.5759000196121633,20150921_131833,A_full640
20150921_131833_image411.png,54,39,60,0,6,1,13.011500388383865,1.510299975052476,20150921_131833,A_full640
20150921_131833_image416.png,57,36,65,0,8,1,14.288500431925058,1.4792999718338251,20150921_131833,A_full640
20150921_131833_image421.png,53,44,58,0,5,1,13.841199761256576,1.37489999178797,20150921_131833,A_full640
20150921_131833_image431.png,52,47,58,0,6,1,14.369699651375413,1.476000004913658,20150921_131833,A_full640
20150921_131833_image436.png,54,45,57,0,3,1,14.670100135728717,1.6202999977394938,20150921_131833,A_full640
20150921_131833_image446.png,55,48,60,0,5,1,14.253300164826214,1.5483000315725803,20150921_131833,A_full640
20150921_131833_image451.png,62,49,70,0,8,1,16.867499254643917,2.0742000197060406,20150921_131833,A_full640
20150921_131833_image46.png,27,23,32,0,5,1,13.663900413550436,0.6725999992340803,20150921_131833,A_full640
20150921_131833_image466.png,56,55,59,0,3,1,14.74400021135807,1.3478999608196318,20150921_131833,A_full640
20150921_131833_image471.png,56,56,61,0,5,1,17.228299339301884,1.4188999775797129,20150921_131833,A_full640
20150921_131833_image51.png,26,23,28,0,2,1,14.726499722339213,0.8468999876640737,20150921_131833,A_full640
20150921_131833_image511.png,56,51,62,0,6,1,15.008599766530097,1.286200014874339,20150921_131833,A_full640
20150921_131833_image516.png,60,53,67,0,7,1,15.63140015117824,1.6397000290453434,20150921_131833,A_full640
20150921_131833_image521.png,57,56,61,0,4,1,14.554299527779222,1.5205999952740967,20150921_131833,A_full640
20150921_131833_image526.png,58,56,64,0,6,1,14.723300153389573,1.547900028526783,20150921_131833,A_full640
20150921_131833_image536.png,66,60,72,0,6,1,13.979600387625396,2.88759998511523,20150921_131833,A_full640
20150921_131833_image541.png,62,60,71,0,9,1,14.743200238794088,1.6471000271849334,20150921_131833,A_full640
20150921_131833_image546.png,70,59,73,0,3,1,13.82169986423105,1.9599000224843621,20150921_131833,A_full640
20150921_131833_image56.png,25,26,27,0,2,1,14.771599559113383,1.0144999832846224,20150921_131833,A_full640
20150921_131833_image6.png,31,25,34,0,3,1,13.30500034801662,0.8671999676153064,20150921_131833,A_full640
20150921_131833_image61.png,22,23,24,0,2,1,16.09759962465614,0.5187000497244298,20150921_131833,A_full640
20150921_131833_image66.png,23,23,27,0,4,1,13.649800216779113,0.6862000445835292,20150921_131833,A_full640
20150921_131833_image71.png,22,24,23,0,1,1,13.193599743768573,0.5481999833136797,20150921_131833,A_full640
20150921_131833_image76.png,22,23,24,0,2,1,14.609299972653389,0.5283000064082444,20150921_131833,A_full640
20150921_131833_image81.png,21,24,21,0,0,1,14.044400126673281,0.47879997873678803,20150921_131833,A_full640
20150921_131833_image86.png,23,23,26,0,3,1,13.582600218243897,0.5490999901667237,20150921_131833,A_full640
20150921_131833_image91.png,18,19,21,0,3,1,13.003299612086266,0.42070000199601054,20150921_131833,A_full640
20150921_131833_image96.png,20,22,22,0,2,1,14.23019957728684,0.45220000902190804,20150921_131833,A_full640
20150921_132038_image1.png,35,29,35,0,0,1,15.600300413556397,0.8367000264115632,20150921_132038,A_full640
20150921_132038_image1001.png,19,15,22,0,3,1,13.907600166276097,0.4765000194311142,20150921_132038,A_full640
20150921_132038_image1006.png,19,16,22,0,3,1,16.92729982919991,0.4886999959126115,20150921_132038,A_full640
20150921_132038_image101.png,70,70,80,0,10,1,15.474599606357515,2.29350000154227,20150921_132038,A_full640
20150921_132038_image1011.png,17,14,19,0,2,1,14.086899833753705,0.42799999937415123,20150921_132038,A_full640
20150921_132038_image1056.png,25,13,26,0,1,1,14.240299524739385,0.6642999942414463,20150921_132038,A_full640
20150921_132038_image106.png,85,73,91,0,6,1,14.4507000092417,2.09199998062104,20150921_132038,A_full640
20150921_132038_image1076.png,29,13,31,0,2,1,13.865700080990791,0.7540000369772315,20150921_132038,A_full640
20150921_132038_image11.png,35,33,37,0,2,1,13.10139973834157,0.8666999638080597,20150921_132038,A_full640
20150921_132038_image1101.png,29,17,32,0,3,1,16.6126009169966,0.7210999610833824,20150921_132038,A_full640
20150921_132038_image111.png,115,76,122,0,7,1,13.827000284567475,3.089499950874597,20150921_132038,A_full640
20150921_132038_image116.png,89,76,94,0,5,1,13.81280018761754,2.544200047850609,20150921_132038,A_full640
20150921_132038_image1161.png,41,9,43,0,2,1,13.94619997870177,0.9710000013001263,20150921_132038,A_full640
20150921_132038_image1191.png,47,5,53,0,6,1,14.21410005306825,1.0871999547816813,20150921_132038,A_full640
20150921_132038_image1196.png,39,8,41,0,2,1,14.698100427165627,1.077399996574968,20150921_132038,A_full640
20150921_132038_image1206.png,45,6,49,0,4,1,16.216999104246497,1.1953000212088227,20150921_132038,A_full640
20150921_132038_image121.png,122,74,131,0,9,1,13.918699737638235,3.396600019186735,20150921_132038,A_full640
20150921_132038_image1241.png,38,6,42,0,4,1,18.61800089571625,1.4815000467933714,20150921_132038,A_full640
20150921_132038_image1256.png,28,8,29,0,1,1,20.951500517316163,1.0821999749168754,20150921_132038,A_full640
20150921_132038_image126.png,111,70,120,0,9,1,13.290699726901948,5.196699989028275,20150921_132038,A_full640
20150921_132038_image1306.png,15,11,18,0,3,1,14.40349992364645,0.6098999874666333,20150921_132038,A_full640
20150921_132038_image131.png,130,68,137,0,7,1,14.751099780201912,8.110800001304597,20150921_132038,A_full640
20150921_132038_image136.png,149,67,159,0,10,1,14.026199787855148,6.935300014447421,20150921_132038,A_full640
20150921_132038_image1371.png,31,26,34,0,3,1,14.964300328865647,0.986300001386553,20150921_132038,A_full640
20150921_132038_image1386.png,33,25,36,0,3,1,14.608499569818377,0.9388999897055328,20150921_132038,A_full640
20150921_132038_image141.png,132,70,142,0,10,1,25.041600177064538,3.85349994758144,20150921_132038,A_full640
20150921_132038_image1441.png,17,9,19,0,2,1,14.283399894833565,0.48970000352710485,20150921_132038,A_full640
20150921_132038_image1446.png,18,9,19,0,1,1,20.1668001357466,0.7026000530458987,20150921_132038,A_full640
20150921_132038_image146.png,126,76,130,0,4,1,14.594300385564566,3.495899960398674,20150921_132038,A_full640
20150921_132038_image151.png,81,86,87,0,6,1,13.629000305198133,2.1935999975539744,20150921_132038,A_full640
20150921_132038_image156.png,90,71,97,0,7,1,13.71949964761734,2.604899986181408,20150921_132038,A_full640
20150921_132038_image16.png,34,32,38,0,4,1,13.82329985126853,0.9215999743901193,20150921_132038,A_full640
20150921_132038_image161.png,93,66,98,0,5,1,14.36279968265444,2.5483000208623707,20150921_132038,A_full640
20150921_132038_image166.png,84,82,89,0,5,1,14.286000416614115,2.3943999549373984,20150921_132038,A_full640
20150921_132038_image171.png,76,66,81,0,5,1,14.297900373116136,2.1723000099882483,20150921_132038,A_full640
20150921_132038_image176.png,72,71,80,0,8,1,18.132499209605157,1.847200037445873,20150921_132038,A_full640
20150921_132038_image21.png,41,30,47,0,6,1,13.796699836850166,1.0234999936074018,20150921_132038,A_full640
20150921_132038_image26.png,43,29,48,0,5,1,13.437799897044897,0.9554999996908009,20150921_132038,A_full640
20150921_132038_image261.png,53,37,59,0,6,1,14.80610034801066,1.3666999875567853,20150921_132038,A_full640
20150921_132038_image266.png,46,33,49,0,3,1,14.606699716299772,1.112300029490143,20150921_132038,A_full640
20150921_132038_image271.png,63,37,72,0,9,1,13.96560006402433,1.702000037766993,20150921_132038,A_full640
20150921_132038_image276.png,62,40,64,0,2,1,13.653300335630774,1.6113999881781638,20150921_132038,A_full640
20150921_132038_image281.png,54,38,56,0,2,1,16.81270033866167,1.5775999636389315,20150921_132038,A_full640
20150921_132038_image286.png,64,37,69,0,5,1,14.363999823108315,1.4964999863877892,20150921_132038,A_full640
20150921_132038_image31.png,37,30,39,0,2,1,13.3483997406438,0.8202000171877444,20150921_132038,A_full640
20150921_132038_image336.png,58,39,59,0,1,1,13.575499998405576,1.3005000073462725,20150921_132038,A_full640
20150921_132038_image341.png,75,50,84,0,9,1,19.766800247132778,2.1938999998383224,20150921_132038,A_full640
20150921_132038_image36.png,33,30,35,0,2,1,13.405199654400349,1.5286999987438321,20150921_132038,A_full640
20150921_132038_image361.png,72,66,83,0,11,1,15.131699604913592,1.969600038137287,20150921_132038,A_full640
20150921_132038_image391.png,91,72,95,0,4,1,13.73839969187975,2.4731000303290784,20150921_132038,A_full640
20150921_132038_image41.png,34,30,38,0,4,1,14.616900330409408,0.9319999953731894,20150921_132038,A_full640
20150921_132038_image431.png,79,62,85,0,6,1,17.679299232549965,2.4893999798223376,20150921_132038,A_full640
20150921_132038_image46.png,31,29,36,0,5,1,16.910200140438974,0.8076999802142382,20150921_132038,A_full640
20150921_132038_image496.png,44,27,46,0,2,1,15.722700427286327,1.0937999468296766,20150921_132038,A_full640
20150921_132038_image51.png,40,30,43,0,3,1,14.31540017388761,1.0222999844700098,20150921_132038,A_full640
20150921_132038_image551.png,68,36,73,0,5,1,14.031400305218995,1.9115000031888485,20150921_132038,A_full640
20150921_132038_image56.png,34,31,35,0,1,1,15.639799978584051,0.882500025909394,20150921_132038,A_full640
20150921_132038_image6.png,35,32,37,0,2,1,14.012900390662253,0.8981999708339572,20150921_132038,A_full640
20150921_132038_image61.png,41,34,46,0,5,1,13.438799791038036,2.034100005403161,20150921_132038,A_full640
20150921_132038_image636.png,58,43,61,0,3,1,15.489600338041782,2.491599996574223,20150921_132038,A_full640
20150921_132038_image66.png,47,30,48,0,1,1,14.4057000502944,2.57349997991696,20150921_132038,A_full640
20150921_132038_image666.png,47,30,52,0,5,1,14.716500468552113,1.3151000021025538,20150921_132038,A_full640
20150921_132038_image686.png,43,24,47,0,4,1,15.561100305989385,1.1291999835520983,20150921_132038,A_full640
20150921_132038_image71.png,44,45,46,0,2,1,30.667699594050646,1.2035000254400074,20150921_132038,A_full640
20150921_132038_image76.png,44,44,51,0,7,1,14.22329958807677,1.4662999892607331,20150921_132038,A_full640
20150921_132038_image796.png,38,28,45,0,7,1,13.674099681898952,0.9333000052720308,20150921_132038,A_full640
20150921_132038_image81.png,56,36,61,0,5,1,13.324800107628107,2.114799979608506,20150921_132038,A_full640
20150921_132038_image856.png,29,15,32,0,3,1,14.34620044566691,1.9834000268019736,20150921_132038,A_full640
20150921_132038_image86.png,43,40,46,0,3,1,16.248799750581384,3.1424000044353306,20150921_132038,A_full640
20150921_132038_image871.png,31,13,34,0,3,1,14.278500460088253,0.8470999891869724,20150921_132038,A_full640
20150921_132038_image891.png,32,12,33,0,1,1,15.747100315522403,0.8698999881744385,20150921_132038,A_full640
20150921_132038_image896.png,21,9,22,0,1,1,14.224500272423029,0.563400040846318,20150921_132038,A_full640
20150921_132038_image901.png,17,7,17,0,0,1,13.922500218264759,0.43349998304620385,20150921_132038,A_full640
20150921_132038_image906.png,24,5,26,0,2,1,14.175100225489587,0.6734999478794634,20150921_132038,A_full640
20150921_132038_image91.png,50,41,54,0,4,1,14.731399692595005,1.3093000161461532,20150921_132038,A_full640
20150921_132038_image911.png,24,6,26,0,2,1,14.160200161859393,0.9306000429205596,20150921_132038,A_full640
20150921_132038_image916.png,13,6,15,0,2,1,14.921500370837748,0.3377000102773309,20150921_132038,A_full640
20150921_132038_image921.png,26,10,28,0,2,1,14.114300094544888,1.3273999793455005,20150921_132038,A_full640
20150921_132038_image926.png,21,10,23,0,2,1,13.957299545407295,1.2480999575927854,20150921_132038,A_full640
20150921_132038_image931.png,25,11,25,0,0,1,14.334999781101942,0.6794999935664237,20150921_132038,A_full640
20150921_132038_image96.png,53,52,55,0,2,1,15.419800395146012,1.255100010894239,20150921_132038,A_full640
20150921_132038_image971.png,20,16,23,0,3,1,17.2401000931859,0.5074999644421041,20150921_132038,A_full640
20150921_132038_image996.png,26,12,28,0,2,1,13.783900437876582,0.6090000388212502,20150921_132038,A_full640
20150919_174151_image1.png,8,95,8,0,0,1,32.92500008549541,0.3819999983534217,20150919_174151,B_full1280
20150919_174151_image101.png,4,102,4,0,0,1,23.705700777471066,0.12009998317807913,20150919_174151,B_full1280
20150919_174151_image106.png,7,99,7,0,0,1,24.13909997791052,0.19150000298395753,20150919_174151,B_full1280
20150919_174151_image11.png,11,105,11,0,0,1,32.65120102465153,0.32629998167976737,20150919_174151,B_full1280
20150919_174151_image111.png,6,114,6,0,0,1,23.849500694312155,0.1601999974809587,20150919_174151,B_full1280
20150919_174151_image116.png,15,106,15,0,0,1,23.29149904102087,0.3486999776214361,20150919_174151,B_full1280
20150919_174151_image121.png,14,117,14,0,0,1,24.48269932717085,0.34549995325505733,20150919_174151,B_full1280
20150919_174151_image126.png,8,107,8,0,0,1,23.667600141838193,0.4036999889649451,20150919_174151,B_full1280
20150919_174151_image131.png,12,111,12,0,0,1,25.08250078279525,0.8006999851204455,20150919_174151,B_full1280
20150919_174151_image136.png,12,121,12,0,0,1,26.627600581385195,0.8812000160105526,20150919_174151,B_full1280
20150919_174151_image141.png,6,119,6,0,0,1,23.872900612652302,0.43489999370649457,20150919_174151,B_full1280
20150919_174151_image146.png,3,113,3,0,0,1,23.726000680588186,0.23040000814944506,20150919_174151,B_full1280
20150919_174151_image151.png,8,118,8,0,0,1,25.4944998184219,0.2614000113680959,20150919_174151,B_full1280
20150919_174151_image156.png,8,114,8,0,0,1,24.11039982456714,0.394499977119267,20150919_174151,B_full1280
20150919_174151_image16.png,11,96,11,0,0,1,28.677700920030475,0.5912999622523785,20150919_174151,B_full1280
20150919_174151_image161.png,12,123,12,0,0,1,23.567200555466115,0.4476999747566879,20150919_174151,B_full1280
20150919_174151_image166.png,13,117,13,0,0,1,23.062700301408768,0.3603000077418983,20150919_174151,B_full1280
20150919_174151_image171.png,10,116,10,0,0,1,23.592799119651318,0.2842999529093504,20150919_174151,B_full1280
20150919_174151_image176.png,5,104,5,0,0,1,22.835300205275416,0.30419998802244663,20150919_174151,B_full1280
20150919_174151_image181.png,9,101,9,0,0,1,23.816600305959582,0.3034999826923013,20150919_174151,B_full1280
20150919_174151_image186.png,12,100,12,0,0,1,23.08100051432848,0.34169998252764344,20150919_174151,B_full1280
20150919_174151_image191.png,6,100,6,0,0,1,22.706399714574218,0.16199995297938585,20150919_174151,B_full1280
20150919_174151_image196.png,9,98,9,0,0,1,23.891299974173307,0.27520000003278255,20150919_174151,B_full1280
20150919_174151_image201.png,5,96,5,0,0,1,23.224400415085256,0.12959999730810523,20150919_174151,B_full1280
20150919_174151_image206.png,1,98,1,0,0,1,22.574100274592638,0.03819999983534217,20150919_174151,B_full1280
20150919_174151_image21.png,13,100,13,0,0,1,28.809299253858626,0.3217000048607588,20150919_174151,B_full1280
20150919_174151_image211.png,1,93,1,0,0,1,23.633300557732582,0.04379998426884413,20150919_174151,B_full1280
20150919_174151_image216.png,2,94,2,0,0,1,22.684499517083168,0.061700004152953625,20150919_174151,B_full1280
20150919_174151_image221.png,0,88,0,0,0,1,21.694099763408303,0.030099996365606785,20150919_174151,B_full1280
20150919_174151_image226.png,0,98,0,0,0,1,23.262399416416883,0.03749999450519681,20150919_174151,B_full1280
20150919_174151_image231.png,1,101,1,0,0,1,22.379499772563577,0.03459997242316604,20150919_174151,B_full1280
20150919_174151_image236.png,1,97,1,0,0,1,23.365400901064277,0.03200001083314419,20150919_174151,B_full1280
20150919_174151_image241.png,3,97,3,0,0,1,22.99910030979663,0.07890001870691776,20150919_174151,B_full1280
20150919_174151_image26.png,12,102,12,0,0,1,30.258200565353036,0.31729997135698795,20150919_174151,B_full1280
20150919_174151_image286.png,1,94,1,0,0,1,22.430299278348684,0.03759999526664615,20150919_174151,B_full1280
20150919_174151_image301.png,1,109,1,0,0,1,21.997700354084373,0.029399991035461426,20150919_174151,B_full1280
20150919_174151_image31.png,8,99,8,0,0,1,28.412399330176413,0.20420004148036242,20150919_174151,B_full1280
20150919_174151_image36.png,9,94,9,0,0,1,27.12109978031367,0.23780000628903508,20150919_174151,B_full1280
20150919_174151_image361.png,1,73,1,0,0,1,22.301800344139338,0.033999967854470015,20150919_174151,B_full1280
20150919_174151_image381.png,2,85,2,0,0,1,22.2047999817878,0.10890001431107521,20150919_174151,B_full1280
20150919_174151_image41.png,8,99,8,0,0,1,27.54460093844682,0.22710004122927785,20150919_174151,B_full1280
20150919_174151_image411.png,1,84,1,0,0,1,22.165500949136913,0.0418000272475183,20150919_174151,B_full1280
20150919_174151_image431.png,9,94,9,0,0,1,21.878099218010902,0.23529998725280166,20150919_174151,B_full1280
20150919_174151_image46.png,9,97,9,0,0,1,27.36070092394948,0.2516999957151711,20150919_174151,B_full1280
20150919_174151_image471.png,3,92,3,0,0,1,21.80580034479499,0.08490000618621707,20150919_174151,B_full1280
20150919_174151_image496.png,6,81,6,0,0,1,22.373400853015482,0.16300001880154014,20150919_174151,B_full1280
20150919_174151_image51.png,9,116,9,0,0,1,28.227100435644388,0.2340999781154096,20150919_174151,B_full1280
20150919_174151_image56.png,10,108,10,0,0,1,27.217100189998746,0.2587999915704131,20150919_174151,B_full1280
20150919_174151_image6.png,18,95,18,0,0,1,33.34780069813132,0.41850004345178604,20150919_174151,B_full1280
20150919_174151_image601.png,8,78,8,0,0,1,32.79469957202673,0.20020001102238894,20150919_174151,B_full1280
20150919_174151_image61.png,10,107,10,0,0,1,25.34770071413368,0.23689999943599105,20150919_174151,B_full1280
20150919_174151_image621.png,7,87,7,0,0,1,21.800400653854012,0.19230000907555223,20150919_174151,B_full1280
20150919_174151_image641.png,1,89,1,0,0,1,22.32179918140173,0.042899977415800095,20150919_174151,B_full1280
20150919_174151_image656.png,1,61,1,0,0,1,26.011399982497096,0.06330001633614302,20150919_174151,B_full1280
20150919_174151_image66.png,3,108,3,0,0,1,26.360599285922945,0.08209998486563563,20150919_174151,B_full1280
20150919_174151_image676.png,0,75,0,0,0,1,22.639900283887982,0.03470003139227629,20150919_174151,B_full1280
20150919_174151_image71.png,4,101,4,0,0,1,27.50760028231889,0.1078000059351325,20150919_174151,B_full1280
20150919_174151_image736.png,0,66,0,0,0,1,22.625500860624015,0.029699993319809437,20150919_174151,B_full1280
20150919_174151_image741.png,0,62,0,0,0,1,22.260100807994604,0.033299962524324656,20150919_174151,B_full1280
20150919_174151_image76.png,9,104,9,0,0,1,24.859399563632905,0.24099997244775295,20150919_174151,B_full1280
20150919_174151_image806.png,2,65,2,0,0,1,22.508600830100477,0.06999995093792677,20150919_174151,B_full1280
20150919_174151_image81.png,2,96,2,0,0,1,27.443500843830407,0.05909998435527086,20150919_174151,B_full1280
20150919_174151_image856.png,4,86,5,0,1,1,21.86449985206127,0.11040002573281527,20150919_174151,B_full1280
20150919_174151_image86.png,4,101,4,0,0,1,31.06449920963496,0.10890001431107521,20150919_174151,B_full1280
20150919_174151_image91.png,4,105,4,0,0,1,24.066899763420224,0.1086000120267272,20150919_174151,B_full1280
20150919_174151_image96.png,5,101,5,0,0,1,23.864199811592698,0.21979998564347625,20150919_174151,B_full1280
20150919_174730_image1.png,15,33,15,0,0,1,22.00410001911223,0.6089999806135893,20150919_174730,B_full1280
20150919_174730_image101.png,2,8,2,0,0,1,21.110600935295224,0.0773999490775168,20150919_174730,B_full1280
20150919_174730_image1046.png,29,88,29,0,0,1,20.991499255411327,1.1014000046998262,20150919_174730,B_full1280
20150919_174730_image106.png,3,6,3,0,0,1,22.110200920142233,0.10770000517368317,20150919_174730,B_full1280
20150919_174730_image11.png,15,31,15,0,0,1,22.63430080190301,0.5065000150352716,20150919_174730,B_full1280
20150919_174730_image111.png,5,8,5,0,0,1,21.48299959860742,0.13989995932206511,20150919_174730,B_full1280
20150919_174730_image1146.png,42,107,43,0,1,1,22.527400460094213,0.9982999763451517,20150919_174730,B_full1280
20150919_174730_image116.png,4,8,4,0,0,1,21.575099451467395,0.1278999843634665,20150919_174730,B_full1280
20150919_174730_image121.png,6,8,6,0,0,1,21.44459973834455,0.14479999663308263,20150919_174730,B_full1280
20150919_174730_image126.png,3,9,3,0,0,1,22.472500463947654,0.07039995398372412,20150919_174730,B_full1280
20150919_174730_image131.png,7,10,7,0,0,1,22.43490006495267,0.15619996702298522,20150919_174730,B_full1280
20150919_174730_image1331.png,45,82,47,0,2,1,21.532999912276864,1.0602000402286649,20150919_174730,B_full1280
20150919_174730_image136.png,4,11,4,0,0,1,22.113700402900577,0.13920001219958067,20150919_174730,B_full1280
20150919_174730_image141.png,6,12,6,0,0,1,22.907700441777706,0.1558999647386372,20150919_174730,B_full1280
20150919_174730_image146.png,8,12,9,0,1,1,22.193699191324413,0.21770002786070108,20150919_174730,B_full1280
20150919_174730_image151.png,6,14,6,0,0,1,21.10519904177636,0.15460001304745674,20150919_174730,B_full1280
20150919_174730_image156.png,4,11,4,0,0,1,21.29539984744042,0.19669998437166214,20150919_174730,B_full1280
20150919_174730_image16.png,18,30,18,0,0,1,22.493700904771686,0.6903000175952911,20150919_174730,B_full1280
20150919_174730_image161.png,5,11,5,0,0,1,21.612799294292927,0.13890000991523266,20150919_174730,B_full1280
20150919_174730_image166.png,7,10,7,0,0,1,22.570900570601225,0.17339998157694936,20150919_174730,B_full1280
20150919_174730_image171.png,5,9,5,0,0,1,22.36249954532832,0.12740003876388073,20150919_174730,B_full1280
20150919_174730_image176.png,5,9,5,0,0,1,21.572299463674426,0.12340000830590725,20150919_174730,B_full1280
20150919_174730_image181.png,5,8,5,0,0,1,21.903900176286697,0.11830002767965198,20150919_174730,B_full1280
20150919_174730_image186.png,4,7,4,0,0,1,24.37759978324175,0.09670003782957792,20150919_174730,B_full1280
20150919_174730_image191.png,5,8,5,0,0,1,21.030399909242988,0.1170000177808106,20150919_174730,B_full1280
20150919_174730_image196.png,5,7,5,0,0,1,22.495500872842968,0.1183999702334404,20150919_174730,B_full1280
20150919_174730_image201.png,6,7,6,0,0,1,24.37920057680458,0.14299998292699456,20150919_174730,B_full1280
20150919_174730_image206.png,5,7,5,0,0,1,23.075800790451467,0.1208000467158854,20150919_174730,B_full1280
20150919_174730_image21.png,16,29,16,0,0,1,21.80050092469901,0.3905000048689544,20150919_174730,B_full1280
20150919_174730_image211.png,7,9,7,0,0,1,22.780100475996733,0.2079999540001154,20150919_174730,B_full1280
20150919_174730_image216.png,4,6,4,0,0,1,21.255999498069286,0.12620002962648869,20150919_174730,B_full1280
20150919_174730_image221.png,3,6,3,0,0,1,23.050900640897453,0.07800001185387373,20150919_174730,B_full1280
20150919_174730_image226.png,4,6,4,0,0,1,21.562100613489747,0.09659997886046767,20150919_174730,B_full1280
20150919_174730_image231.png,2,4,2,0,0,1,21.429899245500565,0.053099996875971556,20150919_174730,B_full1280
20150919_174730_image236.png,1,3,1,0,0,1,21.997000880539417,0.029199989512562752,20150919_174730,B_full1280
20150919_174730_image241.png,1,2,1,0,0,1,22.551900344900787,0.025900022592395544,20150919_174730,B_full1280
20150919_174730_image246.png,0,1,0,0,0,1,20.791000708006322,0.019799976143985987,20150919_174730,B_full1280
20150919_174730_image251.png,0,1,0,0,0,1,21.32370026782155,0.018900027498602867,20150919_174730,B_full1280
20150919_174730_image256.png,0,5,0,0,0,1,21.91360041964799,0.02700003096833825,20150919_174730,B_full1280
20150919_174730_image26.png,12,30,12,0,0,1,21.91419931035489,0.2694000140763819,20150919_174730,B_full1280
20150919_174730_image261.png,0,7,0,0,0,1,22.393300251103938,0.024200009647756815,20150919_174730,B_full1280
20150919_174730_image266.png,3,14,3,0,0,1,20.955999184399843,0.06939994636923075,20150919_174730,B_full1280
20150919_174730_image271.png,3,17,3,0,0,1,21.859000387601554,0.06670004222542048,20150919_174730,B_full1280
20150919_174730_image276.png,1,14,1,0,0,1,23.278699941933155,0.0295999925583601,20150919_174730,B_full1280
20150919_174730_image286.png,0,16,0,0,0,1,20.857500401325524,0.030199997127056122,20150919_174730,B_full1280
20150919_174730_image296.png,5,20,5,0,0,1,21.055200336501002,0.10950001887977123,20150919_174730,B_full1280
20150919_174730_image301.png,7,23,7,0,0,1,22.844600167125463,0.16280001727864146,20150919_174730,B_full1280
20150919_174730_image306.png,6,24,6,0,0,1,21.795100908726454,0.1362999901175499,20150919_174730,B_full1280
20150919_174730_image31.png,8,21,8,0,0,1,22.242400634102523,0.20670000230893493,20150919_174730,B_full1280
20150919_174730_image321.png,5,32,5,0,0,1,20.839400177821517,0.1841000048443675,20150919_174730,B_full1280
20150919_174730_image331.png,9,35,9,0,0,1,22.252700312063098,0.21269998978823423,20150919_174730,B_full1280
20150919_174730_image341.png,5,36,5,0,0,1,22.397200234234333,0.11770002311095595,20150919_174730,B_full1280
20150919_174730_image351.png,5,34,5,0,0,1,24.110000113025308,0.12010004138574004,20150919_174730,B_full1280
20150919_174730_image356.png,9,40,9,0,0,1,21.443599730730057,0.22250000620260835,20150919_174730,B_full1280
20150919_174730_image36.png,8,17,8,0,0,1,22.10369986575097,0.22149999858811498,20150919_174730,B_full1280
20150919_174730_image376.png,15,39,15,0,0,1,21.98889927752316,0.3497999859973788,20150919_174730,B_full1280
20150919_174730_image386.png,8,56,8,0,0,1,21.21839990466833,0.18880004063248634,20150919_174730,B_full1280
20150919_174730_image396.png,11,47,11,0,0,1,23.617199522443116,0.29880000511184335,20150919_174730,B_full1280
20150919_174730_image41.png,6,16,6,0,0,1,21.77889990620315,0.14900002861395478,20150919_174730,B_full1280
20150919_174730_image411.png,13,48,13,0,0,1,21.13290082477033,0.5931000341661274,20150919_174730,B_full1280
20150919_174730_image426.png,10,47,10,0,0,1,21.550399830564857,0.26160001289099455,20150919_174730,B_full1280
20150919_174730_image436.png,19,45,19,0,0,1,23.0790996812284,0.6512999534606934,20150919_174730,B_full1280
20150919_174730_image441.png,16,49,17,0,1,1,22.094000736251473,0.4189999890513718,20150919_174730,B_full1280
20150919_174730_image456.png,18,35,18,0,0,1,21.27209911122918,0.4306999617256224,20150919_174730,B_full1280
20150919_174730_image46.png,5,12,5,0,0,1,23.393199427053332,0.12129999231547117,20150919_174730,B_full1280
20150919_174730_image471.png,21,51,21,0,0,1,22.86469983216375,0.48449996393173933,20150919_174730,B_full1280
20150919_174730_image486.png,17,51,17,0,0,1,21.971899340860546,0.4802999901585281,20150919_174730,B_full1280
20150919_174730_image491.png,22,66,22,0,0,1,21.552599290385842,0.5906999576836824,20150919_174730,B_full1280
20150919_174730_image496.png,26,56,26,0,0,1,22.681099815294147,0.6621000356972218,20150919_174730,B_full1280
20150919_174730_image506.png,45,68,45,0,0,1,21.766900775954127,1.0796000133268535,20150919_174730,B_full1280
20150919_174730_image51.png,3,11,3,0,0,1,21.739900640212,0.10459998156875372,20150919_174730,B_full1280
20150919_174730_image521.png,37,70,37,0,0,1,21.20960050355643,0.9397999965585768,20150919_174730,B_full1280
20150919_174730_image536.png,44,77,44,0,0,1,22.423200932331383,1.1940999538637698,20150919_174730,B_full1280
20150919_174730_image551.png,39,78,39,0,0,1,22.23509956896305,0.9123000199906528,20150919_174730,B_full1280
20150919_174730_image56.png,2,5,2,0,0,1,21.18379925005138,0.0646000262349844,20150919_174730,B_full1280
20150919_174730_image566.png,39,76,39,0,0,1,22.000500573776662,1.0000999900512397,20150919_174730,B_full1280
20150919_174730_image581.png,41,79,42,0,1,1,21.889499183744192,0.9940000018104911,20150919_174730,B_full1280
20150919_174730_image596.png,37,69,37,0,0,1,22.399099658243358,1.4256999711506069,20150919_174730,B_full1280
20150919_174730_image6.png,13,36,13,0,0,1,22.137899728491902,0.33330003498122096,20150919_174730,B_full1280
20150919_174730_image61.png,3,4,3,0,0,1,21.825099459849298,0.08570001227781177,20150919_174730,B_full1280
20150919_174730_image611.png,35,62,35,0,0,1,20.800499262288213,0.8889000164344907,20150919_174730,B_full1280
20150919_174730_image631.png,25,50,25,0,0,1,22.358400374650955,0.6502000032924116,20150919_174730,B_full1280
20150919_174730_image646.png,18,44,18,0,0,1,21.33260050509125,0.46199996722862124,20150919_174730,B_full1280
20150919_174730_image66.png,5,7,5,0,0,1,23.55260062031448,0.13499998021870852,20150919_174730,B_full1280
20150919_174730_image666.png,28,54,28,0,0,1,21.42339927982539,0.9118999587371945,20150919_174730,B_full1280
20150919_174730_image681.png,32,65,32,0,0,1,22.34419963695109,0.8976000244729221,20150919_174730,B_full1280
20150919_174730_image701.png,32,77,33,0,1,1,22.254800830967724,0.8175999973900616,20150919_174730,B_full1280
20150919_174730_image71.png,3,5,3,0,0,1,22.299899337813258,0.08749996777623892,20150919_174730,B_full1280
20150919_174730_image736.png,38,76,40,0,2,1,22.14529994968325,0.9287999710068107,20150919_174730,B_full1280
20150919_174730_image76.png,2,4,2,0,0,1,22.929699539206922,0.07790001109242439,20150919_174730,B_full1280
20150919_174730_image761.png,30,74,31,0,1,1,21.136200251057744,0.7475999882444739,20150919_174730,B_full1280
20150919_174730_image786.png,20,51,20,0,0,1,21.181200335733593,0.4794999840669334,20150919_174730,B_full1280
20150919_174730_image81.png,1,4,1,0,0,1,21.537500698119402,0.03819999983534217,20150919_174730,B_full1280
20150919_174730_image811.png,28,54,28,0,0,1,22.278300749137998,0.6321999826468527,20150919_174730,B_full1280
20150919_174730_image86.png,2,5,2,0,0,1,21.34389989171177,0.13370002852752805,20150919_174730,B_full1280
20150919_174730_image861.png,32,74,32,0,0,1,22.23550010379404,1.2484000180847943,20150919_174730,B_full1280
20150919_174730_image91.png,4,7,4,0,0,1,22.50230084080249,0.16080000204965472,20150919_174730,B_full1280
20150919_174730_image911.png,38,72,38,0,0,1,22.284500438719988,1.138899999205023,20150919_174730,B_full1280
20150919_174730_image96.png,5,7,5,0,0,1,22.46470019686967,0.3182000364176929,20150919_174730,B_full1280
20150919_174730_image961.png,53,113,54,0,1,1,21.3992001991719,1.4941999688744545,20150919_174730,B_full1280
20150921_131234_image1.png,53,72,56,0,3,1,20.943399475887418,1.3840000028721988,20150921_131234,B_full1280
20150921_131234_image11.png,45,75,46,0,1,1,21.021199661307037,1.1861000093631446,20150921_131234,B_full1280
20150921_131234_image16.png,53,71,53,0,0,1,20.925499540753663,1.260699995327741,20150921_131234,B_full1280
20150921_131234_image201.png,32,43,32,0,0,1,20.46669988334179,0.7339000003412366,20150921_131234,B_full1280
20150921_131234_image206.png,32,40,32,0,0,1,21.084000195376575,0.8515000226907432,20150921_131234,B_full1280
20150921_131234_image21.png,52,68,52,0,0,1,22.630600592121482,1.559700001962483,20150921_131234,B_full1280
20150921_131234_image216.png,45,51,45,0,0,1,21.96919964440167,0.9954000124707818,20150921_131234,B_full1280
20150921_131234_image221.png,37,49,38,0,1,1,20.753100315108895,0.8611999801360071,20150921_131234,B_full1280
20150921_131234_image231.png,36,58,36,0,0,1,21.128500014543533,0.9824000298976898,20150921_131234,B_full1280
20150921_131234_image236.png,31,40,31,0,0,1,20.78039963915944,0.9421000140719116,20150921_131234,B_full1280
20150921_131234_image26.png,59,68,59,0,0,1,21.538999038748443,1.3284000451676548,20150921_131234,B_full1280
20150921_131234_image286.png,49,60,49,0,0,1,21.231300683692098,1.1158999986946583,20150921_131234,B_full1280
20150921_131234_image306.png,45,67,46,0,1,1,21.36359982844442,1.1585999745875597,20150921_131234,B_full1280
20150921_131234_image31.png,58,74,59,0,1,1,21.65840072929859,1.6611000173725188,20150921_131234,B_full1280
20150921_131234_image341.png,53,64,53,0,0,1,20.316899206489325,1.4257999719120562,20150921_131234,B_full1280
20150921_131234_image36.png,55,72,58,0,3,1,22.758799177594483,1.269900007173419,20150921_131234,B_full1280
20150921_131234_image361.png,45,48,45,0,0,1,21.354800929315388,1.4466000138781965,20150921_131234,B_full1280
20150921_131234_image366.png,39,45,40,0,1,1,21.777000477537513,0.9527000365778804,20150921_131234,B_full1280
20150921_131234_image401.png,35,56,36,0,1,1,20.533000448718667,0.8055000216700137,20150921_131234,B_full1280
20150921_131234_image406.png,39,53,39,0,0,1,21.876299241557717,1.320800045505166,20150921_131234,B_full1280
20150921_131234_image41.png,57,73,58,0,1,1,21.360599285922945,1.3710000202991068,20150921_131234,B_full1280
20150921_131234_image416.png,41,51,42,0,1,1,20.99160035327077,1.089499972295016,20150921_131234,B_full1280
20150921_131234_image451.png,34,61,35,0,1,1,20.954000802710652,0.9124000207521021,20150921_131234,B_full1280
20150921_131234_image456.png,36,65,36,0,0,1,22.944100562483072,0.9743000264279544,20150921_131234,B_full1280
20150921_131234_image461.png,34,60,35,0,1,1,21.40569911338389,0.860599975567311,20150921_131234,B_full1280
20150921_131234_image476.png,39,63,40,0,1,1,22.061400586739182,1.5242999652400613,20150921_131234,B_full1280
20150921_131234_image481.png,28,55,28,0,0,1,21.727000671438873,0.673700007610023,20150921_131234,B_full1280
20150921_131234_image486.png,29,49,30,0,1,1,20.929499335587025,1.4937999658286572,20150921_131234,B_full1280
20150921_131234_image536.png,11,18,11,0,0,1,20.72479934617877,0.29939995147287846,20150921_131234,B_full1280
20150921_131234_image541.png,9,13,9,0,0,1,21.287899072282016,0.2830000012181699,20150921_131234,B_full1280
20150921_131234_image546.png,10,10,10,0,0,1,22.151599664241076,0.25370001094415784,20150921_131234,B_full1280
20150921_131234_image551.png,6,10,6,0,0,1,21.15290025807917,0.2940999693237245,20150921_131234,B_full1280
20150921_131234_image556.png,7,9,7,0,0,1,22.543400946073234,0.23850001161918044,20150921_131234,B_full1280
20150921_131234_image56.png,30,37,31,0,1,1,21.356499296613038,1.7847999697551131,20150921_131234,B_full1280
20150921_131234_image561.png,7,8,7,0,0,1,21.678099805489182,0.19190000602975488,20150921_131234,B_full1280
20150921_131234_image566.png,8,7,8,0,0,1,20.7120996536687,0.18879998242482543,20150921_131234,B_full1280
20150921_131234_image571.png,7,14,7,0,0,1,20.680600888095796,0.16200001118704677,20150921_131234,B_full1280
20150921_131234_image576.png,9,15,9,0,0,1,21.767099730670452,0.20439998479560018,20150921_131234,B_full1280
20150921_131234_image581.png,8,12,8,0,0,1,20.771100787445903,0.19180000526830554,20150921_131234,B_full1280
20150921_131234_image586.png,8,10,8,0,0,1,21.20029944460839,0.19099999917671084,20150921_131234,B_full1280
20150921_131234_image591.png,5,10,5,0,0,1,23.34559937287122,0.1256999676115811,20150921_131234,B_full1280
20150921_131234_image596.png,11,13,11,0,0,1,21.50170057453215,0.41010003769770265,20150921_131234,B_full1280
20150921_131234_image6.png,55,67,55,0,0,1,22.695700565353036,1.456199970562011,20150921_131234,B_full1280
20150921_131234_image61.png,26,28,27,0,1,1,25.29510067217052,0.7308999774977565,20150921_131234,B_full1280
20150921_131234_image626.png,6,10,6,0,0,1,20.852999590337276,0.23790000705048442,20150921_131234,B_full1280
20150921_131234_image631.png,8,11,8,0,0,1,22.667299857363105,0.21489994833245873,20150921_131234,B_full1280
20150921_131234_image636.png,6,8,6,0,0,1,21.482900666072965,0.15740003436803818,20150921_131234,B_full1280
20150921_131234_image641.png,5,10,5,0,0,1,20.666999618522823,0.13999996008351445,20150921_131234,B_full1280
20150921_131234_image646.png,9,10,9,0,0,1,22.092999644577503,0.23150001652538776,20150921_131234,B_full1280
20150921_131234_image651.png,8,11,8,0,0,1,20.846099617891014,0.20159996347501874,20150921_131234,B_full1280
20150921_131234_image656.png,6,9,6,0,0,1,20.870599506422877,0.15350000467151403,20150921_131234,B_full1280
20150921_131234_image66.png,25,23,25,0,0,1,21.412700708024204,0.6273000035434961,20150921_131234,B_full1280
20150921_131234_image661.png,3,6,3,0,0,1,20.691300578415394,0.12099999003112316,20150921_131234,B_full1280
20150921_131234_image666.png,5,8,5,0,0,1,20.997500900179148,0.1477000187151134,20150921_131234,B_full1280
20150921_131234_image676.png,7,11,7,0,0,1,20.42820088658482,0.19349996000528336,20150921_131234,B_full1280
20150921_131234_image681.png,4,9,4,0,0,1,21.611499284394085,0.10080001084133983,20150921_131234,B_full1280
20150921_131234_image686.png,2,5,2,0,0,1,20.859299562871456,0.05600001895800233,20150921_131234,B_full1280
20150921_131234_image86.png,35,35,36,0,1,1,20.77309994585812,0.8316000457853079,20150921_131234,B_full1280
20150921_131234_image91.png,33,56,34,0,1,1,22.00350030977279,0.9031000081449747,20150921_131234,B_full1280
20150921_131346_image1.png,82,67,99,0,17,1,32.745899230241776,2.236599975731224,20150921_131346,B_full1280
20150921_131346_image1001.png,14,4,15,0,1,1,23.4855995811522,0.6480000447481871,20150921_131346,B_full1280
20150921_131346_image1006.png,15,4,17,0,2,1,23.05179982073605,0.6695999763906002,20150921_131346,B_full1280
20150921_131346_image1011.png,14,4,14,0,0,1,21.727400134317577,0.6087000365369022,20150921_131346,B_full1280
20150921_131346_image1016.png,17,4,17,0,0,1,22.073100267909467,0.5518000107258558,20150921_131346,B_full1280
20150921_131346_image1021.png,13,5,14,0,1,1,21.96850018389523,0.3656999906525016,20150921_131346,B_full1280
20150921_131346_image1026.png,17,4,17,0,0,1,23.849100691266358,0.40010001976042986,20150921_131346,B_full1280
20150921_131346_image1031.png,16,3,17,0,1,1,21.73870038613677,0.36509998608380556,20150921_131346,B_full1280
20150921_131346_image1036.png,22,4,22,0,0,1,21.57490052189678,0.48999994760379195,20150921_131346,B_full1280
20150921_131346_image1041.png,19,4,21,0,2,1,23.484600907191634,0.5051000043749809,20150921_131346,B_full1280
20150921_131346_image1046.png,17,4,18,0,1,1,21.558899495750666,0.46660000225529075,20150921_131346,B_full1280
20150921_131346_image1051.png,17,3,19,0,2,1,22.0914002135396,0.4037999897263944,20150921_131346,B_full1280
20150921_131346_image1056.png,12,4,13,0,1,1,21.89070025179535,0.28600002406165004,20150921_131346,B_full1280
20150921_131346_image1061.png,13,4,15,0,2,1,22.783499063923955,0.2975999959744513,20150921_131346,B_full1280
20150921_131346_image1066.png,13,5,13,0,0,1,22.00829999241978,0.27769996086135507,20150921_131346,B_full1280
20150921_131346_image1071.png,18,5,20,0,2,1,22.856900945305824,0.4048999981023371,20150921_131346,B_full1280
20150921_131346_image1081.png,21,3,22,0,1,1,21.676300348713994,0.5175999831408262,20150921_131346,B_full1280
20150921_131346_image11.png,86,59,98,0,12,1,32.20640021748841,2.233100007288158,20150921_131346,B_full1280
20150921_131346_image1121.png,28,14,29,0,1,1,21.994599545374513,0.7582999533042312,20150921_131346,B_full1280
20150921_131346_image1126.png,24,14,28,0,4,1,22.99640087597072,0.6244000396691263,20150921_131346,B_full1280
20150921_131346_image1131.png,29,13,33,0,4,1,22.848700148053467,0.6898000137880445,20150921_131346,B_full1280
20150921_131346_image1136.png,22,14,25,0,3,1,21.699500016868114,0.5238000303506851,20150921_131346,B_full1280
20150921_131346_image1141.png,25,13,31,0,6,1,23.381600274704397,0.589100003708154,20150921_131346,B_full1280
20150921_131346_image1146.png,26,13,30,0,4,1,22.64700078126043,0.6845000316388905,20150921_131346,B_full1280
20150921_131346_image146.png,72,50,81,0,9,1,25.34000073093921,1.8385000294074416,20150921_131346,B_full1280
20150921_131346_image151.png,88,67,102,0,14,1,25.41760010458529,3.2638999982737005,20150921_131346,B_full1280
20150921_131346_image16.png,88,58,98,0,10,1,30.54089933168143,2.3996999952942133,20150921_131346,B_full1280
20150921_131346_image21.png,84,58,103,0,19,1,31.25989972613752,2.310300013050437,20150921_131346,B_full1280
20150921_131346_image211.png,64,57,73,0,9,1,25.10000015795231,1.8199000041931868,20150921_131346,B_full1280
20150921_131346_image226.png,87,54,100,0,13,1,24.43490059208125,2.2703000577166677,20150921_131346,B_full1280
20150921_131346_image256.png,71,43,82,0,11,1,25.044100411236286,2.004800015129149,20150921_131346,B_full1280
20150921_131346_image26.png,91,57,105,0,14,1,32.44829864799976,2.769900020211935,20150921_131346,B_full1280
20150921_131346_image276.png,81,42,98,0,17,1,24.69200005568564,2.102099999319762,20150921_131346,B_full1280
20150921_131346_image281.png,76,45,86,0,10,1,23.393200520426035,2.1726000122725964,20150921_131346,B_full1280
20150921_131346_image31.png,80,57,96,0,16,1,30.096399345435202,2.2985999821685255,20150921_131346,B_full1280
20150921_131346_image311.png,84,47,93,0,9,1,25.010599731467664,2.2216999786905944,20150921_131346,B_full1280
20150921_131346_image316.png,82,45,97,0,15,1,25.88809942174703,1.8893000087700784,20150921_131346,B_full1280
20150921_131346_image341.png,68,54,77,0,9,1,23.09000020287931,1.5970999957062304,20150921_131346,B_full1280
20150921_131346_image36.png,79,58,88,0,9,1,30.156100167892873,1.9291999633423984,20150921_131346,B_full1280
20150921_131346_image386.png,76,48,86,0,10,1,24.312599511817098,2.011900010984391,20150921_131346,B_full1280
20150921_131346_image406.png,78,55,92,0,14,1,23.77870019990951,2.0890000159852207,20150921_131346,B_full1280
20150921_131346_image41.png,83,60,97,0,14,1,27.518799136392772,2.0425000111572444,20150921_131346,B_full1280
20150921_131346_image411.png,101,68,113,0,12,1,24.93939976207912,4.110999987460673,20150921_131346,B_full1280
20150921_131346_image496.png,113,80,124,0,11,1,23.353299604728818,2.82990001142025,20150921_131346,B_full1280
20150921_131346_image51.png,85,66,99,0,14,1,25.65109965670854,2.1086999913677573,20150921_131346,B_full1280
20150921_131346_image541.png,82,50,95,0,13,1,23.491799257695675,2.357000019401312,20150921_131346,B_full1280
20150921_131346_image56.png,76,60,88,0,12,1,28.537700404413044,2.124300051946193,20150921_131346,B_full1280
20150921_131346_image596.png,41,25,48,0,7,1,25.58589941635728,1.104600029066205,20150921_131346,B_full1280
20150921_131346_image6.png,77,58,95,0,18,1,30.056399510242045,2.05800001276657,20150921_131346,B_full1280
20150921_131346_image601.png,41,24,48,0,7,1,33.21269885636866,1.0587999713607132,20150921_131346,B_full1280
20150921_131346_image621.png,70,45,77,0,7,1,24.458099480718374,3.00470000365749,20150921_131346,B_full1280
20150921_131346_image631.png,110,65,125,0,15,1,24.99009984359145,3.1778999837115407,20150921_131346,B_full1280
20150921_131346_image701.png,98,67,111,0,13,1,24.22550070192665,3.3157000434584916,20150921_131346,B_full1280
20150921_131346_image706.png,103,68,122,0,19,1,23.088500200770795,2.963899984024465,20150921_131346,B_full1280
20150921_131346_image711.png,109,64,118,0,9,1,24.289900404401124,2.9107999871484935,20150921_131346,B_full1280
20150921_131346_image721.png,94,70,102,0,8,1,23.423799836076796,2.84169998485595,20150921_131346,B_full1280
20150921_131346_image736.png,92,71,106,0,14,1,24.635099740698934,2.5117999757640064,20150921_131346,B_full1280
20150921_131346_image756.png,97,61,113,0,16,1,24.237899573519826,2.528900047764182,20150921_131346,B_full1280
20150921_131346_image776.png,94,59,108,0,14,1,23.722099620848894,2.932499977760017,20150921_131346,B_full1280
20150921_131346_image786.png,84,50,96,0,12,1,22.92880062572658,2.2264999570325017,20150921_131346,B_full1280
20150921_131346_image81.png,29,18,32,0,3,1,25.834100761450827,0.7114000036381185,20150921_131346,B_full1280
20150921_131346_image816.png,42,24,50,0,8,1,22.60139933321625,1.0417000157758594,20150921_131346,B_full1280
20150921_131346_image821.png,43,22,49,0,6,1,22.23300037998706,1.4387000119313598,20150921_131346,B_full1280
20150921_131346_image831.png,39,23,44,0,5,1,23.520500782877207,1.020000025164336,20150921_131346,B_full1280
20150921_131346_image841.png,55,32,68,0,13,1,24.09369934629649,1.373400038573891,20150921_131346,B_full1280
20150921_131346_image846.png,47,23,53,0,6,1,22.308800051920116,1.189200032968074,20150921_131346,B_full1280
20150921_131346_image851.png,52,26,59,0,7,1,22.771599115803838,1.199799997266382,20150921_131346,B_full1280
20150921_131346_image856.png,59,23,68,0,9,1,22.613999830558896,1.4084000140428543,20150921_131346,B_full1280
20150921_131346_image876.png,66,37,79,0,13,1,23.599300434812903,1.7389999702572823,20150921_131346,B_full1280
20150921_131346_image881.png,63,29,69,0,6,1,22.707200780510902,1.5466000186279416,20150921_131346,B_full1280
20150921_131346_image891.png,57,27,61,0,4,1,23.13589916843921,1.631000021006912,20150921_131346,B_full1280
20150921_131346_image906.png,44,24,50,0,6,1,22.46470044180751,1.164300017990172,20150921_131346,B_full1280
20150921_131346_image911.png,42,23,44,0,2,1,23.93009951710701,1.33050000295043,20150921_131346,B_full1280
20150921_131346_image926.png,30,11,33,0,3,1,22.560899215750396,0.7618999807164073,20150921_131346,B_full1280
20150921_131346_image931.png,18,13,22,0,4,1,22.342000721022487,0.47369999811053276,20150921_131346,B_full1280
20150921_131346_image936.png,16,7,17,0,1,1,22.200299499556422,0.4214999498799443,20150921_131346,B_full1280
20150921_131346_image941.png,16,9,18,0,2,1,22.376699755899608,0.39030000334605575,20150921_131346,B_full1280
20150921_131346_image946.png,16,6,20,0,4,1,23.566199218854308,0.3915000124834478,20150921_131346,B_full1280
20150921_131346_image951.png,16,8,17,0,1,1,23.258100817911327,0.4304000176489353,20150921_131346,B_full1280
20150921_131346_image956.png,15,7,15,0,0,1,21.931800897233188,0.38139999378472567,20150921_131346,B_full1280
20150921_131346_image961.png,12,6,14,0,2,1,22.401200467720628,0.5670000100508332,20150921_131346,B_full1280
20150921_131346_image966.png,12,5,15,0,3,1,23.47380043566227,0.31380000291392207,20150921_131346,B_full1280
20150921_131346_image971.png,16,4,18,0,2,1,22.37400085758418,0.6773999775759876,20150921_131346,B_full1280
20150921_131346_image976.png,12,5,12,0,0,1,21.4301000777632,0.29930000891909003,20150921_131346,B_full1280
20150921_131346_image981.png,16,6,19,0,3,1,23.651699104346335,0.4161999677307904,20150921_131346,B_full1280
20150921_131346_image986.png,14,6,15,0,1,1,24.953999992460012,0.35550002939999104,20150921_131346,B_full1280
20150921_131346_image991.png,16,5,17,0,1,1,22.191999511793256,0.3912000101990998,20150921_131346,B_full1280
20150921_131346_image996.png,14,5,17,0,3,1,21.332000512629747,0.527299998793751,20150921_131346,B_full1280
20150921_131453_image1.png,84,71,98,0,14,1,21.392900804057717,2.559599990490824,20150921_131453,B_full1280
20150921_131453_image101.png,92,47,105,0,13,1,22.48860008176416,2.4770000018179417,20150921_131453,B_full1280
20150921_131453_image1021.png,110,64,120,0,10,1,21.065200016833842,2.957699995022267,20150921_131453,B_full1280
20150921_131453_image1056.png,86,56,101,0,15,1,24.289900134317577,3.583099984098226,20150921_131453,B_full1280
20150921_131453_image106.png,73,40,89,0,16,1,23.908399088308215,2.7320999652147293,20150921_131453,B_full1280
20150921_131453_image1066.png,77,39,89,0,12,1,20.99089927598834,2.2409000084735453,20150921_131453,B_full1280
20150921_131453_image1071.png,70,30,75,0,5,1,21.797700121998787,2.3849999997764826,20150921_131453,B_full1280
20150921_131453_image1076.png,79,32,94,0,15,1,25.254700023680925,2.5809999788179994,20150921_131453,B_full1280
20150921_131453_image1081.png,95,52,116,0,21,1,20.96159913111478,2.580300031695515,20150921_131453,B_full1280
20150921_131453_image1086.png,100,45,107,0,7,1,21.1229997780174,5.493599979672581,20150921_131453,B_full1280
20150921_131453_image1096.png,74,39,90,0,16,1,22.579000901430845,1.9688999745994806,20150921_131453,B_full1280
20150921_131453_image11.png,96,53,110,0,14,1,22.378699745982885,2.4779000086709857,20150921_131453,B_full1280
20150921_131453_image1101.png,65,34,77,0,12,1,22.767700782045722,1.7980000120587647,20150921_131453,B_full1280
20150921_131453_image1111.png,67,37,81,0,14,1,21.143499142490327,1.6807999927550554,20150921_131453,B_full1280
20150921_131453_image1116.png,62,35,74,0,12,1,21.723599893972278,1.6739999991841614,20150921_131453,B_full1280
20150921_131453_image1121.png,68,35,79,0,11,1,21.85039933398366,1.8266999977640808,20150921_131453,B_full1280
20150921_131453_image1126.png,67,38,75,0,8,1,21.526299383491278,1.9142000237479806,20150921_131453,B_full1280
20150921_131453_image1141.png,79,48,97,0,18,1,20.521400224417448,1.9744000164791942,20150921_131453,B_full1280
20150921_131453_image1161.png,83,47,98,0,15,1,23.5106996987015,2.0232999813742936,20150921_131453,B_full1280
20150921_131453_image1196.png,79,45,99,0,20,1,21.673300401307642,3.499099984765053,20150921_131453,B_full1280
20150921_131453_image1201.png,95,49,107,0,12,1,21.16290067601949,3.253100032452494,20150921_131453,B_full1280
20150921_131453_image1211.png,94,44,106,0,12,1,24.65149969793856,2.7125999913550913,20150921_131453,B_full1280
20150921_131453_image1241.png,100,52,115,0,15,1,21.676599875092506,3.2629999914206564,20150921_131453,B_full1280
20150921_131453_image16.png,97,54,109,0,12,1,21.729999588802457,2.742599986959249,20150921_131453,B_full1280
20150921_131453_image171.png,86,43,97,0,11,1,22.713500503450632,2.4673999869264662,20150921_131453,B_full1280
20150921_131453_image176.png,84,46,92,0,8,1,22.249999772757292,2.2975000320002437,20150921_131453,B_full1280
20150921_131453_image181.png,100,50,117,0,17,1,24.15000074543059,4.34710003901273,20150921_131453,B_full1280
20150921_131453_image186.png,85,52,100,0,15,1,22.025499373674393,2.356700017116964,20150921_131453,B_full1280
20150921_131453_image196.png,105,55,115,0,10,1,21.80730088800192,2.666699991095811,20150921_131453,B_full1280
20150921_131453_image201.png,93,63,106,0,13,1,22.92870091088116,3.150500007905066,20150921_131453,B_full1280
20150921_131453_image21.png,98,49,108,0,10,1,22.02429966814816,2.453799999784678,20150921_131453,B_full1280
20150921_131453_image211.png,117,58,128,0,11,1,22.272799395024776,3.0923999729566276,20150921_131453,B_full1280
20150921_131453_image221.png,106,48,120,0,14,1,22.083100222051144,3.170299984049052,20150921_131453,B_full1280
20150921_131453_image231.png,97,47,109,0,12,1,22.387300280854106,2.3758000461384654,20150921_131453,B_full1280
20150921_131453_image236.png,107,46,119,0,12,1,21.875100038945675,2.9165000305511057,20150921_131453,B_full1280
20150921_131453_image251.png,95,37,106,0,11,1,22.005499464459717,2.5588999851606786,20150921_131453,B_full1280
20150921_131453_image26.png,83,48,97,0,14,1,22.27399913035333,2.368499990552664,20150921_131453,B_full1280
20150921_131453_image281.png,89,40,100,0,11,1,22.674200357869267,3.2682999735698104,20150921_131453,B_full1280
20150921_131453_image31.png,89,47,101,0,12,1,21.84169963002205,2.210400009062141,20150921_131453,B_full1280
20150921_131453_image36.png,87,47,99,0,12,1,21.51209970936179,2.136700029950589,20150921_131453,B_full1280
20150921_131453_image391.png,144,82,167,0,23,1,21.919099575839937,6.181200034916401,20150921_131453,B_full1280
20150921_131453_image401.png,138,93,155,0,17,1,21.62360032647848,3.896399983204901,20150921_131453,B_full1280
20150921_131453_image41.png,88,50,103,0,15,1,23.247999819926918,2.3557000095024705,20150921_131453,B_full1280
20150921_131453_image46.png,95,46,113,0,18,1,21.699599430896342,3.047600039280951,20150921_131453,B_full1280
20150921_131453_image6.png,98,48,111,0,13,1,23.16970093920827,2.8809999930672348,20150921_131453,B_full1280
20150921_131453_image601.png,162,35,189,0,27,1,22.095900451764464,4.931800009217113,20150921_131453,B_full1280
20150921_131453_image611.png,126,21,141,0,15,1,22.922299870289862,3.8303000037558377,20150921_131453,B_full1280
20150921_131453_image626.png,135,16,148,0,13,1,21.666600679047406,4.290100012440234,20150921_131453,B_full1280
20150921_131453_image631.png,181,18,204,0,23,1,22.87090004887432,5.3656999953091145,20150921_131453,B_full1280
20150921_131453_image636.png,141,16,155,0,14,1,21.837100755423307,5.3804999915882945,20150921_131453,B_full1280
20150921_131453_image641.png,140,20,155,0,15,1,22.165399336256087,3.72179999249056,20150921_131453,B_full1280
20150921_131453_image646.png,137,21,158,0,21,1,22.869900328107178,3.368999983649701,20150921_131453,B_full1280
20150921_131453_image651.png,122,29,135,0,13,1,21.43350008688867,3.1460000318475068,20150921_131453,B_full1280
20150921_131453_image66.png,83,35,99,0,16,1,22.050000625662506,2.2653999621979892,20150921_131453,B_full1280
20150921_131453_image661.png,165,31,181,0,16,1,23.033499371260405,4.299099964555353,20150921_131453,B_full1280
20150921_131453_image666.png,119,23,131,0,12,1,22.841699385084212,3.0052000074647367,20150921_131453,B_full1280
20150921_131453_image671.png,124,19,132,0,8,1,22.22019989322871,3.3430999610573053,20150921_131453,B_full1280
20150921_131453_image676.png,111,30,131,0,20,1,21.160599349997938,2.8164999675936997,20150921_131453,B_full1280
20150921_131453_image681.png,120,34,130,0,10,1,22.52139970101416,3.5623000003397465,20150921_131453,B_full1280
20150921_131453_image686.png,102,33,109,0,7,1,21.578899725340307,2.697399992030114,20150921_131453,B_full1280
20150921_131453_image691.png,145,30,158,0,13,1,21.31829975731671,4.5751999714411795,20150921_131453,B_full1280
20150921_131453_image701.png,97,27,112,0,15,1,21.923200944438577,2.5987999979406595,20150921_131453,B_full1280
20150921_131453_image711.png,111,26,128,0,17,1,24.759900262579322,3.702300018630922,20150921_131453,B_full1280
20150921_131453_image721.png,132,29,144,0,12,1,21.306199533864856,3.652899991720915,20150921_131453,B_full1280
20150921_131453_image731.png,102,30,116,0,14,1,21.258600011467934,2.722900011576712,20150921_131453,B_full1280
20150921_131453_image746.png,150,54,165,0,15,1,22.611700383014977,6.66870002169162,20150921_131453,B_full1280
20150921_131453_image76.png,76,34,89,0,13,1,24.292900132015347,2.2882000193931162,20150921_131453,B_full1280
20150921_131453_image801.png,122,70,138,0,16,1,20.870999252423644,3.8293999969027936,20150921_131453,B_full1280
20150921_131453_image81.png,77,35,89,0,12,1,22.266100238077343,2.2270000190474093,20150921_131453,B_full1280
20150921_131453_image831.png,120,54,137,0,17,1,21.284499350003898,3.101699985563755,20150921_131453,B_full1280
20150921_131453_image841.png,134,54,155,0,21,1,21.872099809348583,3.8277999847196043,20150921_131453,B_full1280
20150921_131453_image86.png,69,36,75,0,6,1,21.81450085528195,1.9040000042878091,20150921_131453,B_full1280
20150921_131453_image891.png,114,58,133,0,19,1,21.9480008110404,3.285699989646673,20150921_131453,B_full1280
20150921_131453_image936.png,112,44,132,0,20,1,21.26989916525781,3.7299999967217445,20150921_131453,B_full1280
20150921_131453_image946.png,95,44,114,0,19,1,21.752499466761947,2.4633999564684927,20150921_131453,B_full1280
20150921_131453_image951.png,93,54,102,0,9,1,21.775000765919685,2.2757999831810594,20150921_131453,B_full1280
20150921_131453_image96.png,92,38,109,0,17,1,26.350200245156884,2.4902999866753817,20150921_131453,B_full1280
20150921_131453_image966.png,88,43,99,0,11,1,21.035999627783895,2.341600018553436,20150921_131453,B_full1280
20150921_131453_image986.png,107,46,126,0,19,1,22.66469932254404,2.866299997549504,20150921_131453,B_full1280
20150921_131453_image991.png,109,57,132,0,23,1,21.621099840849638,2.8624999686144292,20150921_131453,B_full1280
20150921_131453_image996.png,108,57,125,0,17,1,21.252099230885506,3.159699961543083,20150921_131453,B_full1280
20150921_131729_image1.png,22,11,27,0,5,1,21.169100711122155,0.7966000121086836,20150921_131729,B_full1280
20150921_131729_image11.png,19,11,23,0,4,1,22.800799272954464,0.49780000699684024,20150921_131729,B_full1280
20150921_131729_image116.png,37,21,44,0,7,1,21.63299948722124,0.9800000116229057,20150921_131729,B_full1280
20150921_131729_image166.png,15,10,19,0,4,1,20.821200805716217,0.40880002779886127,20150921_131729,B_full1280
20150921_131729_image171.png,15,8,19,0,4,1,21.376699224114418,0.43590000132098794,20150921_131729,B_full1280
20150921_131729_image176.png,18,8,18,0,0,1,21.86529981996864,0.4897999460808933,20150921_131729,B_full1280
20150921_131729_image21.png,21,11,23,0,2,1,21.807600599713624,0.5229000234976411,20150921_131729,B_full1280
20150921_131729_image251.png,75,39,89,0,14,1,21.640300270169973,1.793400035239756,20150921_131729,B_full1280
20150921_131729_image256.png,70,43,77,0,7,1,22.02500021830201,1.83119997382164,20150921_131729,B_full1280
20150921_131729_image281.png,63,41,76,0,13,1,20.866600066423416,1.623300020582974,20150921_131729,B_full1280
20150921_131729_image286.png,63,41,75,0,12,1,21.458899687975645,1.7671000096015632,20150921_131729,B_full1280
20150921_131729_image291.png,70,39,79,0,9,1,21.021400219760835,1.8232999718748033,20150921_131729,B_full1280
20150921_131729_image306.png,59,43,71,0,12,1,22.705899977125227,1.4989000046625733,20150921_131729,B_full1280
20150921_131729_image311.png,55,38,63,0,8,1,21.24829952698201,1.3667999883182347,20150921_131729,B_full1280
20150921_131729_image366.png,55,38,66,0,11,1,21.44050031900406,1.5510999946855009,20150921_131729,B_full1280
20150921_131729_image391.png,36,17,38,0,2,1,20.776299940422177,0.950500019825995,20150921_131729,B_full1280
20150921_131729_image396.png,51,17,55,0,4,1,21.49939975515008,2.24760000128299,20150921_131729,B_full1280
20150921_131729_image421.png,37,13,41,0,4,1,21.31279950030148,1.594299974385649,20150921_131729,B_full1280
20150921_131729_image426.png,42,14,49,0,7,1,21.89139972999692,1.0725000174716115,20150921_131729,B_full1280
20150921_131729_image451.png,68,46,77,0,9,1,20.789799319580197,1.8480999860912561,20150921_131729,B_full1280
20150921_131729_image471.png,65,46,84,0,19,1,21.331700248643756,1.8212000140920281,20150921_131729,B_full1280
20150921_131729_image486.png,69,45,75,0,6,1,22.441500031389296,2.6696999557316303,20150921_131729,B_full1280
20150921_131729_image491.png,60,42,77,0,17,1,21.204799690283835,2.832000027410686,20150921_131729,B_full1280
20150921_131729_image501.png,66,39,73,0,7,1,21.075800807215273,1.7949000466614962,20150921_131729,B_full1280
20150921_131729_image551.png,68,40,76,0,8,1,21.782899076119065,2.8704999713227153,20150921_131729,B_full1280
20150921_131729_image556.png,75,34,83,0,8,1,21.540799322538078,2.2131000296212733,20150921_131729,B_full1280
20150921_131729_image6.png,17,10,18,0,1,1,22.39750076830387,0.4765000194311142,20150921_131729,B_full1280
20150921_131729_image656.png,67,45,74,0,7,1,21.177400635555387,1.782100007403642,20150921_131729,B_full1280
20150921_131729_image661.png,76,42,84,0,8,1,24.83900047838688,2.096200012601912,20150921_131729,B_full1280
20150921_131729_image676.png,65,46,75,0,10,1,21.330299980938435,1.9198000081814826,20150921_131729,B_full1280
20150921_131729_image71.png,40,19,45,0,5,1,21.668699868023396,1.0058999760076404,20150921_131729,B_full1280
20150921_131729_image771.png,91,56,99,0,8,1,21.296900939196348,2.218100009486079,20150921_131729,B_full1280
20150921_131729_image806.png,74,48,77,0,3,1,22.298600918613374,2.09789996733889,20150921_131729,B_full1280
20150921_131729_image826.png,81,46,89,0,8,1,21.715099094435573,2.00159999076277,20150921_131729,B_full1280
20150921_132245_image1.png,102,18,108,0,6,1,21.98839982226491,2.6209999923594296,20150921_132245,B_full1280
20150921_132245_image1001.png,28,7,28,0,0,1,21.666100405156612,1.4691000105813146,20150921_132245,B_full1280
20150921_132245_image101.png,140,75,154,0,14,1,21.158399358391762,3.927399986423552,20150921_132245,B_full1280
20150921_132245_image1101.png,37,24,40,0,3,1,20.926599549129605,1.040400005877018,20150921_132245,B_full1280
20150921_132245_image1166.png,109,22,118,0,9,1,21.26529915165156,3.663300012703985,20150921_132245,B_full1280
20150921_132245_image201.png,81,35,91,0,10,1,21.382800553925335,2.236699976492673,20150921_132245,B_full1280
20150921_132245_image261.png,117,32,127,0,10,1,22.58590022288263,3.2445999677293003,20150921_132245,B_full1280
20150921_132245_image301.png,134,37,145,0,11,1,21.797199081629515,3.4740999690257013,20150921_132245,B_full1280
20150921_132245_image396.png,82,22,97,0,15,1,21.932500636205077,2.585599955637008,20150921_132245,B_full1280
20150921_132245_image401.png,90,34,102,0,12,1,20.967199093662202,2.628900052513927,20150921_132245,B_full1280
20150921_132245_image446.png,102,30,115,0,13,1,22.49310006108135,2.5952000287361443,20150921_132245,B_full1280
20150921_132245_image46.png,70,13,74,0,4,1,21.59719910286367,1.665899995714426,20150921_132245,B_full1280
20150921_132245_image501.png,97,41,112,0,15,1,21.458699202165008,2.356700017116964,20150921_132245,B_full1280
20150921_132245_image531.png,74,20,80,0,6,1,21.73900011368096,1.8781000399030745,20150921_132245,B_full1280
20150921_132245_image601.png,107,37,123,0,16,1,21.575400795787573,3.416299994569272,20150921_132245,B_full1280
20150921_132245_image656.png,58,9,67,0,9,1,20.56349921040237,1.6891999985091388,20150921_132245,B_full1280
20150921_132245_image701.png,23,5,24,0,1,1,21.238399855792522,0.5904000136069953,20150921_132245,B_full1280
20150921_132245_image751.png,44,7,49,0,5,1,21.703200538642704,1.2063999893143773,20150921_132245,B_full1280
20150921_132245_image786.png,58,6,61,0,3,1,20.839499916881323,1.5915999538265169,20150921_132245,B_full1280
20150921_132245_image801.png,52,8,57,0,5,1,20.40320018772036,1.3966999831609428,20150921_132245,B_full1280
20150921_132245_image836.png,41,8,50,0,9,1,20.69480082485825,1.0661999695003033,20150921_132245,B_full1280
20150921_132245_image901.png,53,9,56,0,3,1,22.169500946067274,1.2599000474438071,20150921_132245,B_full1280
20150921_132245_image976.png,39,5,42,0,3,1,20.839300215244293,0.9981000330299139,20150921_132245,B_full1280
20150921_131625_image1.png,60,61,66,0,6,1,31.133099982514977,1.388499978929758,20150921_131625,B_full1280
20150921_131625_image1001.png,68,60,70,0,2,1,22.18300007469952,1.6183999832719564,20150921_131625,B_full1280
20150921_131625_image1051.png,68,53,75,0,7,1,22.843500453978777,1.7039999947883189,20150921_131625,B_full1280
20150921_131625_image1056.png,64,45,67,0,3,1,22.071999179199338,1.6477000317536294,20150921_131625,B_full1280
20150921_131625_image1091.png,55,50,58,0,3,1,22.2294006687589,1.5185000374913216,20150921_131625,B_full1280
20150921_131625_image1096.png,56,47,62,0,6,1,22.029299652203918,1.571000029798597,20150921_131625,B_full1280
20150921_131625_image1101.png,60,50,67,0,7,1,21.638500526547432,2.5599999935366213,20150921_131625,B_full1280
20150921_131625_image1111.png,68,53,71,0,3,1,22.540500957518816,1.6759999562054873,20150921_131625,B_full1280
20150921_131625_image156.png,66,58,70,0,4,1,32.59489933401346,1.5069000073708594,20150921_131625,B_full1280
20150921_131625_image161.png,75,57,81,0,6,1,27.806100596673787,1.777099969331175,20150921_131625,B_full1280
20150921_131625_image186.png,71,45,75,0,4,1,26.4211009205319,1.8952999962493777,20150921_131625,B_full1280
20150921_131625_image201.png,70,47,77,0,7,1,29.524699646048248,1.8335000495426357,20150921_131625,B_full1280
20150921_131625_image226.png,68,47,70,0,2,1,27.609099304303527,1.7757999594323337,20150921_131625,B_full1280
20150921_131625_image236.png,63,48,67,0,4,1,27.206499952357262,1.9698000396601856,20150921_131625,B_full1280
20150921_131625_image271.png,80,73,80,0,0,1,24.872400334104896,2.08470004145056,20150921_131625,B_full1280
20150921_131625_image301.png,87,93,92,0,5,1,24.693899458739907,2.042699954472482,20150921_131625,B_full1280
20150921_131625_image306.png,92,87,97,0,5,1,24.970999874174595,2.953500021249056,20150921_131625,B_full1280
20150921_131625_image31.png,84,61,90,0,6,1,31.57010000757873,2.1106000058352947,20150921_131625,B_full1280
20150921_131625_image336.png,105,96,113,0,8,1,24.4363008774817,2.8945999802090228,20150921_131625,B_full1280
20150921_131625_image361.png,92,100,102,0,10,1,24.936200328171253,3.2543999841436744,20150921_131625,B_full1280
20150921_131625_image441.png,92,78,95,0,3,1,24.22239989321679,3.620699979364872,20150921_131625,B_full1280
20150921_131625_image471.png,88,92,95,0,7,1,23.31210057530552,2.4350000312551856,20150921_131625,B_full1280
20150921_131625_image501.png,115,103,123,0,8,1,23.275200742762536,3.265199949964881,20150921_131625,B_full1280
20150921_131625_image511.png,124,98,134,0,10,1,24.23299929499626,3.652599989436567,20150921_131625,B_full1280
20150921_131625_image546.png,109,98,117,0,8,1,23.591699110344052,2.84319999627769,20150921_131625,B_full1280
20150921_131625_image636.png,73,46,80,0,7,1,23.02369942702353,1.944500021636486,20150921_131625,B_full1280
20150921_131625_image641.png,83,43,85,0,2,1,23.712200477719307,2.2895000292919576,20150921_131625,B_full1280
20150921_131625_image646.png,82,39,86,0,4,1,22.97690066229552,2.2714000078849494,20150921_131625,B_full1280
20150921_131625_image651.png,94,37,99,0,5,1,23.40010046772659,2.502300019841641,20150921_131625,B_full1280
20150921_131625_image656.png,88,36,90,0,2,1,24.69300084374845,3.5343000199645758,20150921_131625,B_full1280
20150921_131625_image661.png,99,32,106,0,7,1,23.82009921502322,2.403799968305975,20150921_131625,B_full1280
20150921_131625_image666.png,82,30,90,0,8,1,23.098800169304013,2.279800013639033,20150921_131625,B_full1280
20150921_131625_image671.png,84,27,92,0,8,1,23.747799556702375,2.298399980645627,20150921_131625,B_full1280
20150921_131625_image676.png,83,29,86,0,3,1,23.087700493633747,2.392199996393174,20150921_131625,B_full1280
20150921_131625_image681.png,81,33,84,0,3,1,22.83159941714257,2.4246000102721155,20150921_131625,B_full1280
20150921_131625_image686.png,91,37,95,0,4,1,23.024300761520863,2.406399988103658,20150921_131625,B_full1280
20150921_131625_image691.png,88,42,91,0,3,1,22.433100329712033,2.28020001668483,20150921_131625,B_full1280
20150921_131625_image696.png,71,36,72,0,1,1,22.61109928973019,1.8954999977722764,20150921_131625,B_full1280
20150921_131625_image701.png,61,28,63,0,2,1,24.64739939197898,1.9922000356018543,20150921_131625,B_full1280
20150921_131625_image706.png,58,27,62,0,4,1,23.269599665887654,1.4888000441715121,20150921_131625,B_full1280
20150921_131625_image711.png,70,27,74,0,4,1,23.065900553949177,1.6423999913968146,20150921_131625,B_full1280
20150921_131625_image726.png,55,34,57,0,2,1,23.33839993737638,1.3482000213116407,20150921_131625,B_full1280
20150921_131625_image746.png,89,63,89,0,0,1,22.10790093243122,3.1695999787189066,20150921_131625,B_full1280
20150921_131625_image751.png,101,63,103,0,2,1,21.91479958500713,2.891400014050305,20150921_131625,B_full1280
20150921_131625_image76.png,56,40,59,0,3,1,29.74110092781484,1.4630999648943543,20150921_131625,B_full1280
20150921_131625_image801.png,79,73,83,0,4,1,23.344099066220224,2.1816000225953758,20150921_131625,B_full1280
20150921_131625_image806.png,82,80,85,0,3,1,22.74330007098615,2.1448999759741127,20150921_131625,B_full1280
20150921_131625_image851.png,94,95,98,0,4,1,22.905700434930623,2.4689999991096556,20150921_131625,B_full1280
20150921_131625_image881.png,83,81,84,0,1,1,22.14140024408698,2.0735000143758953,20150921_131625,B_full1280
20150921_131625_image906.png,98,80,101,0,3,1,21.86200009472668,2.568800002336502,20150921_131625,B_full1280
20150921_131625_image91.png,62,39,64,0,2,1,30.019299958832562,1.6374000115320086,20150921_131625,B_full1280
20150921_131625_image966.png,97,85,102,0,5,1,22.60770039074123,2.8609000146389008,20150921_131625,B_full1280
20150921_131833_image1.png,29,26,32,0,3,1,22.359399551525712,0.8161000441759825,20150921_131833,B_full1280
20150921_131833_image101.png,33,20,36,0,3,1,21.26650021597743,1.114599988795817,20150921_131833,B_full1280
20150921_131833_image106.png,28,16,29,0,1,1,20.817300809547305,0.7748999632894993,20150921_131833,B_full1280
20150921_131833_image11.png,29,27,29,0,0,1,22.60400012973696,1.4714000280946493,20150921_131833,B_full1280
20150921_131833_image111.png,28,13,30,0,2,1,22.33609914407134,0.9365000296384096,20150921_131833,B_full1280
20150921_131833_image116.png,37,11,38,0,1,1,21.647699136286974,1.0002999915741384,20150921_131833,B_full1280
20150921_131833_image121.png,37,8,38,0,1,1,21.1271994933486,0.8659999584779143,20150921_131833,B_full1280
20150921_131833_image126.png,21,4,21,0,0,1,21.3419990837574,0.4886999959126115,20150921_131833,B_full1280
20150921_131833_image131.png,19,6,20,0,1,1,20.63459918834269,0.4507999983616173,20150921_131833,B_full1280
20150921_131833_image136.png,26,7,27,0,1,1,22.66519987024367,0.6181999924592674,20150921_131833,B_full1280
20150921_131833_image141.png,18,6,19,0,1,1,22.32690001372248,0.6755999638698995,20150921_131833,B_full1280
20150921_131833_image146.png,26,12,28,0,2,1,20.762900542467833,0.6489999941550195,20150921_131833,B_full1280
20150921_131833_image151.png,45,22,46,0,1,1,21.064600569196045,1.1394000030122697,20150921_131833,B_full1280
20150921_131833_image156.png,34,30,35,0,1,1,22.61249979864806,0.8703999919816852,20150921_131833,B_full1280
20150921_131833_image16.png,32,26,34,0,2,1,21.959400236606598,0.8099999977275729,20150921_131833,B_full1280
20150921_131833_image161.png,48,41,50,0,2,1,21.69960026629269,1.2456999975256622,20150921_131833,B_full1280
20150921_131833_image166.png,56,38,62,0,6,1,21.063799234107137,1.462399959564209,20150921_131833,B_full1280
20150921_131833_image171.png,54,43,58,0,4,1,21.790999315679073,1.5499999863095582,20150921_131833,B_full1280
20150921_131833_image181.png,66,45,70,0,4,1,21.53960041049868,1.5505999908782542,20150921_131833,B_full1280
20150921_131833_image186.png,58,45,62,0,4,1,20.998799505643547,1.4971999917179346,20150921_131833,B_full1280
20150921_131833_image191.png,56,39,57,0,1,1,22.507900301367044,1.2254000175744295,20150921_131833,B_full1280
20150921_131833_image196.png,49,40,50,0,1,1,21.96630018390715,1.2822000426240265,20150921_131833,B_full1280
20150921_131833_image201.png,50,40,53,0,3,1,28.37839975208044,1.4750999980606139,20150921_131833,B_full1280
20150921_131833_image21.png,32,25,33,0,1,1,21.59489991143346,0.7892000139690936,20150921_131833,B_full1280
20150921_131833_image216.png,50,40,53,0,3,1,25.045699879527092,1.2102000182494521,20150921_131833,B_full1280
20150921_131833_image221.png,65,42,68,0,3,1,21.87770059891045,2.389000030234456,20150921_131833,B_full1280
20150921_131833_image241.png,75,51,79,0,4,1,21.442700611427426,1.8859000410884619,20150921_131833,B_full1280
20150921_131833_image246.png,61,52,70,0,9,1,21.445499188266695,2.445399994030595,20150921_131833,B_full1280
20150921_131833_image26.png,31,23,34,0,3,1,22.57980051729828,0.9127000230364501,20150921_131833,B_full1280
20150921_131833_image266.png,57,44,60,0,3,1,21.556899797171354,1.5702000237070024,20150921_131833,B_full1280
20150921_131833_image271.png,64,49,67,0,3,1,22.74640006106347,1.6048999968916178,20150921_131833,B_full1280
20150921_131833_image276.png,52,48,54,0,2,1,23.681500624865294,1.2618000037036836,20150921_131833,B_full1280
20150921_131833_image281.png,56,43,59,0,3,1,21.31440004426986,1.6544999671168625,20150921_131833,B_full1280
20150921_131833_image286.png,55,45,59,0,4,1,21.130499493330717,1.4616000116802752,20150921_131833,B_full1280
20150921_131833_image296.png,55,43,61,0,6,1,21.049799273721874,1.4060999965295196,20150921_131833,B_full1280
20150921_131833_image31.png,42,26,43,0,1,1,21.221699621528387,1.1588999768719077,20150921_131833,B_full1280
20150921_131833_image311.png,58,39,62,0,4,1,23.178499538451433,1.4001000090502203,20150921_131833,B_full1280
20150921_131833_image316.png,54,31,56,0,2,1,21.106499588117003,2.816000021994114,20150921_131833,B_full1280
20150921_131833_image321.png,43,39,46,0,3,1,21.630300315096974,1.0602000402286649,20150921_131833,B_full1280
20150921_131833_image326.png,47,28,51,0,4,1,20.529899386689067,1.2462000013329089,20150921_131833,B_full1280
20150921_131833_image331.png,55,26,57,0,2,1,21.365900926291943,2.4009000044316053,20150921_131833,B_full1280
20150921_131833_image336.png,31,24,32,0,1,1,20.547000653110445,0.8634999976493418,20150921_131833,B_full1280
20150921_131833_image341.png,36,22,36,0,0,1,20.444999462924898,1.0074999881908298,20150921_131833,B_full1280
20150921_131833_image346.png,42,29,45,0,3,1,20.208999942056835,1.1747999815270305,20150921_131833,B_full1280
20150921_131833_image351.png,49,30,51,0,2,1,20.76919969636947,1.3834999990649521,20150921_131833,B_full1280
20150921_131833_image356.png,38,29,41,0,3,1,20.947000013664365,1.5558999730274081,20150921_131833,B_full1280
20150921_131833_image36.png,31,26,33,0,2,1,20.871200604364276,0.7920999778434634,20150921_131833,B_full1280
20150921_131833_image366.png,42,31,43,0,1,1,22.16560040973127,1.1040999670512974,20150921_131833,B_full1280
20150921_131833_image371.png,45,41,48,0,3,1,21.0444001480937,1.1486999574117362,20150921_131833,B_full1280
20150921_131833_image381.png,43,37,44,0,1,1,20.359299313277006,0.9809999610297382,20150921_131833,B_full1280
20150921_131833_image386.png,41,30,43,0,2,1,20.595900683663785,1.0429000249132514,20150921_131833,B_full1280
20150921_131833_image391.png,55,30,55,0,0,1,20.813400065526366,1.4070000033825636,20150921_131833,B_full1280
20150921_131833_image396.png,54,32,56,0,2,1,21.325099164620042,1.423700014129281,20150921_131833,B_full1280
20150921_131833_image401.png,52,31,54,0,2,1,21.200799718499184,1.5193999861367047,20150921_131833,B_full1280
20150921_131833_image406.png,50,38,56,0,6,1,20.368699546903372,1.256599964108318,20150921_131833,B_full1280
20150921_131833_image41.png,27,20,28,0,1,1,22.365600366145372,0.8796000038273633,20150921_131833,B_full1280
20150921_131833_image411.png,48,39,50,0,2,1,21.728199313394725,1.1866000131703913,20150921_131833,B_full1280
20150921_131833_image416.png,47,36,48,0,1,1,21.343200460076332,1.1060999822802842,20150921_131833,B_full1280
20150921_131833_image421.png,54,44,58,0,4,1,21.035400707274675,1.5913000097498298,20150921_131833,B_full1280
20150921_131833_image431.png,58,47,63,0,5,1,22.014599159359932,1.3862000196240842,20150921_131833,B_full1280
20150921_131833_image436.png,54,45,59,0,5,1,22.10779983829707,1.3953999732621014,20150921_131833,B_full1280
20150921_131833_image446.png,48,48,52,0,4,1,21.71269938815385,1.3476000167429447,20150921_131833,B_full1280
20150921_131833_image451.png,56,49,58,0,2,1,21.347700448706746,1.416900020558387,20150921_131833,B_full1280
20150921_131833_image46.png,33,23,33,0,0,1,22.529900724068284,0.812700018286705,20150921_131833,B_full1280
20150921_131833_image466.png,57,55,62,0,5,1,22.131199478171766,1.4307999517768621,20150921_131833,B_full1280
20150921_131833_image471.png,66,56,67,0,1,1,20.590800466947258,1.8934999825432897,20150921_131833,B_full1280
20150921_131833_image51.png,42,23,44,0,2,1,21.312800044193864,1.0995000484399498,20150921_131833,B_full1280
20150921_131833_image511.png,63,51,69,0,6,1,21.655100168660283,1.589599996805191,20150921_131833,B_full1280
20150921_131833_image516.png,68,53,74,0,6,1,21.516800521872938,2.959500008728355,20150921_131833,B_full1280
20150921_131833_image521.png,62,56,65,0,3,1,21.14449968189001,1.7419999931007624,20150921_131833,B_full1280
20150921_131833_image526.png,55,56,60,0,5,1,20.42950008623302,1.632500032428652,20150921_131833,B_full1280
20150921_131833_image536.png,67,60,71,0,4,1,21.332899123430252,1.7740000039339066,20150921_131833,B_full1280
20150921_131833_image541.png,74,60,76,0,2,1,20.755600832402706,2.1630999981425703,20150921_131833,B_full1280
20150921_131833_image546.png,71,59,78,0,7,1,21.220100711099803,1.7855000332929194,20150921_131833,B_full1280
20150921_131833_image56.png,39,26,41,0,2,1,21.337500479072332,0.9720000089146197,20150921_131833,B_full1280
20150921_131833_image6.png,25,25,26,0,1,1,21.86840085685253,0.6900000153109431,20150921_131833,B_full1280
20150921_131833_image61.png,42,23,43,0,1,1,23.268199156969786,0.9860999998636544,20150921_131833,B_full1280
20150921_131833_image66.png,27,23,31,0,4,1,21.46060022432357,1.4462000108323991,20150921_131833,B_full1280
20150921_131833_image71.png,27,24,27,0,0,1,21.36360063403845,0.6549999816343188,20150921_131833,B_full1280
20150921_131833_image76.png,25,23,26,0,1,1,22.07619916461408,0.5784999812021852,20150921_131833,B_full1280
20150921_131833_image81.png,30,24,32,0,2,1,21.626100569963455,0.705299957189709,20150921_131833,B_full1280
20150921_131833_image86.png,30,23,30,0,0,1,20.817400021478534,0.7751999655738473,20150921_131833,B_full1280
20150921_131833_image91.png,33,19,33,0,0,1,21.42459953390062,0.9041000157594681,20150921_131833,B_full1280
20150921_131833_image96.png,41,22,41,0,0,1,21.337099952623248,1.2310000020079315,20150921_131833,B_full1280
20150921_132038_image1.png,48,29,49,0,1,1,21.801099570468068,1.1660000309348106,20150921_132038,B_full1280
20150921_132038_image1001.png,29,15,29,0,0,1,20.990499276667833,0.700599979609251,20150921_132038,B_full1280
20150921_132038_image1006.png,32,16,32,0,0,1,20.23950063623488,0.8515999652445316,20150921_132038,B_full1280
20150921_132038_image101.png,87,70,89,0,2,1,21.29360013268888,2.7129999944008887,20150921_132038,B_full1280
20150921_132038_image1011.png,32,14,32,0,0,1,20.773500755429268,0.8196000126190484,20150921_132038,B_full1280
20150921_132038_image1056.png,36,13,41,0,5,1,21.288100158795714,0.8569000056013465,20150921_132038,B_full1280
20150921_132038_image106.png,92,73,94,0,2,1,20.97299988567829,2.1781999967060983,20150921_132038,B_full1280
20150921_132038_image1076.png,34,13,36,0,2,1,20.417000129818916,0.7995000341907144,20150921_132038,B_full1280
20150921_132038_image11.png,45,33,47,0,2,1,21.07450051046908,0.999600044451654,20150921_132038,B_full1280
20150921_132038_image1101.png,27,17,28,0,1,1,20.811200058087707,0.9917999850586057,20150921_132038,B_full1280
20150921_132038_image111.png,103,76,105,0,2,1,19.915500413626432,2.4132999824360013,20150921_132038,B_full1280
20150921_132038_image116.png,114,76,115,0,1,1,20.20710048871115,3.214100026525557,20150921_132038,B_full1280
20150921_132038_image1161.png,34,9,35,0,1,1,20.33680048212409,1.0334000107832253,20150921_132038,B_full1280
20150921_132038_image1191.png,40,5,40,0,0,1,20.33260077983141,0.979500007815659,20150921_132038,B_full1280
20150921_132038_image1196.png,44,8,47,0,3,1,21.138400811702013,1.0259999544359744,20150921_132038,B_full1280
20150921_132038_image1206.png,47,6,48,0,1,1,20.69619918987155,1.1408000136725605,20150921_132038,B_full1280
20150921_132038_image121.png,127,74,134,0,7,1,31.241799583658576,3.496800025459379,20150921_132038,B_full1280
20150921_132038_image1241.png,18,6,18,0,0,1,20.39409939199686,0.5913999630138278,20150921_132038,B_full1280
20150921_132038_image1256.png,16,8,18,0,2,1,20.040400399826467,0.45089999912306666,20150921_132038,B_full1280
20150921_132038_image126.png,95,70,99,0,4,1,20.83339973911643,2.6934000197798014,20150921_132038,B_full1280
20150921_132038_image1306.png,12,11,14,0,2,1,20.9448997490108,0.33220002660527825,20150921_132038,B_full1280
20150921_132038_image131.png,93,68,99,0,6,1,21.54079989157617,2.5693000061437488,20150921_132038,B_full1280
20150921_132038_image136.png,102,67,104,0,2,1,20.094399908557534,3.285400045569986,20150921_132038,B_full1280
20150921_132038_image1371.png,34,26,36,0,2,1,21.14960049279034,0.9477999992668629,20150921_132038,B_full1280
20150921_132038_image1386.png,35,25,35,0,0,1,20.739699540659785,1.0685999877750874,20150921_132038,B_full1280
20150921_132038_image141.png,97,70,102,0,5,1,20.36600061878562,2.5399999576620758,20150921_132038,B_full1280
20150921_132038_image1441.png,18,9,19,0,1,1,20.455999694764614,0.487400044221431,20150921_132038,B_full1280
20150921_132038_image1446.png,15,9,16,0,1,1,21.876399761997163,0.42559998109936714,20150921_132038,B_full1280
20150921_132038_image146.png,101,76,106,0,5,1,20.802399243228137,2.7595999999903142,20150921_132038,B_full1280
20150921_132038_image151.png,100,86,103,0,3,1,21.95979941636324,2.505200041923672,20150921_132038,B_full1280
20150921_132038_image156.png,75,71,81,0,6,1,22.005399733781815,1.755200035404414,20150921_132038,B_full1280
20150921_132038_image16.png,45,32,47,0,2,1,20.34160020761192,1.602599979378283,20150921_132038,B_full1280
20150921_132038_image161.png,91,66,92,0,1,1,20.38410029001534,2.279300009831786,20150921_132038,B_full1280
20150921_132038_image166.png,71,82,73,0,2,1,21.113400624133646,1.8155000288970768,20150921_132038,B_full1280
20150921_132038_image171.png,90,66,93,0,3,1,20.80939979851246,2.4927000049501657,20150921_132038,B_full1280
20150921_132038_image176.png,104,71,108,0,4,1,20.760800821706653,3.943099989555776,20150921_132038,B_full1280
20150921_132038_image21.png,44,30,49,0,5,1,20.888399444520473,1.0031000128947198,20150921_132038,B_full1280
20150921_132038_image26.png,41,29,44,0,3,1,21.22349906153977,0.888700014911592,20150921_132038,B_full1280
20150921_132038_image261.png,48,37,51,0,3,1,20.881699208170176,1.1987999896518886,20150921_132038,B_full1280
20150921_132038_image266.png,49,33,51,0,2,1,20.76320052333176,1.1520000407472253,20150921_132038,B_full1280
20150921_132038_image271.png,54,37,56,0,2,1,21.401399912312627,1.3614000054076314,20150921_132038,B_full1280
20150921_132038_image276.png,60,40,63,0,3,1,20.875700917094946,1.4767000102438033,20150921_132038,B_full1280
20150921_132038_image281.png,53,38,56,0,3,1,24.39620050508529,1.2712999596260488,20150921_132038,B_full1280
20150921_132038_image286.png,59,37,63,0,4,1,21.824500000104308,1.385499956086278,20150921_132038,B_full1280
20150921_132038_image31.png,47,30,47,0,0,1,20.449499970301986,1.2132000410929322,20150921_132038,B_full1280
20150921_132038_image336.png,60,39,64,0,4,1,21.29790035635233,2.071700000669807,20150921_132038,B_full1280
20150921_132038_image341.png,75,50,78,0,3,1,21.354099311865866,1.8492999952286482,20150921_132038,B_full1280
20150921_132038_image36.png,46,30,49,0,3,1,20.454399978742003,1.6855000285431743,20150921_132038,B_full1280
20150921_132038_image361.png,73,66,78,0,5,1,20.20419968990609,2.115999988745898,20150921_132038,B_full1280
20150921_132038_image391.png,93,72,95,0,2,1,20.46760043874383,2.4585999781265855,20150921_132038,B_full1280
20150921_132038_image41.png,44,30,45,0,1,1,20.20349995046854,1.1738999746739864,20150921_132038,B_full1280
20150921_132038_image431.png,69,62,75,0,6,1,21.35119935311377,2.044699969701469,20150921_132038,B_full1280
20150921_132038_image46.png,42,29,43,0,1,1,20.217899390496314,1.0301999864168465,20150921_132038,B_full1280
20150921_132038_image496.png,53,27,55,0,2,1,20.462299089878798,2.1326999994926155,20150921_132038,B_full1280
20150921_132038_image51.png,43,30,46,0,3,1,22.08970072027296,1.1813999735750258,20150921_132038,B_full1280
20150921_132038_image551.png,65,36,67,0,2,1,20.180800354108214,1.8600999610498548,20150921_132038,B_full1280
20150921_132038_image56.png,48,31,50,0,2,1,21.107600945979357,1.157499966211617,20150921_132038,B_full1280
20150921_132038_image6.png,46,32,47,0,1,1,20.224999617785215,1.0801999596878886,20150921_132038,B_full1280
20150921_132038_image61.png,54,34,58,0,4,1,20.16569929663092,1.3354999828152359,20150921_132038,B_full1280
20150921_132038_image636.png,69,43,73,0,4,1,21.39699994213879,1.7282000044360757,20150921_132038,B_full1280
20150921_132038_image66.png,49,30,52,0,3,1,20.469000175595284,1.2111000251024961,20150921_132038,B_full1280
20150921_132038_image666.png,54,30,59,0,5,1,20.391499975696206,1.3250000192783773,20150921_132038,B_full1280
20150921_132038_image686.png,43,24,46,0,3,1,21.15289993584156,1.3015999575145543,20150921_132038,B_full1280
20150921_132038_image71.png,55,45,58,0,3,1,21.02659908682108,1.4127999893389642,20150921_132038,B_full1280
20150921_132038_image76.png,48,44,51,0,3,1,21.125800567679107,1.2814000365324318,20150921_132038,B_full1280
20150921_132038_image796.png,58,28,61,0,3,1,22.509200007654727,1.5631999704055488,20150921_132038,B_full1280
20150921_132038_image81.png,47,36,48,0,1,1,21.24679921194911,1.2345999712124467,20150921_132038,B_full1280
20150921_132038_image856.png,30,15,32,0,2,1,20.56989946588874,1.4139999984763563,20150921_132038,B_full1280
20150921_132038_image86.png,57,40,61,0,4,1,20.250799229368567,1.5531000099144876,20150921_132038,B_full1280
20150921_132038_image871.png,34,13,36,0,2,1,21.1396008040756,0.8265000069513917,20150921_132038,B_full1280
20150921_132038_image891.png,29,12,30,0,1,1,21.1764995357953,0.6987000233493745,20150921_132038,B_full1280
20150921_132038_image896.png,30,9,30,0,0,1,20.534300428815186,0.7912999717518687,20150921_132038,B_full1280
20150921_132038_image901.png,21,7,24,0,3,1,20.566000849939883,0.5139999557286501,20150921_132038,B_full1280
20150921_132038_image906.png,17,5,17,0,0,1,20.021999397315085,0.4480999778024852,20150921_132038,B_full1280
20150921_132038_image91.png,67,41,69,0,2,1,21.160600177012384,2.069600042887032,20150921_132038,B_full1280
20150921_132038_image911.png,35,6,37,0,2,1,21.80879980325699,0.8982999715954065,20150921_132038,B_full1280
20150921_132038_image916.png,30,6,30,0,0,1,20.775699358433485,0.6337999948300421,20150921_132038,B_full1280
20150921_132038_image921.png,45,10,47,0,2,1,20.57810052484274,1.1855000047944486,20150921_132038,B_full1280
20150921_132038_image926.png,51,10,52,0,1,1,22.199000012129545,1.305999991018325,20150921_132038,B_full1280
20150921_132038_image931.png,40,11,40,0,0,1,20.174699298106134,0.8951000054366887,20150921_132038,B_full1280
20150921_132038_image96.png,65,52,68,0,3,1,20.149899647571146,1.8246000399813056,20150921_132038,B_full1280
20150921_132038_image971.png,31,16,34,0,3,1,20.734999838285148,0.7909000269137323,20150921_132038,B_full1280
20150921_132038_image996.png,40,12,43,0,3,1,21.974699350073934,0.978600000962615,20150921_132038,B_full1280
20150919_174151_image1.png,8,95,25,0,17,6,56.348300863057375,0.36619999445974827,20150919_174151,C_tile640
20150919_174151_image101.png,3,102,7,0,4,6,53.71340178325772,0.13010000111535192,20150919_174151,C_tile640
20150919_174151_image106.png,4,99,11,0,7,6,55.44690149649978,0.11640001321211457,20150919_174151,C_tile640
20150919_174151_image11.png,13,105,32,0,19,6,58.075301472097635,0.4325000336393714,20150919_174151,C_tile640
20150919_174151_image111.png,8,114,22,0,14,6,55.052299942821264,0.24690001737326384,20150919_174151,C_tile640
20150919_174151_image116.png,11,106,25,0,14,6,54.757398538291454,0.32130000181496143,20150919_174151,C_tile640
20150919_174151_image121.png,12,117,23,0,11,6,56.88080094009638,0.33740000799298286,20150919_174151,C_tile640
20150919_174151_image126.png,8,107,15,0,7,6,53.809799361974,0.32480002846568823,20150919_174151,C_tile640
20150919_174151_image131.png,11,111,21,0,10,6,54.96340099722147,0.27820002287626266,20150919_174151,C_tile640
20150919_174151_image136.png,10,121,20,0,10,6,54.448999021202326,0.2587999915704131,20150919_174151,C_tile640
20150919_174151_image141.png,9,119,15,0,6,6,53.64399981498718,0.2324000233784318,20150919_174151,C_tile640
20150919_174151_image146.png,8,113,11,0,3,6,56.316100999712944,0.1981999957934022,20150919_174151,C_tile640
20150919_174151_image151.png,10,118,15,0,5,6,55.08129847049713,0.2530000056140125,20150919_174151,C_tile640
20150919_174151_image156.png,11,114,16,0,5,6,53.337500870227814,0.24730002041906118,20150919_174151,C_tile640
20150919_174151_image16.png,14,96,30,0,16,6,54.57619959115982,0.4013000288978219,20150919_174151,C_tile640
20150919_174151_image161.png,12,123,17,0,5,6,58.33159928768873,0.33359997905790806,20150919_174151,C_tile640
20150919_174151_image166.png,11,117,20,0,9,6,52.90080088749528,0.3418999840505421,20150919_174151,C_tile640
20150919_174151_image171.png,11,116,21,0,10,6,57.90629977360368,0.2880000392906368,20150919_174151,C_tile640
20150919_174151_image176.png,6,104,12,0,6,6,53.394298169761896,0.23180001880973577,20150919_174151,C_tile640
20150919_174151_image181.png,7,101,12,0,5,6,54.17709915712476,0.19149994477629662,20150919_174151,C_tile640
20150919_174151_image186.png,15,100,26,0,11,6,57.91659890860319,0.3524000057950616,20150919_174151,C_tile640
20150919_174151_image191.png,9,100,15,0,6,6,54.87290183827281,0.23930001771077514,20150919_174151,C_tile640
20150919_174151_image196.png,7,98,12,0,5,6,52.09109869599342,0.1650999765843153,20150919_174151,C_tile640
20150919_174151_image201.png,5,96,10,0,5,6,55.53709915652871,0.15440001152455807,20150919_174151,C_tile640
20150919_174151_image206.png,3,98,4,0,1,6,54.39859925955534,0.11010002344846725,20150919_174151,C_tile640
20150919_174151_image21.png,13,100,33,0,20,6,55.65909864380956,0.33190002432093024,20150919_174151,C_tile640
20150919_174151_image211.png,2,93,3,0,1,6,54.993100471794605,0.07729994831606746,20150919_174151,C_tile640
20150919_174151_image216.png,2,94,4,0,2,6,57.11399917304516,0.10990002192556858,20150919_174151,C_tile640
20150919_174151_image221.png,0,88,0,0,0,6,52.99639854580164,0.2989000058732927,20150919_174151,C_tile640
20150919_174151_image226.png,2,98,3,0,1,6,60.408300280570984,0.06659998325631022,20150919_174151,C_tile640
20150919_174151_image231.png,2,101,2,0,0,6,55.16160114482045,0.05319999763742089,20150919_174151,C_tile640
20150919_174151_image236.png,2,97,3,0,1,6,53.80550158023834,0.07720000576227903,20150919_174151,C_tile640
20150919_174151_image241.png,3,97,3,0,0,6,56.39079900458455,0.09210000280290842,20150919_174151,C_tile640
20150919_174151_image26.png,13,102,31,0,18,6,55.539198376238346,0.568399962503463,20150919_174151,C_tile640
20150919_174151_image286.png,1,94,1,0,0,6,54.078701704740524,0.052499992307275534,20150919_174151,C_tile640
20150919_174151_image301.png,2,109,5,0,3,6,55.62060046568513,0.08200004231184721,20150919_174151,C_tile640
20150919_174151_image31.png,7,99,17,0,10,6,53.681600984185934,0.16259995754808187,20150919_174151,C_tile640
20150919_174151_image36.png,11,94,20,0,9,6,53.51950065046549,0.2837000065483153,20150919_174151,C_tile640
20150919_174151_image361.png,1,73,1,0,0,6,53.45029930770397,0.0391000066883862,20150919_174151,C_tile640
20150919_174151_image381.png,3,85,4,0,1,6,52.84589974582195,0.08859997615218163,20150919_174151,C_tile640
20150919_174151_image41.png,9,99,25,0,16,6,58.300901021808386,0.27459999546408653,20150919_174151,C_tile640
20150919_174151_image411.png,2,84,6,0,4,6,54.2495988085866,0.26709999656304717,20150919_174151,C_tile640
20150919_174151_image431.png,7,94,11,0,4,6,54.44899905472994,0.18319999799132347,20150919_174151,C_tile640
20150919_174151_image46.png,8,97,24,0,16,6,53.146201469004154,0.2465000143274665,20150919_174151,C_tile640
20150919_174151_image471.png,7,92,11,0,4,6,54.83830089867115,0.18850003834813833,20150919_174151,C_tile640
20150919_174151_image496.png,9,81,13,0,4,6,55.66280138120055,0.22159999934956431,20150919_174151,C_tile640
20150919_174151_image51.png,12,116,24,0,12,6,55.412900257855654,0.29389996780082583,20150919_174151,C_tile640
20150919_174151_image56.png,10,108,13,0,3,6,57.398598443716764,0.29289996018633246,20150919_174151,C_tile640
20150919_174151_image6.png,19,95,40,0,21,6,56.28370028361678,0.5014999769628048,20150919_174151,C_tile640
20150919_174151_image601.png,9,78,18,0,9,6,53.89479846507311,0.2542000147514045,20150919_174151,C_tile640
20150919_174151_image61.png,8,107,14,0,6,6,57.43490021675825,0.2164000179618597,20150919_174151,C_tile640
20150919_174151_image621.png,9,87,13,0,4,6,56.72149892523885,0.23389997659251094,20150919_174151,C_tile640
20150919_174151_image641.png,2,89,3,0,1,6,53.131299898028374,0.06919994484633207,20150919_174151,C_tile640
20150919_174151_image656.png,1,61,2,0,1,6,54.63749847188592,0.06360001862049103,20150919_174151,C_tile640
20150919_174151_image66.png,3,108,6,0,3,6,54.70529900863767,0.12580002658069134,20150919_174151,C_tile640
20150919_174151_image676.png,1,75,1,0,0,6,55.2579998485744,0.04610000178217888,20150919_174151,C_tile640
20150919_174151_image71.png,2,101,5,0,3,6,55.77330144494772,0.06340001709759235,20150919_174151,C_tile640
20150919_174151_image736.png,0,66,0,0,0,6,53.596098102629185,0.025100016500800848,20150919_174151,C_tile640
20150919_174151_image741.png,2,62,3,0,1,6,53.74950019642711,0.07319997530430555,20150919_174151,C_tile640
20150919_174151_image76.png,10,104,15,0,5,6,56.460600927472115,0.22499996703118086,20150919_174151,C_tile640
20150919_174151_image806.png,1,65,1,0,0,6,55.72800135985017,0.04240003181621432,20150919_174151,C_tile640
20150919_174151_image81.png,4,96,5,0,1,6,56.702298529446125,0.09200000204145908,20150919_174151,C_tile640
20150919_174151_image856.png,4,86,9,0,5,6,53.199201479554176,0.12079998850822449,20150919_174151,C_tile640
20150919_174151_image86.png,2,101,2,0,0,6,55.78200003132224,0.053499999921768904,20150919_174151,C_tile640
20150919_174151_image91.png,5,105,8,0,3,6,53.63950174674392,0.13479997869580984,20150919_174151,C_tile640
20150919_174151_image96.png,2,101,2,0,0,6,56.334800373762846,0.0564999645575881,20150919_174151,C_tile640
20150919_174730_image1.png,18,33,40,0,22,6,54.97010084241629,0.44519995572045445,20150919_174730,C_tile640
20150919_174730_image101.png,4,8,7,0,3,6,56.12139938771725,0.13569998554885387,20150919_174730,C_tile640
20150919_174730_image1046.png,33,88,77,0,44,6,54.21349922195077,0.9183000074699521,20150919_174730,C_tile640
20150919_174730_image106.png,5,6,11,0,6,6,54.764098811894655,0.19240000983700156,20150919_174730,C_tile640
20150919_174730_image11.png,18,31,39,0,21,6,53.97139923274517,0.48909999895840883,20150919_174730,C_tile640
20150919_174730_image111.png,7,8,15,0,8,6,56.14270147681236,0.20290003158152103,20150919_174730,C_tile640
20150919_174730_image1146.png,36,107,73,0,37,6,54.49459860473871,0.9206999675370753,20150919_174730,C_tile640
20150919_174730_image116.png,6,8,16,0,10,6,57.049001067876816,0.16340002184733748,20150919_174730,C_tile640
20150919_174730_image121.png,6,8,18,0,12,6,53.80530020594597,0.1639999682083726,20150919_174730,C_tile640
20150919_174730_image126.png,6,9,13,0,7,6,53.086301419883966,0.14350004494190216,20150919_174730,C_tile640
20150919_174730_image131.png,8,10,18,0,10,6,54.078000117093325,0.208800018299371,20150919_174730,C_tile640
20150919_174730_image1331.png,43,82,86,0,43,6,55.762198220938444,1.0084999958053231,20150919_174730,C_tile640
20150919_174730_image136.png,4,11,10,0,6,6,55.575199604034424,0.25589996948838234,20150919_174730,C_tile640
20150919_174730_image141.png,3,12,6,0,3,6,54.10730026289821,0.1134999911300838,20150919_174730,C_tile640
20150919_174730_image146.png,9,12,20,0,11,6,54.94400179758668,0.27950003277510405,20150919_174730,C_tile640
20150919_174730_image151.png,7,14,21,0,14,6,56.33699871599674,0.20940002286806703,20150919_174730,C_tile640
20150919_174730_image156.png,8,11,19,0,11,6,54.161198396235704,0.20949996542185545,20150919_174730,C_tile640
20150919_174730_image16.png,18,30,38,0,20,6,55.32589850202203,0.5843000253662467,20150919_174730,C_tile640
20150919_174730_image161.png,6,11,13,0,7,6,56.330598186701536,0.17149996710941195,20150919_174730,C_tile640
20150919_174730_image166.png,7,10,19,0,12,6,53.69400070607662,0.16930000856518745,20150919_174730,C_tile640
20150919_174730_image171.png,5,9,15,0,10,6,54.11400159075856,0.14760001795366406,20150919_174730,C_tile640
20150919_174730_image176.png,5,9,16,0,11,6,57.35240053758025,0.16519997734576464,20150919_174730,C_tile640
20150919_174730_image181.png,8,8,22,0,14,6,54.39489820599556,0.21009996999055147,20150919_174730,C_tile640
20150919_174730_image186.png,4,7,13,0,9,6,53.977500554174185,0.11609995272010565,20150919_174730,C_tile640
20150919_174730_image191.png,8,8,20,0,12,6,56.92550130560994,0.20030001178383827,20150919_174730,C_tile640
20150919_174730_image196.png,5,7,14,0,9,6,55.045501351356506,0.13670005137100816,20150919_174730,C_tile640
20150919_174730_image201.png,7,7,16,0,9,6,54.812999088317156,0.16609998419880867,20150919_174730,C_tile640
20150919_174730_image206.png,6,7,13,0,7,6,56.56499878689647,0.14540000120177865,20150919_174730,C_tile640
20150919_174730_image21.png,16,29,34,0,18,6,53.41900161281228,0.41280000004917383,20150919_174730,C_tile640
20150919_174730_image211.png,8,9,20,0,12,6,53.598399221897125,0.26920001255348325,20150919_174730,C_tile640
20150919_174730_image216.png,4,6,15,0,11,6,53.215198155492544,0.18969998927786946,20150919_174730,C_tile640
20150919_174730_image221.png,4,6,11,0,7,6,54.978401388973,0.10820000898092985,20150919_174730,C_tile640
20150919_174730_image226.png,4,6,12,0,8,6,57.53940000012517,0.12779998360201716,20150919_174730,C_tile640
20150919_174730_image231.png,4,4,8,0,4,6,55.5760014988482,0.10939995991066098,20150919_174730,C_tile640
20150919_174730_image236.png,1,3,1,0,0,6,54.29170165583491,0.03250001464039087,20150919_174730,C_tile640
20150919_174730_image241.png,2,2,5,0,3,6,54.99170137196779,0.05560001591220498,20150919_174730,C_tile640
20150919_174730_image246.png,1,1,2,0,1,6,54.41010111197829,0.04880002234131098,20150919_174730,C_tile640
20150919_174730_image251.png,0,1,0,0,0,6,57.8143006041646,0.037299992982298136,20150919_174730,C_tile640
20150919_174730_image256.png,1,5,1,0,0,6,55.32450096309185,0.031000003218650818,20150919_174730,C_tile640
20150919_174730_image26.png,12,30,21,0,9,6,56.046898894011974,0.27739995857700706,20150919_174730,C_tile640
20150919_174730_image261.png,2,7,2,0,0,6,53.77699866145849,0.05520001286640763,20150919_174730,C_tile640
20150919_174730_image266.png,4,14,8,0,4,6,53.70209929347038,0.12059998698532581,20150919_174730,C_tile640
20150919_174730_image271.png,5,17,10,0,5,6,55.53760140016675,0.14079996617510915,20150919_174730,C_tile640
20150919_174730_image276.png,3,14,3,0,0,6,52.83310034126043,0.07740000728517771,20150919_174730,C_tile640
20150919_174730_image286.png,1,16,2,0,1,6,56.760498493909836,0.04950002767145634,20150919_174730,C_tile640
20150919_174730_image296.png,6,20,8,0,2,6,54.27320037782192,0.146100006531924,20150919_174730,C_tile640
20150919_174730_image301.png,11,23,18,0,7,6,56.11939827352762,0.27269998099654913,20150919_174730,C_tile640
20150919_174730_image306.png,7,24,12,0,5,6,54.32389988750219,0.18269999418407679,20150919_174730,C_tile640
20150919_174730_image31.png,10,21,22,0,12,6,56.112099677324295,0.29399996856227517,20150919_174730,C_tile640
20150919_174730_image321.png,5,32,10,0,5,6,55.00410018116236,0.16730005154386163,20150919_174730,C_tile640
20150919_174730_image331.png,10,35,21,0,11,6,54.697899114340544,0.2931999624706805,20150919_174730,C_tile640
20150919_174730_image341.png,8,36,18,0,10,6,55.250598546117544,0.4332999815233052,20150919_174730,C_tile640
20150919_174730_image351.png,7,34,10,0,3,6,53.51490066573024,0.2072000061161816,20150919_174730,C_tile640
20150919_174730_image356.png,11,40,21,0,10,6,59.4580992795527,0.2762000076472759,20150919_174730,C_tile640
20150919_174730_image36.png,7,17,11,0,4,6,53.910400573164225,0.17630000365898013,20150919_174730,C_tile640
20150919_174730_image376.png,22,39,45,0,23,6,54.92630049213767,0.5344999954104424,20150919_174730,C_tile640
20150919_174730_image386.png,12,56,21,0,9,6,55.09069899469614,0.31640002271160483,20150919_174730,C_tile640
20150919_174730_image396.png,12,47,29,0,17,6,57.17189835384488,0.6965999491512775,20150919_174730,C_tile640
20150919_174730_image41.png,4,16,6,0,2,6,54.75279853492975,0.12919999426230788,20150919_174730,C_tile640
20150919_174730_image411.png,14,48,29,0,15,6,53.39859897643328,0.3359000547789037,20150919_174730,C_tile640
20150919_174730_image426.png,14,47,24,0,10,6,56.45270038023591,0.31540001509711146,20150919_174730,C_tile640
20150919_174730_image436.png,20,45,39,0,19,6,55.24090104177594,0.47479994827881455,20150919_174730,C_tile640
20150919_174730_image441.png,21,49,46,0,25,6,53.9803019054234,0.49759994726628065,20150919_174730,C_tile640
20150919_174730_image456.png,17,35,43,0,26,6,57.523001711815596,0.4632999771274626,20150919_174730,C_tile640
20150919_174730_image46.png,4,12,6,0,2,6,54.06399878114462,0.13080000644549727,20150919_174730,C_tile640
20150919_174730_image471.png,21,51,41,0,20,6,55.34770069271326,0.5373999592848122,20150919_174730,C_tile640
20150919_174730_image486.png,23,51,42,0,19,6,54.326200641691685,0.5831999587826431,20150919_174730,C_tile640
20150919_174730_image491.png,32,66,64,0,32,6,55.68209883570671,0.8222000324167311,20150919_174730,C_tile640
20150919_174730_image496.png,29,56,58,0,29,6,54.9817007817328,0.8258000016212463,20150919_174730,C_tile640
20150919_174730_image506.png,48,68,100,0,52,6,54.95900093764067,2.4668999831192195,20150919_174730,C_tile640
20150919_174730_image51.png,3,11,5,0,2,6,54.682098872959614,0.11080002877861261,20150919_174730,C_tile640
20150919_174730_image521.png,38,70,78,0,40,6,55.733300786465406,1.159599982202053,20150919_174730,C_tile640
20150919_174730_image536.png,51,77,115,0,64,6,53.657801412045956,2.051600022241473,20150919_174730,C_tile640
20150919_174730_image551.png,41,78,88,0,47,6,57.76820092275739,1.1557000107131898,20150919_174730,C_tile640
20150919_174730_image56.png,3,5,5,0,2,6,61.861198619008064,0.11959997937083244,20150919_174730,C_tile640
20150919_174730_image566.png,43,76,92,0,49,6,60.35449983924627,1.25039997510612,20150919_174730,C_tile640
20150919_174730_image581.png,41,79,87,0,46,6,54.40379924699664,1.2008000048808753,20150919_174730,C_tile640
20150919_174730_image596.png,39,69,83,0,44,6,55.76030150428414,1.0307999909855425,20150919_174730,C_tile640
20150919_174730_image6.png,17,36,35,0,18,6,54.836601473391056,0.48889999743551016,20150919_174730,C_tile640
20150919_174730_image61.png,3,4,5,0,2,6,58.72569812089205,0.10570004815235734,20150919_174730,C_tile640
20150919_174730_image611.png,36,62,77,0,41,6,54.45980142802,0.8738000178709626,20150919_174730,C_tile640
20150919_174730_image631.png,28,50,72,0,44,6,53.07479873299599,0.653300026897341,20150919_174730,C_tile640
20150919_174730_image646.png,17,44,37,0,20,6,58.01449930295348,0.39739999920129776,20150919_174730,C_tile640
20150919_174730_image66.png,5,7,6,0,1,6,54.012100379914045,0.11799996718764305,20150919_174730,C_tile640
20150919_174730_image666.png,32,54,60,0,28,6,53.58580146357417,0.729300023522228,20150919_174730,C_tile640
20150919_174730_image681.png,35,65,72,0,37,6,54.77640060707927,0.9306000429205596,20150919_174730,C_tile640
20150919_174730_image701.png,31,77,66,0,35,6,54.336001735180616,1.5463000163435936,20150919_174730,C_tile640
20150919_174730_image71.png,4,5,10,0,6,6,68.65120336040854,0.16529997810721397,20150919_174730,C_tile640
20150919_174730_image736.png,38,76,83,0,45,6,54.83840146660805,0.9486000053584576,20150919_174730,C_tile640
20150919_174730_image76.png,2,4,6,0,4,6,57.37679930776358,0.12400001287460327,20150919_174730,C_tile640
20150919_174730_image761.png,34,74,64,0,30,6,56.21070173382759,0.9111000108532608,20150919_174730,C_tile640
20150919_174730_image786.png,22,51,33,0,11,6,55.2024987526238,0.5799999926239252,20150919_174730,C_tile640
20150919_174730_image81.png,2,4,4,0,2,6,54.59560167044401,0.14059996465221047,20150919_174730,C_tile640
20150919_174730_image811.png,22,54,48,0,26,6,53.33030064031482,0.6150999688543379,20150919_174730,C_tile640
20150919_174730_image86.png,2,5,8,0,6,6,53.441701501607895,0.1357999863103032,20150919_174730,C_tile640
20150919_174730_image861.png,32,74,75,0,43,6,57.194699086248875,0.910000002477318,20150919_174730,C_tile640
20150919_174730_image91.png,4,7,11,0,7,6,53.86790024116635,0.1268000341951847,20150919_174730,C_tile640
20150919_174730_image911.png,36,72,79,0,43,6,53.2192005738616,1.000799995381385,20150919_174730,C_tile640
20150919_174730_image96.png,5,7,15,0,10,6,54.824199855327606,0.1892000436782837,20150919_174730,C_tile640
20150919_174730_image961.png,52,113,117,0,65,6,56.18980126455426,1.4172999653965235,20150919_174730,C_tile640
20150921_131234_image1.png,49,72,128,0,79,6,56.15429871156812,1.5113999834284186,20150921_131234,C_tile640
20150921_131234_image11.png,43,75,117,0,74,6,55.80279829353094,1.5988000086508691,20150921_131234,C_tile640
20150921_131234_image16.png,53,71,139,0,86,6,53.001400757580996,1.8479999853298068,20150921_131234,C_tile640
20150921_131234_image201.png,35,43,77,0,42,6,55.04499977082014,1.1127999750897288,20150921_131234,C_tile640
20150921_131234_image206.png,34,40,74,0,40,6,55.653698183596134,1.0320000001229346,20150921_131234,C_tile640
20150921_131234_image21.png,51,68,122,0,71,6,55.639400631189346,1.4621000154875219,20150921_131234,C_tile640
20150921_131234_image216.png,43,51,88,0,45,6,56.41180180758238,1.2303999974392354,20150921_131234,C_tile640
20150921_131234_image221.png,35,49,79,0,44,6,54.77479896694422,1.055800006724894,20150921_131234,C_tile640
20150921_131234_image231.png,39,58,78,0,39,6,54.62010049074888,1.1461999965831637,20150921_131234,C_tile640
20150921_131234_image236.png,32,40,72,0,40,6,54.57660176604986,0.9947000071406364,20150921_131234,C_tile640
20150921_131234_image26.png,60,68,137,0,77,6,54.5901989787817,1.7024999833665788,20150921_131234,C_tile640
20150921_131234_image286.png,43,60,100,0,57,6,54.7886005975306,1.643700001295656,20150921_131234,C_tile640
20150921_131234_image306.png,45,67,120,0,75,6,54.43110103905201,1.34379998780787,20150921_131234,C_tile640
20150921_131234_image31.png,61,74,144,0,83,6,55.53519921004772,1.9240999827161431,20150921_131234,C_tile640
20150921_131234_image341.png,50,64,132,0,82,6,53.2183011546731,1.4087000163272023,20150921_131234,C_tile640
20150921_131234_image36.png,60,72,135,0,75,6,54.50240071862936,2.098599972669035,20150921_131234,C_tile640
20150921_131234_image361.png,43,48,107,0,64,6,55.659601125866175,1.6643000417388976,20150921_131234,C_tile640
20150921_131234_image366.png,38,45,101,0,63,6,52.68630123883486,1.1008000001311302,20150921_131234,C_tile640
20150921_131234_image401.png,39,56,95,0,56,6,55.59119896963239,1.1171000078320503,20150921_131234,C_tile640
20150921_131234_image406.png,40,53,100,0,60,6,52.978500075638294,1.4848000137135386,20150921_131234,C_tile640
20150921_131234_image41.png,58,73,126,0,68,6,54.95369930192828,1.8295999616384506,20150921_131234,C_tile640
20150921_131234_image416.png,35,51,85,0,50,6,53.74840073287487,1.101000001654029,20150921_131234,C_tile640
20150921_131234_image451.png,37,61,83,0,46,6,55.555101316422224,2.347300003748387,20150921_131234,C_tile640
20150921_131234_image456.png,33,65,76,0,43,6,55.522001180797815,1.7555999802425504,20150921_131234,C_tile640
20150921_131234_image461.png,31,60,78,0,47,6,55.59610057622194,1.1109000188298523,20150921_131234,C_tile640
20150921_131234_image476.png,36,63,86,0,50,6,54.130499076098204,1.0565000120550394,20150921_131234,C_tile640
20150921_131234_image481.png,35,55,75,0,40,6,53.91859890893102,2.1355999633669853,20150921_131234,C_tile640
20150921_131234_image486.png,32,49,68,0,36,6,55.64530096203089,0.8969999616965652,20150921_131234,C_tile640
20150921_131234_image536.png,11,18,22,0,11,6,55.2204986512661,0.3276999923400581,20150921_131234,C_tile640
20150921_131234_image541.png,11,13,21,0,10,6,55.039200350642204,1.1225000489503145,20150921_131234,C_tile640
20150921_131234_image546.png,10,10,17,0,7,6,53.62789934873581,0.2671999973244965,20150921_131234,C_tile640
20150921_131234_image551.png,5,10,8,0,3,6,56.29100080579519,0.15400000847876072,20150921_131234,C_tile640
20150921_131234_image556.png,9,9,20,0,11,6,54.41900109499693,0.25949999690055847,20150921_131234,C_tile640
20150921_131234_image56.png,25,37,57,0,32,6,55.13149854913354,0.6246999837458134,20150921_131234,C_tile640
20150921_131234_image561.png,8,8,20,0,12,6,55.130701780319214,0.24540000595152378,20150921_131234,C_tile640
20150921_131234_image566.png,8,7,18,0,10,6,54.65200087055564,0.21129997912794352,20150921_131234,C_tile640
20150921_131234_image571.png,10,14,20,0,10,6,54.28340057656169,0.3079000161960721,20150921_131234,C_tile640
20150921_131234_image576.png,7,15,16,0,9,6,55.387999035418034,0.21490000654011965,20150921_131234,C_tile640
20150921_131234_image581.png,8,12,26,0,18,6,56.949199330061674,0.24560000747442245,20150921_131234,C_tile640
20150921_131234_image586.png,8,10,27,0,19,6,54.609200514853,0.25040004402399063,20150921_131234,C_tile640
20150921_131234_image591.png,5,10,19,0,14,6,55.26900011301041,0.17170002683997154,20150921_131234,C_tile640
20150921_131234_image596.png,9,13,26,0,17,6,55.03600166365504,0.5330000421963632,20150921_131234,C_tile640
20150921_131234_image6.png,52,67,134,0,82,6,59.72519892081618,2.300799998920411,20150921_131234,C_tile640
20150921_131234_image61.png,28,28,62,0,34,6,56.997899658977985,1.0331999510526657,20150921_131234,C_tile640
20150921_131234_image626.png,6,10,20,0,14,6,54.65439895913005,0.2326999674551189,20150921_131234,C_tile640
20150921_131234_image631.png,6,11,20,0,14,6,54.46329842507839,0.18699996871873736,20150921_131234,C_tile640
20150921_131234_image636.png,6,8,20,0,14,6,59.523601435124874,0.16950001008808613,20150921_131234,C_tile640
20150921_131234_image641.png,6,10,17,0,11,6,52.666899122297764,0.14659995213150978,20150921_131234,C_tile640
20150921_131234_image646.png,10,10,26,0,16,6,55.3275982812047,0.23610005155205727,20150921_131234,C_tile640
20150921_131234_image651.png,8,11,18,0,10,6,54.68379966914654,0.186299963388592,20150921_131234,C_tile640
20150921_131234_image656.png,5,9,14,0,9,6,54.49370023608208,0.1558999647386372,20150921_131234,C_tile640
20150921_131234_image66.png,27,23,53,0,26,6,53.198900397866964,0.6835999665781856,20150921_131234,C_tile640
20150921_131234_image661.png,4,6,10,0,6,6,53.79380106180906,0.1433999859727919,20150921_131234,C_tile640
20150921_131234_image666.png,5,8,7,0,2,6,55.6342993080616,0.1574999769218266,20150921_131234,C_tile640
20150921_131234_image676.png,6,11,14,0,8,6,53.05850022286177,0.17359998309984803,20150921_131234,C_tile640
20150921_131234_image681.png,3,9,6,0,3,6,58.75310177728534,0.07700000423938036,20150921_131234,C_tile640
20150921_131234_image686.png,2,5,8,0,6,6,54.88310097530484,0.0801000278443098,20150921_131234,C_tile640
20150921_131234_image86.png,29,35,74,0,45,6,56.11840183660388,0.7531999726779759,20150921_131234,C_tile640
20150921_131234_image91.png,26,56,74,0,48,6,53.729001093655825,0.6899000145494938,20150921_131234,C_tile640
20150921_131346_image1.png,71,67,317,14,246,6,56.74139830097556,5.763099994510412,20150921_131346,C_tile640
20150921_131346_image1001.png,21,4,71,3,50,6,56.35899977758527,1.35859998408705,20150921_131346,C_tile640
20150921_131346_image1006.png,15,4,52,0,37,6,58.42680076509714,0.9109000093303621,20150921_131346,C_tile640
20150921_131346_image1011.png,27,4,66,2,39,6,55.73060082644224,1.6014999710023403,20150921_131346,C_tile640
20150921_131346_image1016.png,23,4,62,2,39,6,57.98039919510484,1.1267000227235258,20150921_131346,C_tile640
20150921_131346_image1021.png,18,5,62,3,44,6,58.093700617551804,1.2685999972745776,20150921_131346,C_tile640
20150921_131346_image1026.png,20,4,65,0,45,6,55.99690046161413,1.123800000641495,20150921_131346,C_tile640
20150921_131346_image1031.png,28,3,90,0,62,6,55.85289811715484,1.375799998641014,20150921_131346,C_tile640
20150921_131346_image1036.png,29,4,81,4,52,6,55.25660068914294,1.5282999956980348,20150921_131346,C_tile640
20150921_131346_image1041.png,28,4,84,2,56,6,54.96269952133298,1.6809000517241657,20150921_131346,C_tile640
20150921_131346_image1046.png,26,4,71,4,45,6,55.050398871302605,1.7223999602720141,20150921_131346,C_tile640
20150921_131346_image1051.png,32,3,79,4,47,6,55.515001472085714,1.670900033786893,20150921_131346,C_tile640
20150921_131346_image1056.png,23,4,55,0,32,6,56.1786996871233,1.0383999906480312,20150921_131346,C_tile640
20150921_131346_image1061.png,18,4,45,1,27,6,57.24029829725623,1.0139999794773757,20150921_131346,C_tile640
20150921_131346_image1066.png,18,5,50,0,32,6,58.42940077930689,1.1410000151954591,20150921_131346,C_tile640
20150921_131346_image1071.png,23,5,70,5,47,6,54.74380077421665,1.378999964799732,20150921_131346,C_tile640
20150921_131346_image1081.png,20,3,83,8,63,6,57.12940099090338,2.7162000187672675,20150921_131346,C_tile640
20150921_131346_image11.png,74,59,325,31,251,6,59.10870010405779,7.251099974382669,20150921_131346,C_tile640
20150921_131346_image1121.png,29,14,86,7,57,6,55.19139963760972,1.52009999146685,20150921_131346,C_tile640
20150921_131346_image1126.png,30,14,92,17,62,6,56.53280086442828,1.498800003901124,20150921_131346,C_tile640
20150921_131346_image1131.png,29,13,90,19,61,6,54.77959869801998,1.5293000033125281,20150921_131346,C_tile640
20150921_131346_image1136.png,26,14,90,23,64,6,53.85169976577163,1.7925999709405005,20150921_131346,C_tile640
20150921_131346_image1141.png,29,13,124,33,95,6,53.682201005518436,1.3956999755464494,20150921_131346,C_tile640
20150921_131346_image1146.png,25,13,92,27,67,6,54.64940091967583,1.2333999620750546,20150921_131346,C_tile640
20150921_131346_image146.png,67,50,263,25,196,6,54.59949865192175,4.449299944099039,20150921_131346,C_tile640
20150921_131346_image151.png,78,67,329,54,251,6,57.69550122320652,5.6773999822326005,20150921_131346,C_tile640
20150921_131346_image16.png,76,58,296,33,220,6,56.96170024573803,5.388299992773682,20150921_131346,C_tile640
20150921_131346_image21.png,71,58,305,14,234,6,56.64649847522378,4.776799993123859,20150921_131346,C_tile640
20150921_131346_image211.png,57,57,259,35,202,6,53.76620094105601,4.066199995577335,20150921_131346,C_tile640
20150921_131346_image226.png,73,54,276,40,203,6,55.36100088432431,4.214900021906942,20150921_131346,C_tile640
20150921_131346_image256.png,65,43,248,39,183,6,57.11729970574379,4.328300012275577,20150921_131346,C_tile640
20150921_131346_image26.png,75,57,327,27,252,6,55.71569895371795,6.275400053709745,20150921_131346,C_tile640
20150921_131346_image276.png,77,42,338,12,261,6,58.996998861432076,6.574200000613928,20150921_131346,C_tile640
20150921_131346_image281.png,71,45,318,13,247,6,57.85909861326218,4.754599998705089,20150921_131346,C_tile640
20150921_131346_image31.png,72,57,331,28,259,6,56.27830031886697,4.944399988744408,20150921_131346,C_tile640
20150921_131346_image311.png,81,47,299,38,218,6,56.12039828673005,5.015100003220141,20150921_131346,C_tile640
20150921_131346_image316.png,85,45,336,37,251,6,58.3030018620193,6.283800001256168,20150921_131346,C_tile640
20150921_131346_image341.png,66,54,231,19,165,6,57.25010155886412,4.232099978253245,20150921_131346,C_tile640
20150921_131346_image36.png,71,58,311,33,240,6,59.4703017026186,7.347800012212247,20150921_131346,C_tile640
20150921_131346_image386.png,67,48,313,34,246,6,54.690301824361086,5.299600015860051,20150921_131346,C_tile640
20150921_131346_image406.png,74,55,303,21,229,6,54.57999926432967,4.440499993506819,20150921_131346,C_tile640
20150921_131346_image41.png,74,60,323,42,249,6,54.72999944165349,4.951299983076751,20150921_131346,C_tile640
20150921_131346_image411.png,93,68,395,58,302,6,54.9436993598938,5.894700007047504,20150921_131346,C_tile640
20150921_131346_image496.png,104,80,371,39,267,6,55.85859943553805,8.052199962548912,20150921_131346,C_tile640
20150921_131346_image51.png,68,66,282,23,214,6,64.25479770079255,5.586099985521287,20150921_131346,C_tile640
20150921_131346_image541.png,77,50,267,24,190,6,57.618899159133434,4.54850000096485,20150921_131346,C_tile640
20150921_131346_image56.png,66,60,250,47,184,6,59.246899615973234,3.670700010843575,20150921_131346,C_tile640
20150921_131346_image596.png,45,25,147,5,102,6,53.66619944944978,3.0462999711744487,20150921_131346,C_tile640
20150921_131346_image6.png,73,58,303,13,230,6,57.37900014594197,4.7979000373743474,20150921_131346,C_tile640
20150921_131346_image601.png,54,24,174,11,120,6,55.8771991096437,3.243299957830459,20150921_131346,C_tile640
20150921_131346_image621.png,65,45,212,20,147,6,54.4833010584116,4.644199972972274,20150921_131346,C_tile640
20150921_131346_image631.png,95,65,351,29,256,6,56.59280167892575,6.121299986261874,20150921_131346,C_tile640
20150921_131346_image701.png,89,67,369,26,280,6,55.86490051820874,5.766100017353892,20150921_131346,C_tile640
20150921_131346_image706.png,94,68,382,24,288,6,55.91260029003024,7.408500008750707,20150921_131346,C_tile640
20150921_131346_image711.png,100,64,372,19,272,6,55.91569932550192,7.12199998088181,20150921_131346,C_tile640
20150921_131346_image721.png,89,70,324,14,235,6,57.21809811145067,5.999199987854809,20150921_131346,C_tile640
20150921_131346_image736.png,93,71,365,29,272,6,56.27759812399745,6.1913999961689115,20150921_131346,C_tile640
20150921_131346_image756.png,97,61,364,30,267,6,59.57599848508835,7.295300019904971,20150921_131346,C_tile640
20150921_131346_image776.png,95,59,270,21,175,6,57.214000068604946,6.165099970530719,20150921_131346,C_tile640
20150921_131346_image786.png,78,50,235,12,157,6,56.29969860240817,5.064500030130148,20150921_131346,C_tile640
20150921_131346_image81.png,29,18,110,17,81,6,56.12550128251314,1.5724999830126762,20150921_131346,C_tile640
20150921_131346_image816.png,38,24,162,15,124,6,56.34129873663187,2.153600042220205,20150921_131346,C_tile640
20150921_131346_image821.png,43,22,175,10,132,6,55.115899965167046,2.603899978566915,20150921_131346,C_tile640
20150921_131346_image831.png,41,23,176,24,135,6,56.00329913198948,2.551599987782538,20150921_131346,C_tile640
20150921_131346_image841.png,52,32,237,2,185,6,55.64119953289628,3.681899979710579,20150921_131346,C_tile640
20150921_131346_image846.png,46,23,197,3,151,6,54.50080069899559,2.702099969610572,20150921_131346,C_tile640
20150921_131346_image851.png,48,26,193,20,145,6,54.89030181989074,2.6591999921947718,20150921_131346,C_tile640
20150921_131346_image856.png,52,23,233,17,181,6,55.47009978815913,3.0838000238873065,20150921_131346,C_tile640
20150921_131346_image876.png,70,37,241,13,171,6,56.46920167654753,4.413499962538481,20150921_131346,C_tile640
20150921_131346_image881.png,66,29,249,24,183,6,54.43289885669947,3.515500051435083,20150921_131346,C_tile640
20150921_131346_image891.png,59,27,219,23,160,6,57.163101118057966,3.038100025150925,20150921_131346,C_tile640
20150921_131346_image906.png,47,24,153,18,106,6,56.21280016377568,3.1430000090040267,20150921_131346,C_tile640
20150921_131346_image911.png,41,23,142,12,101,6,60.01449817791581,1.9676999654620886,20150921_131346,C_tile640
20150921_131346_image926.png,32,11,110,6,78,6,54.59089841321111,1.5377000090666115,20150921_131346,C_tile640
20150921_131346_image931.png,22,13,80,2,58,6,54.161700293421745,1.1538999970071018,20150921_131346,C_tile640
20150921_131346_image936.png,17,7,64,13,47,6,56.074500400573015,0.8768000407144427,20150921_131346,C_tile640
20150921_131346_image941.png,16,9,69,10,53,6,55.207098446786404,0.8109999471344054,20150921_131346,C_tile640
20150921_131346_image946.png,21,6,100,15,79,6,55.34750060737133,1.0905999806709588,20150921_131346,C_tile640
20150921_131346_image951.png,22,8,88,18,66,6,59.95490009337664,1.0415000142529607,20150921_131346,C_tile640
20150921_131346_image956.png,21,7,65,4,44,6,54.68319857120514,1.1152999941259623,20150921_131346,C_tile640
20150921_131346_image961.png,16,6,66,3,50,6,55.876098573207855,0.8368000271730125,20150921_131346,C_tile640
20150921_131346_image966.png,16,5,54,2,38,6,53.74900099262595,0.7649000035598874,20150921_131346,C_tile640
20150921_131346_image971.png,16,4,70,0,54,6,54.070799589157104,0.7375999703072011,20150921_131346,C_tile640
20150921_131346_image976.png,16,5,55,0,39,6,55.26989982277155,0.833099998999387,20150921_131346,C_tile640
20150921_131346_image981.png,19,6,79,4,60,6,56.40990029275417,1.0795999551191926,20150921_131346,C_tile640
20150921_131346_image986.png,17,6,64,7,47,6,56.62740072607994,0.9027000050991774,20150921_131346,C_tile640
20150921_131346_image991.png,23,5,64,0,41,6,55.63920012488961,1.0847999947145581,20150921_131346,C_tile640
20150921_131346_image996.png,18,5,64,5,46,6,55.80859940126538,0.8907000301405787,20150921_131346,C_tile640
20150921_131453_image1.png,85,71,342,16,257,6,56.690699595957994,6.300400011241436,20150921_131453,C_tile640
20150921_131453_image101.png,82,47,327,28,245,6,56.798301342874765,5.030700005590916,20150921_131453,C_tile640
20150921_131453_image1021.png,109,64,363,26,254,6,56.0824003405869,6.701800040900707,20150921_131453,C_tile640
20150921_131453_image1056.png,82,56,320,46,238,6,56.80810181051493,4.777599999215454,20150921_131453,C_tile640
20150921_131453_image106.png,71,40,320,40,249,6,58.26900092512369,4.118700046092272,20150921_131453,C_tile640
20150921_131453_image1066.png,81,39,300,19,219,6,56.56869848817587,5.204199987929314,20150921_131453,C_tile640
20150921_131453_image1071.png,77,30,281,12,204,6,57.35799968987703,4.636800033040345,20150921_131453,C_tile640
20150921_131453_image1076.png,76,32,346,22,270,6,55.08320115879178,6.026799965184182,20150921_131453,C_tile640
20150921_131453_image1081.png,94,52,435,24,341,6,57.02339978516102,7.090700033586472,20150921_131453,C_tile640
20150921_131453_image1086.png,77,45,346,11,269,6,54.71210006251931,5.89380000019446,20150921_131453,C_tile640
20150921_131453_image1096.png,65,39,326,19,261,6,57.17120135575533,4.69219998922199,20150921_131453,C_tile640
20150921_131453_image11.png,85,53,335,20,250,6,55.925200782716274,6.015999999362975,20150921_131453,C_tile640
20150921_131453_image1101.png,63,34,275,22,212,6,54.19010045751929,3.9729999843984842,20150921_131453,C_tile640
20150921_131453_image1111.png,56,37,315,21,259,6,53.61749992147088,3.9048000471666455,20150921_131453,C_tile640
20150921_131453_image1116.png,64,35,291,11,227,6,54.333399802446365,4.362199979368597,20150921_131453,C_tile640
20150921_131453_image1121.png,65,35,312,23,247,6,55.46660112962127,4.364599997643381,20150921_131453,C_tile640
20150921_131453_image1126.png,60,38,281,5,221,6,54.67669829726219,4.804200027137995,20150921_131453,C_tile640
20150921_131453_image1141.png,70,48,340,25,270,6,56.617799393832684,4.712400026619434,20150921_131453,C_tile640
20150921_131453_image1161.png,72,47,375,30,303,6,54.77510039135814,5.219099984969944,20150921_131453,C_tile640
20150921_131453_image1196.png,69,45,323,39,254,6,53.891798224300146,8.111600007396191,20150921_131453,C_tile640
20150921_131453_image1201.png,85,49,338,44,253,6,56.1470987200737,6.412099988665432,20150921_131453,C_tile640
20150921_131453_image1211.png,80,44,367,32,287,6,53.97779833897948,5.433499987702817,20150921_131453,C_tile640
20150921_131453_image1241.png,87,52,388,42,301,6,54.77129954844713,5.729599972255528,20150921_131453,C_tile640
20150921_131453_image16.png,84,54,317,26,233,6,58.01930149272084,5.193200020585209,20150921_131453,C_tile640
20150921_131453_image171.png,80,43,277,29,197,6,56.05820048227906,5.391099955886602,20150921_131453,C_tile640
20150921_131453_image176.png,80,46,274,28,194,6,55.311601273715496,5.350299994461238,20150921_131453,C_tile640
20150921_131453_image181.png,96,50,358,37,262,6,55.515800677239895,5.623799981549382,20150921_131453,C_tile640
20150921_131453_image186.png,82,52,294,36,212,6,57.48529940471053,6.251800048630685,20150921_131453,C_tile640
20150921_131453_image196.png,95,55,349,31,254,6,54.64220031350851,6.080900027882308,20150921_131453,C_tile640
20150921_131453_image201.png,91,63,325,19,234,6,55.70310151576996,6.845299969427288,20150921_131453,C_tile640
20150921_131453_image21.png,89,49,322,21,233,6,57.19210126623511,5.4706999799236655,20150921_131453,C_tile640
20150921_131453_image211.png,93,58,429,31,336,6,56.15490031987429,8.970200025942177,20150921_131453,C_tile640
20150921_131453_image221.png,88,48,362,21,274,6,55.08399956300855,6.07750000199303,20150921_131453,C_tile640
20150921_131453_image231.png,89,47,348,24,259,6,56.0269989669323,6.3192000379785895,20150921_131453,C_tile640
20150921_131453_image236.png,89,46,358,23,269,6,55.41189840808511,6.622700020670891,20150921_131453,C_tile640
20150921_131453_image251.png,94,37,329,33,235,6,56.07210149616003,5.5262999958358705,20150921_131453,C_tile640
20150921_131453_image26.png,74,48,307,39,233,6,55.36090077087283,5.903900018893182,20150921_131453,C_tile640
20150921_131453_image281.png,72,40,278,32,206,6,56.98679970949888,4.120600002352148,20150921_131453,C_tile640
20150921_131453_image31.png,93,47,355,25,262,6,55.63159932941198,5.269200017210096,20150921_131453,C_tile640
20150921_131453_image36.png,82,47,330,24,248,6,55.04379891604185,5.573999951593578,20150921_131453,C_tile640
20150921_131453_image391.png,127,82,502,56,375,6,56.23709861189127,11.849200003780425,20150921_131453,C_tile640
20150921_131453_image401.png,123,93,505,70,382,6,55.59229815751314,10.500600037630647,20150921_131453,C_tile640
20150921_131453_image41.png,91,50,358,38,267,6,56.513200640678406,6.725599989295006,20150921_131453,C_tile640
20150921_131453_image46.png,83,46,357,42,274,6,56.80079943686724,5.678799992892891,20150921_131453,C_tile640
20150921_131453_image6.png,89,48,338,20,249,6,55.12539882585406,5.793299991637468,20150921_131453,C_tile640
20150921_131453_image601.png,165,35,562,44,397,6,59.53179866448045,13.561700005084276,20150921_131453,C_tile640
20150921_131453_image611.png,134,21,402,18,268,6,58.02859924733639,9.041000041179359,20150921_131453,C_tile640
20150921_131453_image626.png,124,16,402,22,278,6,57.65699866041541,8.12499999301508,20150921_131453,C_tile640
20150921_131453_image631.png,172,18,545,45,373,6,57.494600765407085,12.894100043922663,20150921_131453,C_tile640
20150921_131453_image636.png,144,16,439,17,295,6,54.14880008250475,10.005699994508177,20150921_131453,C_tile640
20150921_131453_image641.png,140,20,423,23,283,6,56.21829895302653,9.06599999871105,20150921_131453,C_tile640
20150921_131453_image646.png,126,21,424,25,298,6,55.272801749408245,8.179299999028444,20150921_131453,C_tile640
20150921_131453_image651.png,120,29,378,38,258,6,55.617998871952295,8.641500025987625,20150921_131453,C_tile640
20150921_131453_image66.png,79,35,256,16,177,6,54.573599606752396,4.188999999314547,20150921_131453,C_tile640
20150921_131453_image661.png,156,31,466,27,310,6,59.827800653874874,10.189399996306747,20150921_131453,C_tile640
20150921_131453_image666.png,117,23,379,38,262,6,55.23219998553395,6.9815999595448375,20150921_131453,C_tile640
20150921_131453_image671.png,112,19,362,26,250,6,55.006499864161015,7.290699984878302,20150921_131453,C_tile640
20150921_131453_image676.png,115,30,356,18,241,6,55.64889872074127,6.909399991855025,20150921_131453,C_tile640
20150921_131453_image681.png,124,34,403,33,279,6,54.951201774179935,10.480600001756102,20150921_131453,C_tile640
20150921_131453_image686.png,111,33,313,26,202,6,58.02189880236983,5.853299982845783,20150921_131453,C_tile640
20150921_131453_image691.png,144,30,484,33,340,6,57.825701769441366,10.97120001213625,20150921_131453,C_tile640
20150921_131453_image701.png,118,27,389,26,271,6,55.44030046090484,8.53420002385974,20150921_131453,C_tile640
20150921_131453_image711.png,116,26,384,29,268,6,56.04159891605377,12.961899978108704,20150921_131453,C_tile640
20150921_131453_image721.png,145,29,493,29,348,6,55.68659935891628,16.41179999569431,20150921_131453,C_tile640
20150921_131453_image731.png,122,30,403,26,281,6,54.36129994690418,7.82729999627918,20150921_131453,C_tile640
20150921_131453_image746.png,152,54,489,43,337,6,54.30189993977547,10.306799958925694,20150921_131453,C_tile640
20150921_131453_image76.png,74,34,275,18,201,6,55.87230160087347,4.9937000148929656,20150921_131453,C_tile640
20150921_131453_image801.png,127,70,519,26,392,6,63.34220179915428,8.714600000530481,20150921_131453,C_tile640
20150921_131453_image81.png,71,35,284,36,213,6,59.49379990622401,4.359999962616712,20150921_131453,C_tile640
20150921_131453_image831.png,111,54,454,22,343,6,55.05809888616204,7.405500044114888,20150921_131453,C_tile640
20150921_131453_image841.png,110,54,464,50,354,6,53.85440159961581,9.337899973616004,20150921_131453,C_tile640
20150921_131453_image86.png,64,36,245,33,181,6,56.50010108202696,3.5339000169187784,20150921_131453,C_tile640
20150921_131453_image891.png,108,58,400,37,292,6,54.07039987668395,7.248500012792647,20150921_131453,C_tile640
20150921_131453_image936.png,119,44,472,23,353,6,55.26559899747372,7.722499954979867,20150921_131453,C_tile640
20150921_131453_image946.png,97,44,374,21,277,6,55.08229983225465,6.6300000180490315,20150921_131453,C_tile640
20150921_131453_image951.png,97,54,392,34,295,6,56.14860005304217,6.112400034908205,20150921_131453,C_tile640
20150921_131453_image96.png,79,38,327,28,248,6,57.08399931713939,5.267099943011999,20150921_131453,C_tile640
20150921_131453_image966.png,94,43,407,26,313,6,54.28600109368563,7.152999984100461,20150921_131453,C_tile640
20150921_131453_image986.png,98,46,379,22,281,6,54.66390083357692,6.245600001420826,20150921_131453,C_tile640
20150921_131453_image991.png,100,57,429,29,329,6,57.73909967765212,6.08339998871088,20150921_131453,C_tile640
20150921_131453_image996.png,106,57,439,36,333,6,52.805400751531124,7.595400034915656,20150921_131453,C_tile640
20150921_131729_image1.png,15,11,69,3,54,6,54.56550016626716,0.9913999820128083,20150921_131729,C_tile640
20150921_131729_image11.png,17,11,63,8,46,6,54.45170100405812,0.9156999876722693,20150921_131729,C_tile640
20150921_131729_image116.png,27,21,158,12,131,6,55.47869920730591,1.6691000200808048,20150921_131729,C_tile640
20150921_131729_image166.png,13,10,63,5,50,6,58.04129862040281,0.7203000131994486,20150921_131729,C_tile640
20150921_131729_image171.png,16,8,64,9,48,6,57.13250123336911,0.8548999903723598,20150921_131729,C_tile640
20150921_131729_image176.png,20,8,70,10,50,6,55.821100667119026,1.284700003452599,20150921_131729,C_tile640
20150921_131729_image21.png,15,11,75,14,60,6,55.037999998778105,1.3722999719902873,20150921_131729,C_tile640
20150921_131729_image251.png,62,39,275,47,213,6,53.92670023068786,5.980099958833307,20150921_131729,C_tile640
20150921_131729_image256.png,63,43,260,11,197,6,55.29440048709512,5.525599990505725,20150921_131729,C_tile640
20150921_131729_image281.png,48,41,297,22,249,6,54.98489911854267,3.2470999867655337,20150921_131729,C_tile640
20150921_131729_image286.png,47,41,295,43,248,6,54.545501347631216,3.198100021108985,20150921_131729,C_tile640
20150921_131729_image291.png,46,39,289,39,243,6,55.42440102621913,3.2798000029288232,20150921_131729,C_tile640
20150921_131729_image306.png,54,43,252,16,198,6,54.904099229723215,3.644999989774078,20150921_131729,C_tile640
20150921_131729_image311.png,48,38,251,32,203,6,53.486198864877224,3.3110000076703727,20150921_131729,C_tile640
20150921_131729_image366.png,43,38,174,19,131,6,54.17880128696561,2.2769999923184514,20150921_131729,C_tile640
20150921_131729_image391.png,38,17,116,2,78,6,54.544799134135246,2.070199989248067,20150921_131729,C_tile640
20150921_131729_image396.png,44,17,158,8,114,6,54.33359898626804,2.622300002258271,20150921_131729,C_tile640
20150921_131729_image421.png,41,13,124,9,83,6,55.303398832678795,2.9234999674372375,20150921_131729,C_tile640
20150921_131729_image426.png,38,14,122,7,84,6,55.38050013780594,1.9762999727390707,20150921_131729,C_tile640
20150921_131729_image451.png,62,46,242,26,180,6,55.047600477933884,3.5225999890826643,20150921_131729,C_tile640
20150921_131729_image471.png,62,46,309,44,247,6,54.50660180300474,4.16019995464012,20150921_131729,C_tile640
20150921_131729_image486.png,58,45,250,11,192,6,57.62480179592967,3.974699997343123,20150921_131729,C_tile640
20150921_131729_image491.png,49,42,228,21,179,6,53.449400920420885,2.9482999816536903,20150921_131729,C_tile640
20150921_131729_image501.png,47,39,241,27,194,6,57.1058016307652,3.1728000030852854,20150921_131729,C_tile640
20150921_131729_image551.png,64,40,226,14,162,6,54.28099896013737,3.9497000398114324,20150921_131729,C_tile640
20150921_131729_image556.png,55,34,250,21,195,6,54.798000782728195,3.6494999658316374,20150921_131729,C_tile640
20150921_131729_image6.png,15,10,58,12,43,6,56.84419949352741,0.7267000037245452,20150921_131729,C_tile640
20150921_131729_image656.png,59,45,222,6,163,6,54.91180080920458,3.527799970470369,20150921_131729,C_tile640
20150921_131729_image661.png,58,42,228,12,170,6,55.180699340999126,3.7252000183798373,20150921_131729,C_tile640
20150921_131729_image676.png,56,46,238,19,182,6,55.4470998570323,3.8070999435149133,20150921_131729,C_tile640
20150921_131729_image71.png,24,19,138,9,114,6,68.76659630984068,1.408600015565753,20150921_131729,C_tile640
20150921_131729_image771.png,88,56,282,19,194,6,56.59220141172409,5.320199998095632,20150921_131729,C_tile640
20150921_131729_image806.png,65,48,192,13,127,6,55.7023990303278,4.030299955047667,20150921_131729,C_tile640
20150921_131729_image826.png,67,46,230,11,163,6,54.14770170301199,4.100100020878017,20150921_131729,C_tile640
20150921_132245_image1.png,96,18,344,29,248,6,54.56739988178015,5.739899992477149,20150921_132245,C_tile640
20150921_132245_image1001.png,36,7,116,9,80,6,54.87100017815828,1.889500010292977,20150921_132245,C_tile640
20150921_132245_image101.png,132,75,438,39,306,6,63.26820119097829,9.479700005613267,20150921_132245,C_tile640
20150921_132245_image1101.png,41,24,175,20,134,6,57.91310108080506,2.1773999906145036,20150921_132245,C_tile640
20150921_132245_image1166.png,95,22,337,33,242,6,54.91190114244819,5.159399996045977,20150921_132245,C_tile640
20150921_132245_image201.png,80,35,333,17,253,6,57.26629909873009,4.598100029397756,20150921_132245,C_tile640
20150921_132245_image261.png,108,32,326,40,218,6,55.45449981093407,6.434699986129999,20150921_132245,C_tile640
20150921_132245_image301.png,120,37,421,18,301,6,56.461099814623594,8.171699999365956,20150921_132245,C_tile640
20150921_132245_image396.png,74,22,345,39,271,6,54.36689993739128,4.778700007591397,20150921_132245,C_tile640
20150921_132245_image401.png,92,34,355,43,263,6,53.87519934773445,6.334399979095906,20150921_132245,C_tile640
20150921_132245_image446.png,93,30,343,33,250,6,52.85339942574501,5.254100018646568,20150921_132245,C_tile640
20150921_132245_image46.png,76,13,263,23,187,6,54.012101735919714,4.553499980829656,20150921_132245,C_tile640
20150921_132245_image501.png,91,41,348,33,257,6,54.67680049315095,5.952799983788282,20150921_132245,C_tile640
20150921_132245_image531.png,80,20,225,23,145,6,53.88319876417518,4.114300012588501,20150921_132245,C_tile640
20150921_132245_image601.png,129,37,434,25,305,6,55.58710091933608,7.256700017023832,20150921_132245,C_tile640
20150921_132245_image656.png,61,9,211,31,150,6,55.524500869214535,3.3346000127494335,20150921_132245,C_tile640
20150921_132245_image701.png,31,5,112,15,81,6,54.1724007576704,1.5764999552629888,20150921_132245,C_tile640
20150921_132245_image751.png,40,7,147,18,107,6,55.28699864819646,2.4102000170387328,20150921_132245,C_tile640
20150921_132245_image786.png,54,6,196,16,142,6,54.55779990181327,3.7054999847896397,20150921_132245,C_tile640
20150921_132245_image801.png,51,8,158,7,107,6,53.08389812707901,2.8651999891735613,20150921_132245,C_tile640
20150921_132245_image836.png,49,8,205,22,156,6,53.51850117743015,2.9765000217594206,20150921_132245,C_tile640
20150921_132245_image901.png,50,9,152,15,102,6,55.83289982005954,2.6798000326380134,20150921_132245,C_tile640
20150921_132245_image976.png,44,5,112,2,68,6,55.69569905847311,2.10829998832196,20150921_132245,C_tile640
20150921_131625_image1.png,58,61,170,0,112,6,54.7856980971992,1.6651999903842807,20150921_131625,C_tile640
20150921_131625_image1001.png,63,60,196,0,133,6,57.29880182445049,1.8456000252626836,20150921_131625,C_tile640
20150921_131625_image1051.png,69,53,213,0,144,6,54.18590101972222,1.8749000155366957,20150921_131625,C_tile640
20150921_131625_image1056.png,55,45,167,0,112,6,54.92009944468737,1.561800017952919,20150921_131625,C_tile640
20150921_131625_image1091.png,59,50,149,0,90,6,58.744700487703085,1.5894999960437417,20150921_131625,C_tile640
20150921_131625_image1096.png,59,47,157,0,98,6,54.50970183312893,1.4776000170968473,20150921_131625,C_tile640
20150921_131625_image1101.png,55,50,146,0,91,6,56.1878988109529,1.4318000175990164,20150921_131625,C_tile640
20150921_131625_image1111.png,60,53,149,0,89,6,58.981301095336676,1.7562999855726957,20150921_131625,C_tile640
20150921_131625_image156.png,72,58,197,0,125,6,56.19899931922555,2.150000014808029,20150921_131625,C_tile640
20150921_131625_image161.png,72,57,194,0,122,6,57.13370146974921,2.132499997969717,20150921_131625,C_tile640
20150921_131625_image186.png,64,45,180,0,116,6,56.52359878271818,1.5873000374995172,20150921_131625,C_tile640
20150921_131625_image201.png,66,47,182,0,116,6,57.071099665015936,1.5251999720931053,20150921_131625,C_tile640
20150921_131625_image226.png,63,47,171,0,108,6,53.94139823690057,1.7325999797321856,20150921_131625,C_tile640
20150921_131625_image236.png,55,48,151,0,96,6,54.01929980888963,1.4596999972127378,20150921_131625,C_tile640
20150921_131625_image271.png,81,73,204,0,123,6,55.41800106316805,2.1465999889187515,20150921_131625,C_tile640
20150921_131625_image301.png,87,93,261,0,174,6,54.666601080447435,2.1841999841853976,20150921_131625,C_tile640
20150921_131625_image306.png,86,87,230,0,144,6,53.730600509792566,2.6834000018425286,20150921_131625,C_tile640
20150921_131625_image31.png,86,61,226,0,140,6,55.75640120357275,2.966600004583597,20150921_131625,C_tile640
20150921_131625_image336.png,97,96,271,0,174,6,56.457100085914135,2.6794999721460044,20150921_131625,C_tile640
20150921_131625_image361.png,90,100,225,0,135,6,55.72700110822916,2.4634000146761537,20150921_131625,C_tile640
20150921_131625_image441.png,84,78,195,0,111,6,55.899900052696466,2.2063000360503793,20150921_131625,C_tile640
20150921_131625_image471.png,86,92,231,0,145,6,54.96529867872596,2.246800053399056,20150921_131625,C_tile640
20150921_131625_image501.png,115,103,330,0,215,6,58.473999831825495,3.499199985526502,20150921_131625,C_tile640
20150921_131625_image511.png,118,98,352,0,234,6,56.25029908493161,3.8031000294722617,20150921_131625,C_tile640
20150921_131625_image546.png,97,98,234,0,137,6,54.847600255161524,2.7624000213108957,20150921_131625,C_tile640
20150921_131625_image636.png,81,46,234,0,153,6,55.500500440597534,2.4059999850578606,20150921_131625,C_tile640
20150921_131625_image641.png,93,43,261,0,168,6,55.928600788116455,2.4624000070616603,20150921_131625,C_tile640
20150921_131625_image646.png,83,39,215,0,132,6,56.85800078883767,2.3318000021390617,20150921_131625,C_tile640
20150921_131625_image651.png,102,37,236,0,134,6,56.620299112051725,2.4295999901369214,20150921_131625,C_tile640
20150921_131625_image656.png,93,36,235,0,142,6,54.675699938088655,2.882900007534772,20150921_131625,C_tile640
20150921_131625_image661.png,94,32,211,0,117,6,54.721398919820786,2.812199993059039,20150921_131625,C_tile640
20150921_131625_image666.png,82,30,198,0,116,6,59.657200288027525,2.4000999983400106,20150921_131625,C_tile640
20150921_131625_image671.png,87,27,201,0,114,6,56.20330063253641,2.471499959938228,20150921_131625,C_tile640
20150921_131625_image676.png,80,29,195,0,115,6,54.56249960511923,2.8723999857902527,20150921_131625,C_tile640
20150921_131625_image681.png,76,33,189,0,113,6,56.14550033956766,1.8454999662935734,20150921_131625,C_tile640
20150921_131625_image686.png,89,37,226,0,137,6,52.29789913445711,2.8389000217430294,20150921_131625,C_tile640
20150921_131625_image691.png,85,42,212,0,127,6,56.82320149615407,2.232200000435114,20150921_131625,C_tile640
20150921_131625_image696.png,73,36,170,0,97,6,52.72489971667528,1.9608000293374062,20150921_131625,C_tile640
20150921_131625_image701.png,61,28,149,0,88,6,55.19129851832986,1.4182999730110168,20150921_131625,C_tile640
20150921_131625_image706.png,64,27,153,0,89,6,55.97239899262786,2.5868999655358493,20150921_131625,C_tile640
20150921_131625_image711.png,75,27,164,0,89,6,54.37649882212281,1.887999998871237,20150921_131625,C_tile640
20150921_131625_image726.png,54,34,141,0,87,6,56.01100009307265,1.5291000017896295,20150921_131625,C_tile640
20150921_131625_image746.png,96,63,239,0,143,6,56.23490132391453,2.4084000033326447,20150921_131625,C_tile640
20150921_131625_image751.png,104,63,244,0,140,6,59.01920161396265,3.107300028204918,20150921_131625,C_tile640
20150921_131625_image76.png,62,40,162,0,100,6,57.38920145481825,1.8215999589301646,20150921_131625,C_tile640
20150921_131625_image801.png,79,73,260,0,181,6,54.40820164605975,2.752100001089275,20150921_131625,C_tile640
20150921_131625_image806.png,84,80,259,0,175,6,57.6829009950161,2.223299990873784,20150921_131625,C_tile640
20150921_131625_image851.png,91,95,228,0,137,6,54.166198905557394,2.436899987515062,20150921_131625,C_tile640
20150921_131625_image881.png,80,81,213,0,133,6,56.92569962888956,2.1847000462003052,20150921_131625,C_tile640
20150921_131625_image906.png,90,80,247,0,157,6,54.405200853943825,2.1895000245422125,20150921_131625,C_tile640
20150921_131625_image91.png,62,39,170,0,108,6,56.04949938878417,1.5285999979823828,20150921_131625,C_tile640
20150921_131625_image966.png,97,85,215,0,118,6,54.676598854362965,2.535899984650314,20150921_131625,C_tile640
20150921_131833_image1.png,30,26,87,0,57,6,57.07350041717291,0.7433000137098134,20150921_131833,C_tile640
20150921_131833_image101.png,33,20,77,0,44,6,55.62609877809882,0.8299000328406692,20150921_131833,C_tile640
20150921_131833_image106.png,32,16,74,0,42,6,57.67140083387494,1.1341999634169042,20150921_131833,C_tile640
20150921_131833_image11.png,26,27,91,0,65,6,55.07730174437165,0.7652000058442354,20150921_131833,C_tile640
20150921_131833_image111.png,32,13,77,0,45,6,56.51349871978164,0.8945000008679926,20150921_131833,C_tile640
20150921_131833_image116.png,43,11,72,0,29,6,55.71299949288368,1.13060005242005,20150921_131833,C_tile640
20150921_131833_image121.png,39,8,86,0,47,6,56.36339833587408,0.9266000124625862,20150921_131833,C_tile640
20150921_131833_image126.png,26,4,60,0,34,6,53.761500131338835,0.6086999783292413,20150921_131833,C_tile640
20150921_131833_image131.png,24,6,59,0,35,6,55.6990998275578,0.5203000036999583,20150921_131833,C_tile640
20150921_131833_image136.png,29,7,75,0,46,6,56.47770082950592,0.8717000018805265,20150921_131833,C_tile640
20150921_131833_image141.png,23,6,53,0,30,6,55.67380102723837,0.563400040846318,20150921_131833,C_tile640
20150921_131833_image146.png,28,12,73,0,45,6,55.49610070511699,0.6264999974519014,20150921_131833,C_tile640
20150921_131833_image151.png,50,22,116,0,66,6,56.461301412433386,1.1972000356763601,20150921_131833,C_tile640
20150921_131833_image156.png,35,30,77,0,42,6,55.038801066577435,0.7739000138826668,20150921_131833,C_tile640
20150921_131833_image16.png,27,26,89,0,62,6,55.92869999632239,0.6019999855197966,20150921_131833,C_tile640
20150921_131833_image161.png,45,41,97,0,52,6,55.50769905745983,1.1202999739907682,20150921_131833,C_tile640
20150921_131833_image166.png,58,38,135,0,77,6,58.26099959388375,1.5971999964676797,20150921_131833,C_tile640
20150921_131833_image171.png,50,43,123,0,73,6,55.77380032837391,1.3557999627664685,20150921_131833,C_tile640
20150921_131833_image181.png,60,45,145,0,85,6,55.76079984754324,1.6060000052675605,20150921_131833,C_tile640
20150921_131833_image186.png,60,45,151,0,91,6,56.23230158537626,2.6322000194340944,20150921_131833,C_tile640
20150921_131833_image191.png,57,39,142,0,85,6,54.929699908941984,1.3469000114127994,20150921_131833,C_tile640
20150921_131833_image196.png,51,40,133,0,82,6,56.12719878554344,1.3070999993942678,20150921_131833,C_tile640
20150921_131833_image201.png,49,40,130,0,81,6,55.15269896760583,1.1986999888904393,20150921_131833,C_tile640
20150921_131833_image21.png,35,25,97,0,62,6,58.27950084581971,0.8379000355489552,20150921_131833,C_tile640
20150921_131833_image216.png,57,40,134,0,77,6,55.76500120386481,1.574499998241663,20150921_131833,C_tile640
20150921_131833_image221.png,64,42,172,0,108,6,54.89090063422918,1.8891999498009682,20150921_131833,C_tile640
20150921_131833_image241.png,77,51,209,0,132,6,55.340898644179106,2.1776999928988516,20150921_131833,C_tile640
20150921_131833_image246.png,64,52,187,0,123,6,54.92589910700917,1.5657999902032316,20150921_131833,C_tile640
20150921_131833_image26.png,36,23,108,0,72,6,58.176501877605915,0.8288000244647264,20150921_131833,C_tile640
20150921_131833_image266.png,57,44,176,0,119,6,56.19980177655816,1.476299948990345,20150921_131833,C_tile640
20150921_131833_image271.png,65,49,189,0,124,6,52.86940101161599,1.6863999771885574,20150921_131833,C_tile640
20150921_131833_image276.png,54,48,157,0,103,6,55.47750059142709,1.402400026563555,20150921_131833,C_tile640
20150921_131833_image281.png,53,43,163,0,110,6,54.63229850679636,1.4015999622642994,20150921_131833,C_tile640
20150921_131833_image286.png,57,45,160,0,103,6,54.92880183458328,1.5546000213362277,20150921_131833,C_tile640
20150921_131833_image296.png,56,43,149,0,93,6,55.47629836201668,1.692800025921315,20150921_131833,C_tile640
20150921_131833_image31.png,38,26,112,0,74,6,56.14160014688969,1.8053000094369054,20150921_131833,C_tile640
20150921_131833_image311.png,53,39,129,0,76,6,53.721199460327625,1.5981000033207238,20150921_131833,C_tile640
20150921_131833_image316.png,50,31,121,0,71,6,54.01730118319392,1.2781000114046037,20150921_131833,C_tile640
20150921_131833_image321.png,44,39,104,0,60,6,54.4748999774456,1.082399976439774,20150921_131833,C_tile640
20150921_131833_image326.png,42,28,90,0,48,6,55.139699533581734,1.1171000078320503,20150921_131833,C_tile640
20150921_131833_image331.png,50,26,112,0,62,6,58.53800002112985,1.3697999529540539,20150921_131833,C_tile640
20150921_131833_image336.png,37,24,79,0,42,6,58.027099791914225,1.0766999912448227,20150921_131833,C_tile640
20150921_131833_image341.png,40,22,85,0,45,6,55.241400212049484,0.9299999801442027,20150921_131833,C_tile640
20150921_131833_image346.png,47,29,119,0,72,6,57.036599442362785,1.1681999894790351,20150921_131833,C_tile640
20150921_131833_image351.png,43,30,101,0,58,6,55.99579991400242,0.9673000313341618,20150921_131833,C_tile640
20150921_131833_image356.png,49,29,108,0,59,6,56.96640004962683,1.1876999633386731,20150921_131833,C_tile640
20150921_131833_image36.png,35,26,112,0,77,6,58.18550018966198,1.0238999966531992,20150921_131833,C_tile640
20150921_131833_image366.png,49,31,120,0,71,6,55.742201544344425,1.1632999521680176,20150921_131833,C_tile640
20150921_131833_image371.png,45,41,117,0,72,6,55.481301356107,1.0648000170476735,20150921_131833,C_tile640
20150921_131833_image381.png,47,37,105,0,58,6,54.13989927992225,2.3446999839507043,20150921_131833,C_tile640
20150921_131833_image386.png,43,30,100,0,57,6,54.527301624417305,1.0389999952167273,20150921_131833,C_tile640
20150921_131833_image391.png,51,30,112,0,61,6,55.72460190579295,1.2657999759539962,20150921_131833,C_tile640
20150921_131833_image396.png,54,32,121,0,67,6,54.84390111640096,1.866999955382198,20150921_131833,C_tile640
20150921_131833_image401.png,55,31,113,0,58,6,55.21089870110154,1.8291000160388649,20150921_131833,C_tile640
20150921_131833_image406.png,50,38,113,0,63,6,55.68420126661658,1.3339999713934958,20150921_131833,C_tile640
20150921_131833_image41.png,27,20,84,0,57,6,56.07470014318824,0.6397999823093414,20150921_131833,C_tile640
20150921_131833_image411.png,51,39,127,0,76,6,54.51889844983816,1.2103999615646899,20150921_131833,C_tile640
20150921_131833_image416.png,46,36,120,0,74,6,53.29059997946024,1.1839999933727086,20150921_131833,C_tile640
20150921_131833_image421.png,52,44,153,0,101,6,59.59449817985296,1.3876999728381634,20150921_131833,C_tile640
20150921_131833_image431.png,51,47,154,0,103,6,60.00920122861862,1.434899982996285,20150921_131833,C_tile640
20150921_131833_image436.png,50,45,157,0,107,6,56.92210157215595,2.07280000904575,20150921_131833,C_tile640
20150921_131833_image446.png,51,48,159,0,108,6,56.21209812536836,1.495799981057644,20150921_131833,C_tile640
20150921_131833_image451.png,63,49,186,0,123,6,53.756799306720495,1.9417000003159046,20150921_131833,C_tile640
20150921_131833_image46.png,34,23,100,0,66,6,59.501299913972616,0.9060000302270055,20150921_131833,C_tile640
20150921_131833_image466.png,59,55,185,0,126,6,54.76940118521452,1.5249999705702066,20150921_131833,C_tile640
20150921_131833_image471.png,69,56,190,0,121,6,55.11840099096298,2.7080000145360827,20150921_131833,C_tile640
20150921_131833_image51.png,39,23,107,0,68,6,58.1133983284235,1.0062999790534377,20150921_131833,C_tile640
20150921_131833_image511.png,64,51,178,0,114,6,58.30639960989356,1.6989000141620636,20150921_131833,C_tile640
20150921_131833_image516.png,70,53,174,0,104,6,55.803501304239035,1.9821000169031322,20150921_131833,C_tile640
20150921_131833_image521.png,60,56,157,0,97,6,55.214700028300285,1.6827000072225928,20150921_131833,C_tile640
20150921_131833_image526.png,62,56,156,0,94,6,56.819200947880745,1.6397999715991318,20150921_131833,C_tile640
20150921_131833_image536.png,66,60,179,0,113,6,56.32260039821267,2.4018000112846494,20150921_131833,C_tile640
20150921_131833_image541.png,75,60,181,0,106,6,54.01579872146249,2.4987999931909144,20150921_131833,C_tile640
20150921_131833_image546.png,65,59,173,0,108,6,56.20299819484353,1.8006000318564475,20150921_131833,C_tile640
20150921_131833_image56.png,39,26,104,0,65,6,55.55939858779311,1.1544000008143485,20150921_131833,C_tile640
20150921_131833_image6.png,29,25,87,0,58,6,56.75800014287233,0.7347000064328313,20150921_131833,C_tile640
20150921_131833_image61.png,48,23,119,0,71,6,58.203200954943895,1.144500041846186,20150921_131833,C_tile640
20150921_131833_image66.png,28,23,79,0,51,6,55.50399934127927,0.6487999926321208,20150921_131833,C_tile640
20150921_131833_image71.png,29,24,90,0,61,6,56.41240084916353,0.7260999991558492,20150921_131833,C_tile640
20150921_131833_image76.png,33,23,101,0,68,6,56.00960176438093,0.8185000042431056,20150921_131833,C_tile640
20150921_131833_image81.png,35,24,97,0,62,6,53.84220142662525,1.2129999813623726,20150921_131833,C_tile640
20150921_131833_image86.png,36,23,93,0,57,6,60.60699946433306,0.92739996034652,20150921_131833,C_tile640
20150921_131833_image91.png,39,19,92,0,53,6,56.86630131304264,0.9407000034116209,20150921_131833,C_tile640
20150921_131833_image96.png,35,22,94,0,59,6,54.54509886726737,0.9355000220239162,20150921_131833,C_tile640
20150921_132038_image1.png,46,29,138,0,92,6,54.02199815586209,1.2778000091202557,20150921_132038,C_tile640
20150921_132038_image1001.png,32,15,78,0,46,6,52.938801530748606,0.8019999950192869,20150921_132038,C_tile640
20150921_132038_image1006.png,35,16,76,0,41,6,54.86690129712224,0.8106000022962689,20150921_132038,C_tile640
20150921_132038_image101.png,76,70,176,0,100,6,55.84550138562918,2.0558999967761338,20150921_132038,C_tile640
20150921_132038_image1011.png,38,14,86,0,48,6,55.75169825181365,0.8900000248104334,20150921_132038,C_tile640
20150921_132038_image1056.png,36,13,93,0,57,6,53.408001117408276,0.9126000222750008,20150921_132038,C_tile640
20150921_132038_image106.png,91,73,236,0,145,6,56.6181010119617,2.210900012869388,20150921_132038,C_tile640
20150921_132038_image1076.png,36,13,113,0,77,6,56.70629873126745,0.9414999512955546,20150921_132038,C_tile640
20150921_132038_image11.png,46,33,115,0,69,6,53.986901585012674,1.170799951069057,20150921_132038,C_tile640
20150921_132038_image1101.png,30,17,89,0,59,6,54.09160006791353,0.7705999887548387,20150921_132038,C_tile640
20150921_132038_image111.png,107,76,279,0,172,6,54.34229947626591,5.013899994082749,20150921_132038,C_tile640
20150921_132038_image116.png,111,76,282,0,171,6,58.293201345950365,3.6549000069499016,20150921_132038,C_tile640
20150921_132038_image1161.png,32,9,81,0,49,6,54.92049913108349,1.3855000142939389,20150921_132038,C_tile640
20150921_132038_image1191.png,35,5,100,0,65,6,62.46929867938161,1.3068999978713691,20150921_132038,C_tile640
20150921_132038_image1196.png,33,8,104,0,71,6,55.681800685822964,0.8566000033169985,20150921_132038,C_tile640
20150921_132038_image1206.png,29,6,74,0,45,6,55.720301385968924,0.7421000045724213,20150921_132038,C_tile640
20150921_132038_image121.png,123,74,333,0,210,6,59.719600312411785,3.8945000269450247,20150921_132038,C_tile640
20150921_132038_image1241.png,20,6,43,0,23,6,60.489801838994026,0.478199974168092,20150921_132038,C_tile640
20150921_132038_image1256.png,22,8,55,0,33,6,56.38150156661868,0.4797999863512814,20150921_132038,C_tile640
20150921_132038_image126.png,94,70,252,0,158,6,57.326499566435814,2.3191000218503177,20150921_132038,C_tile640
20150921_132038_image1306.png,18,11,54,0,36,6,58.028500843793154,0.6612999713979661,20150921_132038,C_tile640
20150921_132038_image131.png,105,68,267,0,162,6,55.69739876687527,2.7011000202037394,20150921_132038,C_tile640
20150921_132038_image136.png,112,67,269,0,157,6,55.68190152198076,3.050200000870973,20150921_132038,C_tile640
20150921_132038_image1371.png,34,26,104,0,70,6,58.6323012188077,0.9813000215217471,20150921_132038,C_tile640
20150921_132038_image1386.png,31,25,102,0,71,6,53.81070127338171,0.8399999933317304,20150921_132038,C_tile640
20150921_132038_image141.png,85,70,229,0,144,6,57.30880072712898,2.69059999845922,20150921_132038,C_tile640
20150921_132038_image1441.png,22,9,68,0,46,6,57.12570123374462,0.5911000189371407,20150921_132038,C_tile640
20150921_132038_image1446.png,16,9,51,0,35,6,56.84180002659559,0.4471999709494412,20150921_132038,C_tile640
20150921_132038_image146.png,94,76,253,0,159,6,56.044699124991894,2.6587999891489744,20150921_132038,C_tile640
20150921_132038_image151.png,108,86,293,0,185,6,54.577401760965586,2.9934000340290368,20150921_132038,C_tile640
20150921_132038_image156.png,76,71,196,0,120,6,64.04420269280672,2.1363000269047916,20150921_132038,C_tile640
20150921_132038_image16.png,40,32,118,0,78,6,55.75710094720125,1.0367999784648418,20150921_132038,C_tile640
20150921_132038_image161.png,84,66,204,0,120,6,54.275200843811035,2.6527000009082258,20150921_132038,C_tile640
20150921_132038_image166.png,67,82,184,0,117,6,52.65880000591278,1.6416999860666692,20150921_132038,C_tile640
20150921_132038_image171.png,89,66,242,0,153,6,58.797100484371185,2.383299986831844,20150921_132038,C_tile640
20150921_132038_image176.png,108,71,279,0,171,6,53.62680097296834,3.6158000002615154,20150921_132038,C_tile640
20150921_132038_image21.png,41,30,122,0,81,6,54.790599182248116,0.9826000314205885,20150921_132038,C_tile640
20150921_132038_image26.png,38,29,105,0,67,6,54.87590014562011,0.8712999988347292,20150921_132038,C_tile640
20150921_132038_image261.png,48,37,152,0,104,6,55.09300058707595,1.228800043463707,20150921_132038,C_tile640
20150921_132038_image266.png,42,33,136,0,94,6,55.96650164946914,1.2438999838195741,20150921_132038,C_tile640
20150921_132038_image271.png,51,37,162,0,111,6,54.13189984858036,1.240600016899407,20150921_132038,C_tile640
20150921_132038_image276.png,55,40,173,0,118,6,59.07949819043279,1.3584999833256006,20150921_132038,C_tile640
20150921_132038_image281.png,52,38,169,0,117,6,58.45549954101443,1.247100008185953,20150921_132038,C_tile640
20150921_132038_image286.png,49,37,157,0,108,6,54.08770169317722,1.3916000025346875,20150921_132038,C_tile640
20150921_132038_image31.png,47,30,133,0,86,6,53.916300013661385,1.3746999902650714,20150921_132038,C_tile640
20150921_132038_image336.png,55,39,140,0,85,6,56.37590016424656,1.5811999910511076,20150921_132038,C_tile640
20150921_132038_image341.png,74,50,178,0,104,6,55.979300294071436,1.9597999635152519,20150921_132038,C_tile640
20150921_132038_image36.png,43,30,122,0,79,6,61.80169965699315,1.003399956971407,20150921_132038,C_tile640
20150921_132038_image361.png,68,66,186,0,118,6,54.74839962646365,1.7303999629803002,20150921_132038,C_tile640
20150921_132038_image391.png,93,72,271,0,178,6,56.028398122638464,2.9286000062711537,20150921_132038,C_tile640
20150921_132038_image41.png,49,30,144,0,95,6,54.366199653595686,1.3988999999128282,20150921_132038,C_tile640
20150921_132038_image431.png,72,62,179,0,107,6,54.205499820411205,1.964299997780472,20150921_132038,C_tile640
20150921_132038_image46.png,41,29,111,0,70,6,53.75130099058151,1.0940000065602362,20150921_132038,C_tile640
20150921_132038_image496.png,51,27,148,0,97,6,56.65710137784481,1.2376999948173761,20150921_132038,C_tile640
20150921_132038_image51.png,42,30,113,0,71,6,59.40500085800886,0.9367000311613083,20150921_132038,C_tile640
20150921_132038_image551.png,59,36,178,0,119,6,54.240999925881624,1.4820999931544065,20150921_132038,C_tile640
20150921_132038_image56.png,43,31,123,0,80,6,56.48139889165759,1.1344999657012522,20150921_132038,C_tile640
20150921_132038_image6.png,44,32,123,0,79,6,55.95949950441718,1.198299985844642,20150921_132038,C_tile640
20150921_132038_image61.png,47,34,134,0,87,6,52.92120188102126,1.595799985807389,20150921_132038,C_tile640
20150921_132038_image636.png,64,43,191,0,127,6,55.089799761772156,1.6980000073090196,20150921_132038,C_tile640
20150921_132038_image66.png,43,30,111,0,68,6,57.87410153076053,1.2085000053048134,20150921_132038,C_tile640
20150921_132038_image666.png,51,30,136,0,85,6,54.534601375460625,1.20449997484684,20150921_132038,C_tile640
20150921_132038_image686.png,41,24,119,0,78,6,54.617198545485735,1.2209999840706587,20150921_132038,C_tile640
20150921_132038_image71.png,50,45,135,0,85,6,54.957099836319685,1.1762999929487705,20150921_132038,C_tile640
20150921_132038_image76.png,43,44,113,0,70,6,56.8185004144907,0.9758999804034829,20150921_132038,C_tile640
20150921_132038_image796.png,57,28,150,0,93,6,55.9740986302495,1.3422999763861299,20150921_132038,C_tile640
20150921_132038_image81.png,41,36,98,0,57,6,55.42500129342079,1.4798000338487327,20150921_132038,C_tile640
20150921_132038_image856.png,32,15,81,0,49,6,60.32789823412895,0.8707999950274825,20150921_132038,C_tile640
20150921_132038_image86.png,55,40,133,0,78,6,55.766200084239244,1.4694000128656626,20150921_132038,C_tile640
20150921_132038_image871.png,35,13,92,0,57,6,53.3475000038743,0.887800008058548,20150921_132038,C_tile640
20150921_132038_image891.png,27,12,55,0,28,6,53.60889811068773,0.6165000377222896,20150921_132038,C_tile640
20150921_132038_image896.png,26,9,63,0,37,6,57.936400171369314,0.6234000320546329,20150921_132038,C_tile640
20150921_132038_image901.png,23,7,58,0,35,6,53.298899967223406,0.5933000356890261,20150921_132038,C_tile640
20150921_132038_image906.png,25,5,51,0,26,6,57.81199987605214,0.6623999797739089,20150921_132038,C_tile640
20150921_132038_image91.png,52,41,127,0,75,6,55.23469966650009,1.457400037907064,20150921_132038,C_tile640
20150921_132038_image911.png,21,6,51,0,30,6,55.101101618260145,0.6467000348493457,20150921_132038,C_tile640
20150921_132038_image916.png,25,6,61,0,36,6,55.400400049984455,0.6204000092111528,20150921_132038,C_tile640
20150921_132038_image921.png,46,10,110,0,64,6,55.889999855309725,1.0586000280454755,20150921_132038,C_tile640
20150921_132038_image926.png,51,10,125,0,74,6,54.91910132020712,1.6135999467223883,20150921_132038,C_tile640
20150921_132038_image931.png,38,11,104,0,66,6,55.29309996962547,0.8535999804735184,20150921_132038,C_tile640
20150921_132038_image96.png,61,52,157,0,96,6,53.36689939722419,1.3413999695330858,20150921_132038,C_tile640
20150921_132038_image971.png,31,16,102,0,71,6,53.80779964849353,0.9683999815024436,20150921_132038,C_tile640
20150921_132038_image996.png,43,12,105,0,62,6,56.25830015167594,1.040400005877018,20150921_132038,C_tile640
20150919_174151_image1.png,11,95,18,0,7,15,127.05320163816214,0.6015999824739993,20150919_174151,D_tile320
20150919_174151_image101.png,15,102,30,0,15,15,123.48790276795626,0.7128000142984092,20150919_174151,D_tile320
20150919_174151_image106.png,14,99,29,0,15,15,125.27830062806606,0.6847999757155776,20150919_174151,D_tile320
20150919_174151_image11.png,8,105,15,0,7,15,126.37450349703431,0.3157999599352479,20150919_174151,D_tile320
20150919_174151_image111.png,11,114,24,0,13,15,130.00290701910853,0.5330999847501516,20150919_174151,D_tile320
20150919_174151_image116.png,10,106,17,0,7,15,127.86090221628547,0.443900004029274,20150919_174151,D_tile320
20150919_174151_image121.png,12,117,21,0,9,15,127.65919737517834,0.762099982239306,20150919_174151,D_tile320
20150919_174151_image126.png,5,107,5,0,0,15,127.20790123566985,0.13560004299506545,20150919_174151,D_tile320
20150919_174151_image131.png,5,111,7,0,2,15,125.42249730974436,0.2025000285357237,20150919_174151,D_tile320
20150919_174151_image136.png,5,121,9,0,4,15,125.09850059077144,0.20640000002458692,20150919_174151,D_tile320
20150919_174151_image141.png,3,119,6,0,3,15,127.02600041776896,0.13129995204508305,20150919_174151,D_tile320
20150919_174151_image146.png,5,113,6,0,1,15,124.40060012415051,0.19210000755265355,20150919_174151,D_tile320
20150919_174151_image151.png,6,118,8,0,2,15,125.65010339394212,0.408699968829751,20150919_174151,D_tile320
20150919_174151_image156.png,2,114,3,0,1,15,125.9653973840177,0.20459998631849885,20150919_174151,D_tile320
20150919_174151_image16.png,7,96,14,0,7,15,125.45330123230815,0.31809997744858265,20150919_174151,D_tile320
20150919_174151_image161.png,2,123,4,0,2,15,125.4751984924078,0.14810002176091075,20150919_174151,D_tile320
20150919_174151_image166.png,0,117,0,0,0,15,125.33370366320014,0.24229998234659433,20150919_174151,D_tile320
20150919_174151_image171.png,3,116,7,0,4,15,124.99610134586692,0.16540003707632422,20150919_174151,D_tile320
20150919_174151_image176.png,1,104,1,0,0,15,127.09289822727442,0.03750005271285772,20150919_174151,D_tile320
20150919_174151_image181.png,2,101,3,0,1,15,126.22669763490558,0.09759998647496104,20150919_174151,D_tile320
20150919_174151_image186.png,2,100,4,0,2,15,123.54009786993265,0.12779998360201716,20150919_174151,D_tile320
20150919_174151_image191.png,5,100,10,0,5,15,124.29510275274515,0.24690001737326384,20150919_174151,D_tile320
20150919_174151_image196.png,3,98,4,0,1,15,123.12270131707191,0.11639995500445366,20150919_174151,D_tile320
20150919_174151_image201.png,6,96,12,0,6,15,125.69780250638723,0.24419999681413174,20150919_174151,D_tile320
20150919_174151_image206.png,6,98,10,0,4,15,125.6578973904252,0.2607000060379505,20150919_174151,D_tile320
20150919_174151_image21.png,5,100,8,0,3,15,124.44679718837142,0.21839997498318553,20150919_174151,D_tile320
20150919_174151_image211.png,9,93,12,0,3,15,126.05489942058921,0.34440000308677554,20150919_174151,D_tile320
20150919_174151_image216.png,6,94,10,0,4,15,129.50170128419995,0.22339995484799147,20150919_174151,D_tile320
20150919_174151_image221.png,9,88,21,0,12,15,129.5182042233646,0.4585999995470047,20150919_174151,D_tile320
20150919_174151_image226.png,7,98,13,0,6,15,124.84469873085618,0.33250002888962626,20150919_174151,D_tile320
20150919_174151_image231.png,3,101,5,0,2,15,127.2107973843813,0.15649996930733323,20150919_174151,D_tile320
20150919_174151_image236.png,5,97,7,0,2,15,141.8202012628317,0.20260002929717302,20150919_174151,D_tile320
20150919_174151_image241.png,6,97,12,0,6,15,125.95930257439613,0.2992999507114291,20150919_174151,D_tile320
20150919_174151_image26.png,5,102,7,0,2,15,124.90199875459075,0.18880004063248634,20150919_174151,D_tile320
20150919_174151_image286.png,2,94,2,0,0,15,126.1727983802557,0.08269998943433166,20150919_174151,D_tile320
20150919_174151_image301.png,0,109,0,0,0,15,125.59279654920101,0.025799963623285294,20150919_174151,D_tile320
20150919_174151_image31.png,8,99,10,0,2,15,126.12209942191839,0.26160001289099455,20150919_174151,D_tile320
20150919_174151_image36.png,9,94,18,0,9,15,126.08599850162864,0.8095999946817756,20150919_174151,D_tile320
20150919_174151_image361.png,1,73,1,0,0,15,124.91060036048293,0.04730001091957092,20150919_174151,D_tile320
20150919_174151_image381.png,5,85,7,0,2,15,124.25919964537024,0.20809995476156473,20150919_174151,D_tile320
20150919_174151_image41.png,6,99,10,0,4,15,125.99639644101262,0.27379998937249184,20150919_174151,D_tile320
20150919_174151_image411.png,6,84,8,0,2,15,125.86340273544192,0.21609995746985078,20150919_174151,D_tile320
20150919_174151_image431.png,11,94,16,0,5,15,123.95260044932365,0.3494999837130308,20150919_174151,D_tile320
20150919_174151_image46.png,6,97,7,0,1,15,123.5369033664465,0.16300001880154014,20150919_174151,D_tile320
20150919_174151_image471.png,25,92,44,0,19,15,123.02349985018373,1.097800035495311,20150919_174151,D_tile320
20150919_174151_image496.png,26,81,43,0,17,15,126.46620122343302,1.1637000134214759,20150919_174151,D_tile320
20150919_174151_image51.png,7,116,10,0,3,15,127.46050285920501,0.3212000010535121,20150919_174151,D_tile320
20150919_174151_image56.png,4,108,8,0,4,15,134.2568966448307,0.26480003725737333,20150919_174151,D_tile320
20150919_174151_image6.png,9,95,22,0,13,15,125.87720295786858,0.570800038985908,20150919_174151,D_tile320
20150919_174151_image601.png,30,78,55,0,25,15,126.07139826565981,1.4765000087209046,20150919_174151,D_tile320
20150919_174151_image61.png,3,107,7,0,4,15,126.0208972170949,0.1857000170275569,20150919_174151,D_tile320
20150919_174151_image621.png,29,87,50,0,21,15,123.922702729702,1.4400999643839896,20150919_174151,D_tile320
20150919_174151_image641.png,7,89,8,0,1,15,129.62969256937504,0.24280004436150193,20150919_174151,D_tile320
20150919_174151_image656.png,1,61,2,0,1,15,131.58180750533938,0.09569997200742364,20150919_174151,D_tile320
20150919_174151_image66.png,5,108,7,0,2,15,125.354302495718,0.18470000941306353,20150919_174151,D_tile320
20150919_174151_image676.png,3,75,6,0,3,15,126.70420368760824,0.12169999536126852,20150919_174151,D_tile320
20150919_174151_image71.png,3,101,4,0,1,15,125.67200001329184,0.10689999908208847,20150919_174151,D_tile320
20150919_174151_image736.png,1,66,2,0,1,15,125.35910165309906,0.07210002513602376,20150919_174151,D_tile320
20150919_174151_image741.png,2,62,2,0,0,15,124.79560137912631,0.054800009820610285,20150919_174151,D_tile320
20150919_174151_image76.png,5,104,5,0,0,15,125.07529691234231,0.11060002725571394,20150919_174151,D_tile320
20150919_174151_image806.png,3,65,7,0,4,15,125.75670129060745,0.1346999779343605,20150919_174151,D_tile320
20150919_174151_image81.png,5,96,7,0,2,15,125.0702983289957,0.2004000125452876,20150919_174151,D_tile320
20150919_174151_image856.png,17,86,30,0,13,15,124.83360012993217,0.6927999784238636,20150919_174151,D_tile320
20150919_174151_image86.png,5,101,7,0,2,15,129.37160273641348,0.30590000096708536,20150919_174151,D_tile320
20150919_174151_image91.png,10,105,14,0,4,15,130.37439780682325,0.3635999746620655,20150919_174151,D_tile320
20150919_174151_image96.png,18,101,24,0,6,15,126.21660378575325,0.5833000177517533,20150919_174151,D_tile320
20150919_174730_image1.png,14,33,22,0,8,15,126.52009931206703,0.4835000145249069,20150919_174730,D_tile320
20150919_174730_image101.png,1,8,1,0,0,15,126.89569877833128,0.046200002543628216,20150919_174730,D_tile320
20150919_174730_image1046.png,12,88,17,0,5,15,126.66920110955834,0.7681000279262662,20150919_174730,D_tile320
20150919_174730_image106.png,4,6,4,0,0,15,127.41909976303577,0.12209999840706587,20150919_174730,D_tile320
20150919_174730_image11.png,14,31,19,0,5,15,125.67000223323703,0.5896000075154006,20150919_174730,D_tile320
20150919_174730_image111.png,2,8,2,0,0,15,124.67799809202552,0.07389998063445091,20150919_174730,D_tile320
20150919_174730_image1146.png,11,107,12,0,1,15,129.65880686044693,0.31670002499595284,20150919_174730,D_tile320
20150919_174730_image116.png,3,8,4,0,1,15,124.0156963467598,0.14730001566931605,20150919_174730,D_tile320
20150919_174730_image121.png,4,8,5,0,1,15,125.31879719719291,0.16369996592402458,20150919_174730,D_tile320
20150919_174730_image126.png,6,9,10,0,4,15,125.73100221902132,0.361100013833493,20150919_174730,D_tile320
20150919_174730_image131.png,4,10,6,0,2,15,125.80939678102732,0.19329995848238468,20150919_174730,D_tile320
20150919_174730_image1331.png,27,82,43,0,16,15,124.0412020161748,1.1264000204391778,20150919_174730,D_tile320
20150919_174730_image136.png,7,11,12,0,5,15,127.74909944087267,0.32980000833049417,20150919_174730,D_tile320
20150919_174730_image141.png,11,12,16,0,5,15,125.11329866945744,0.8032000041566789,20150919_174730,D_tile320
20150919_174730_image146.png,7,12,12,0,5,15,127.33950285241008,0.30829996103420854,20150919_174730,D_tile320
20150919_174730_image151.png,11,14,16,0,5,15,126.52459855377674,0.39440003456547856,20150919_174730,D_tile320
20150919_174730_image156.png,6,11,7,0,1,15,127.54360304400325,0.19270001212134957,20150919_174730,D_tile320
20150919_174730_image16.png,15,30,21,0,6,15,131.28920198976994,0.5827999557368457,20150919_174730,D_tile320
20150919_174730_image161.png,4,11,4,0,0,15,128.79979590326548,0.1210999907925725,20150919_174730,D_tile320
20150919_174730_image166.png,7,10,9,0,2,15,127.02480201423168,0.21379999816417694,20150919_174730,D_tile320
20150919_174730_image171.png,6,9,10,0,4,15,126.15230144560337,0.24610001128166914,20150919_174730,D_tile320
20150919_174730_image176.png,5,9,7,0,2,15,124.3895023651421,0.21379999816417694,20150919_174730,D_tile320
20150919_174730_image181.png,3,8,4,0,1,15,125.81359916180372,0.11570000788196921,20150919_174730,D_tile320
20150919_174730_image186.png,2,7,3,0,1,15,124.64570313319564,0.0893000396899879,20150919_174730,D_tile320
20150919_174730_image191.png,5,8,9,0,4,15,124.32499825209379,0.2109999768435955,20150919_174730,D_tile320
20150919_174730_image196.png,4,7,8,0,4,15,123.5311014354229,0.17070001922547817,20150919_174730,D_tile320
20150919_174730_image201.png,2,7,6,0,4,15,130.41129438206553,0.14429999282583594,20150919_174730,D_tile320
20150919_174730_image206.png,4,7,8,0,4,15,137.30420625582337,0.2397999633103609,20150919_174730,D_tile320
20150919_174730_image21.png,10,29,20,0,10,15,127.36789778247476,0.5296000163070858,20150919_174730,D_tile320
20150919_174730_image211.png,8,9,12,0,4,15,126.47689625248313,0.3372000064700842,20150919_174730,D_tile320
20150919_174730_image216.png,3,6,3,0,0,15,139.12819259613752,0.10339997243136168,20150919_174730,D_tile320
20150919_174730_image221.png,4,6,5,0,1,15,127.53749629110098,0.1449999981559813,20150919_174730,D_tile320
20150919_174730_image226.png,3,6,3,0,0,15,122.76189773529768,0.3076000139117241,20150919_174730,D_tile320
20150919_174730_image231.png,3,4,7,0,4,15,136.16519437357783,0.27680001221597195,20150919_174730,D_tile320
20150919_174730_image236.png,4,3,7,0,3,15,130.83419802039862,0.21219998598098755,20150919_174730,D_tile320
20150919_174730_image241.png,5,2,7,0,2,15,126.62569670006633,0.18019997514784336,20150919_174730,D_tile320
20150919_174730_image246.png,3,1,4,0,1,15,125.0358973480761,0.18770003225654364,20150919_174730,D_tile320
20150919_174730_image251.png,6,1,8,0,2,15,125.4279991723597,0.22929999977350235,20150919_174730,D_tile320
20150919_174730_image256.png,10,5,13,0,3,15,124.95619986951351,0.3635000321082771,20150919_174730,D_tile320
20150919_174730_image26.png,8,30,12,0,4,15,131.1562938131392,0.3513000556267798,20150919_174730,D_tile320
20150919_174730_image261.png,6,7,6,0,0,15,124.93210133910179,0.1756999990902841,20150919_174730,D_tile320
20150919_174730_image266.png,4,14,4,0,0,15,123.56529776006937,0.20289997337386012,20150919_174730,D_tile320
20150919_174730_image271.png,13,17,16,0,3,15,128.91510636359453,0.48719998449087143,20150919_174730,D_tile320
20150919_174730_image276.png,4,14,5,0,1,15,127.77839739248157,0.16419996973127127,20150919_174730,D_tile320
20150919_174730_image286.png,7,16,11,0,4,15,125.78750007972121,0.31400000443682075,20150919_174730,D_tile320
20150919_174730_image296.png,10,20,15,0,5,15,127.31530241668224,0.39350002771243453,20150919_174730,D_tile320
20150919_174730_image301.png,6,23,9,0,3,15,124.75929963961244,0.2961999853141606,20150919_174730,D_tile320
20150919_174730_image306.png,9,24,13,0,4,15,125.3759985677898,0.3174000303260982,20150919_174730,D_tile320
20150919_174730_image31.png,4,21,4,0,0,15,124.16100033000112,0.12849998893216252,20150919_174730,D_tile320
20150919_174730_image321.png,14,32,18,0,4,15,125.45789743214846,0.4659999976865947,20150919_174730,D_tile320
20150919_174730_image331.png,19,35,26,0,7,15,127.46300357580185,0.629899965133518,20150919_174730,D_tile320
20150919_174730_image341.png,15,36,22,0,7,15,135.88599336519837,0.672199996188283,20150919_174730,D_tile320
20150919_174730_image351.png,13,34,21,0,8,15,125.88069692999125,0.5385000258684158,20150919_174730,D_tile320
20150919_174730_image356.png,13,40,22,0,9,15,139.29319462925196,0.6928000366315246,20150919_174730,D_tile320
20150919_174730_image36.png,5,17,6,0,1,15,123.29730273410678,0.16489997506141663,20150919_174730,D_tile320
20150919_174730_image376.png,15,39,21,0,6,15,126.84169851616025,0.8786999969743192,20150919_174730,D_tile320
20150919_174730_image386.png,13,56,19,0,6,15,129.19790482148528,0.5152999656274915,20150919_174730,D_tile320
20150919_174730_image396.png,11,47,13,0,2,15,129.26870151236653,0.35960000241175294,20150919_174730,D_tile320
20150919_174730_image41.png,1,16,1,0,0,15,125.95670263841748,0.049799971748143435,20150919_174730,D_tile320
20150919_174730_image411.png,9,48,12,0,3,15,127.34930170699954,0.3953000414185226,20150919_174730,D_tile320
20150919_174730_image426.png,13,47,17,0,4,15,125.57090268284082,0.5240999744273722,20150919_174730,D_tile320
20150919_174730_image436.png,13,45,23,0,10,15,124.77010096237063,0.5750000127591193,20150919_174730,D_tile320
20150919_174730_image441.png,19,49,28,0,9,15,126.85230114683509,0.7203000131994486,20150919_174730,D_tile320
20150919_174730_image456.png,15,35,19,0,4,15,125.80800215527415,0.48509996850043535,20150919_174730,D_tile320
20150919_174730_image46.png,3,12,3,0,0,15,126.88730131089687,0.09240000508725643,20150919_174730,D_tile320
20150919_174730_image471.png,19,51,26,0,7,15,127.43810295313597,0.7065999670885503,20150919_174730,D_tile320
20150919_174730_image486.png,17,51,28,0,11,15,127.56830318644643,0.6637999904341996,20150919_174730,D_tile320
20150919_174730_image491.png,14,66,31,0,17,15,126.29030334576964,0.7388999802060425,20150919_174730,D_tile320
20150919_174730_image496.png,15,56,29,0,14,15,125.5564027056098,0.8895000210031867,20150919_174730,D_tile320
20150919_174730_image506.png,16,68,28,0,12,15,127.5976019948721,0.6496999994851649,20150919_174730,D_tile320
20150919_174730_image51.png,4,11,5,0,1,15,125.14589822664857,0.15139998868107796,20150919_174730,D_tile320
20150919_174730_image521.png,27,70,40,0,13,15,125.68569749221206,1.001399999950081,20150919_174730,D_tile320
20150919_174730_image536.png,15,77,25,0,10,15,132.75049290433526,0.6198000046424568,20150919_174730,D_tile320
20150919_174730_image551.png,12,78,16,0,4,15,125.9695962741971,0.36319997161626816,20150919_174730,D_tile320
20150919_174730_image56.png,7,5,8,0,1,15,129.41369461640716,0.2209999947808683,20150919_174730,D_tile320
20150919_174730_image566.png,11,76,16,0,5,15,126.19839909672737,0.4694000235758722,20150919_174730,D_tile320
20150919_174730_image581.png,12,79,14,0,2,15,127.1728964485228,0.3909999504685402,20150919_174730,D_tile320
20150919_174730_image596.png,14,69,20,0,6,15,126.55520214140415,0.4466999671421945,20150919_174730,D_tile320
20150919_174730_image6.png,22,36,33,0,11,15,129.44180002063513,0.8522000280208886,20150919_174730,D_tile320
20150919_174730_image61.png,8,4,9,0,1,15,128.10339486598969,0.4241999704390764,20150919_174730,D_tile320
20150919_174730_image611.png,12,62,20,0,8,15,130.86550683528185,0.48209994565695524,20150919_174730,D_tile320
20150919_174730_image631.png,15,50,16,0,1,15,126.67700323462486,0.40530000114813447,20150919_174730,D_tile320
20150919_174730_image646.png,17,44,21,0,4,15,127.00999650359154,0.5161000299267471,20150919_174730,D_tile320
20150919_174730_image66.png,3,7,3,0,0,15,141.45500653982162,0.1990000018849969,20150919_174730,D_tile320
20150919_174730_image666.png,19,54,25,0,6,15,127.8897988088429,1.311600033659488,20150919_174730,D_tile320
20150919_174730_image681.png,14,65,23,0,9,15,126.49029946699739,0.6586999516002834,20150919_174730,D_tile320
20150919_174730_image701.png,13,77,22,0,9,15,127.76659851148725,0.5067000165581703,20150919_174730,D_tile320
20150919_174730_image71.png,2,5,3,0,1,15,124.56459857150912,0.11929997708648443,20150919_174730,D_tile320
20150919_174730_image736.png,11,76,19,0,8,15,125.18990270420909,0.5267999949865043,20150919_174730,D_tile320
20150919_174730_image76.png,3,4,4,0,1,15,128.8591926805675,0.11790002463385463,20150919_174730,D_tile320
20150919_174730_image761.png,15,74,26,0,11,15,127.11340329423547,0.6090999813750386,20150919_174730,D_tile320
20150919_174730_image786.png,17,51,28,0,11,15,125.6045989729464,0.7331999950110912,20150919_174730,D_tile320
20150919_174730_image81.png,1,4,1,0,0,15,125.24649673327804,0.0885000335983932,20150919_174730,D_tile320
20150919_174730_image811.png,15,54,20,0,5,15,125.49039705470204,0.5260000471025705,20150919_174730,D_tile320
20150919_174730_image86.png,2,5,2,0,0,15,126.70550340041518,0.08079997496679425,20150919_174730,D_tile320
20150919_174730_image861.png,13,74,14,0,1,15,128.39119282364845,0.4093999741598964,20150919_174730,D_tile320
20150919_174730_image91.png,6,7,8,0,2,15,125.15130146965384,0.2237000153400004,20150919_174730,D_tile320
20150919_174730_image911.png,19,72,28,0,9,15,130.49239574372768,0.6178999901749194,20150919_174730,D_tile320
20150919_174730_image96.png,8,7,12,0,4,15,126.35779839754105,0.382099999114871,20150919_174730,D_tile320
20150919_174730_image961.png,22,113,32,0,10,15,132.1910056695342,0.9399999980814755,20150919_174730,D_tile320
20150921_131234_image1.png,49,72,69,0,20,15,126.58739874139428,1.8045000033453107,20150921_131234,D_tile320
20150921_131234_image11.png,50,75,68,0,18,15,127.82759808003902,2.2948000114411116,20150921_131234,D_tile320
20150921_131234_image16.png,52,71,81,0,29,15,126.46359822154045,3.887499973643571,20150921_131234,D_tile320
20150921_131234_image201.png,23,43,30,0,7,15,128.3985960483551,0.9221999789588153,20150921_131234,D_tile320
20150921_131234_image206.png,22,40,32,0,10,15,128.61729837954044,0.8536000386811793,20150921_131234,D_tile320
20150921_131234_image21.png,57,68,93,0,36,15,125.98989916965365,2.833499980624765,20150921_131234,D_tile320
20150921_131234_image216.png,31,51,50,0,19,15,125.70530261844397,1.3395000132732093,20150921_131234,D_tile320
20150921_131234_image221.png,20,49,39,0,19,15,128.291203353554,1.0522999800741673,20150921_131234,D_tile320
20150921_131234_image231.png,35,58,60,0,25,15,128.12520108744502,1.7243999755010009,20150921_131234,D_tile320
20150921_131234_image236.png,33,40,56,0,23,15,126.6681008785963,1.6362000023946166,20150921_131234,D_tile320
20150921_131234_image26.png,37,68,72,0,35,15,126.88780179619789,1.8226000247523189,20150921_131234,D_tile320
20150921_131234_image286.png,24,60,36,0,12,15,125.31549669057131,0.8841999806463718,20150921_131234,D_tile320
20150921_131234_image306.png,18,67,25,0,7,15,133.405598718673,0.7131000165827572,20150921_131234,D_tile320
20150921_131234_image31.png,47,74,85,0,38,15,124.76190346479416,2.0951000042259693,20150921_131234,D_tile320
20150921_131234_image341.png,20,64,29,0,9,15,125.21140015870333,0.7788999937474728,20150921_131234,D_tile320
20150921_131234_image36.png,34,72,63,0,29,15,127.29959918558598,1.5888000489212573,20150921_131234,D_tile320
20150921_131234_image361.png,22,48,39,0,17,15,125.86120218783617,0.9559000027365983,20150921_131234,D_tile320
20150921_131234_image366.png,16,45,24,0,8,15,125.7250036150217,0.5876999930478632,20150921_131234,D_tile320
20150921_131234_image401.png,15,56,19,0,4,15,126.83379658684134,0.5327999824658036,20150921_131234,D_tile320
20150921_131234_image406.png,17,53,22,0,5,15,126.42160354927182,0.5899000097997487,20150921_131234,D_tile320
20150921_131234_image41.png,43,73,74,0,31,15,124.98629835993052,1.8958000000566244,20150921_131234,D_tile320
20150921_131234_image416.png,18,51,28,0,10,15,124.34680172428489,0.7374999695457518,20150921_131234,D_tile320
20150921_131234_image451.png,14,61,20,0,6,15,125.6992034651339,0.47209998592734337,20150921_131234,D_tile320
20150921_131234_image456.png,21,65,30,0,9,15,131.57519882172346,0.9322999976575375,20150921_131234,D_tile320
20150921_131234_image461.png,16,60,26,0,10,15,132.30080623179674,0.6621000356972218,20150921_131234,D_tile320
20150921_131234_image476.png,21,63,29,0,8,15,123.74430271983147,0.8977000252343714,20150921_131234,D_tile320
20150921_131234_image481.png,22,55,32,0,10,15,126.40229712799191,0.791400030720979,20150921_131234,D_tile320
20150921_131234_image486.png,18,49,27,0,9,15,130.1837040707469,0.7092999876476824,20150921_131234,D_tile320
20150921_131234_image536.png,12,18,19,0,7,15,126.43029864132404,0.4735999973490834,20150921_131234,D_tile320
20150921_131234_image541.png,14,13,18,0,4,15,124.84299794584513,0.5397000350058079,20150921_131234,D_tile320
20150921_131234_image546.png,6,10,8,0,2,15,124.53940062224865,0.2506000455468893,20150921_131234,D_tile320
20150921_131234_image551.png,3,10,3,0,0,15,125.90819914638996,0.15470001380890608,20150921_131234,D_tile320
20150921_131234_image556.png,2,9,2,0,0,15,125.0294009372592,0.06629998097196221,20150921_131234,D_tile320
20150921_131234_image56.png,31,37,45,0,14,15,127.56449804455042,1.1628000065684319,20150921_131234,D_tile320
20150921_131234_image561.png,2,8,3,0,1,15,127.71509957686067,0.10559998918324709,20150921_131234,D_tile320
20150921_131234_image566.png,3,7,4,0,1,15,126.10439762473106,0.10639999527484179,20150921_131234,D_tile320
20150921_131234_image571.png,6,14,11,0,5,15,126.63540349155664,0.30919996788725257,20150921_131234,D_tile320
20150921_131234_image576.png,5,15,6,0,1,15,126.06280131265521,0.1582999830134213,20150921_131234,D_tile320
20150921_131234_image581.png,5,12,7,0,2,15,126.09559981152415,0.19029999384656549,20150921_131234,D_tile320
20150921_131234_image586.png,5,10,6,0,1,15,126.11209922283888,0.3006000188179314,20150921_131234,D_tile320
20150921_131234_image591.png,10,10,12,0,2,15,125.23239872977138,0.34119997872039676,20150921_131234,D_tile320
20150921_131234_image596.png,9,13,13,0,4,15,125.44389840215445,0.33650000113993883,20150921_131234,D_tile320
20150921_131234_image6.png,54,67,89,0,35,15,127.04419950023293,2.2828999790363014,20150921_131234,D_tile320
20150921_131234_image61.png,29,28,47,0,18,15,126.18039752542973,1.3079000054858625,20150921_131234,D_tile320
20150921_131234_image626.png,5,10,8,0,3,15,142.55660519748926,0.2919000107795,20150921_131234,D_tile320
20150921_131234_image631.png,10,11,13,0,3,15,122.13550263643265,0.4341999883763492,20150921_131234,D_tile320
20150921_131234_image636.png,12,8,20,0,8,15,130.93789868801832,0.6804000004194677,20150921_131234,D_tile320
20150921_131234_image641.png,9,10,14,0,5,15,125.08029990270734,0.680500001180917,20150921_131234,D_tile320
20150921_131234_image646.png,5,10,6,0,1,15,124.47969704121351,0.1705000177025795,20150921_131234,D_tile320
20150921_131234_image651.png,7,11,11,0,4,15,126.76749943196774,0.3129999968223274,20150921_131234,D_tile320
20150921_131234_image656.png,7,9,11,0,4,15,127.18530110642314,0.5494999932125211,20150921_131234,D_tile320
20150921_131234_image66.png,35,23,51,0,16,15,126.48460028320551,1.4170000213198364,20150921_131234,D_tile320
20150921_131234_image661.png,11,6,21,0,10,15,126.10349762067199,0.75559999095276,20150921_131234,D_tile320
20150921_131234_image666.png,7,8,10,0,3,15,132.04699950292706,0.2305000089108944,20150921_131234,D_tile320
20150921_131234_image676.png,9,11,13,0,4,15,128.79320415481925,0.28279999969527125,20150921_131234,D_tile320
20150921_131234_image681.png,6,9,10,0,4,15,123.61420080438256,0.221800000872463,20150921_131234,D_tile320
20150921_131234_image686.png,6,5,7,0,1,15,128.55819971486926,0.20400003995746374,20150921_131234,D_tile320
20150921_131234_image86.png,24,35,39,0,15,15,128.37590463086963,1.0091000003740191,20150921_131234,D_tile320
20150921_131234_image91.png,24,56,42,0,18,15,128.7016002163291,1.1798000195994973,20150921_131234,D_tile320
20150921_131346_image1.png,126,67,625,0,499,15,126.73010083287954,11.939599993638694,20150921_131346,D_tile320
20150921_131346_image1001.png,54,4,143,0,89,15,130.44930669292808,2.5649999734014273,20150921_131346,D_tile320
20150921_131346_image1006.png,60,4,159,0,99,15,128.82349824532866,5.109700025059283,20150921_131346,D_tile320
20150921_131346_image1011.png,58,4,144,0,86,15,127.02120209485292,3.492899995762855,20150921_131346,D_tile320
20150921_131346_image1016.png,53,4,130,0,77,15,124.8228966370225,2.622300002258271,20150921_131346,D_tile320
20150921_131346_image1021.png,62,5,160,0,98,15,132.85959811136127,3.0812000040896237,20150921_131346,D_tile320
20150921_131346_image1026.png,42,4,102,0,60,15,123.36990021914244,2.0537999807856977,20150921_131346,D_tile320
20150921_131346_image1031.png,54,3,117,0,63,15,124.81240134313703,2.035300014540553,20150921_131346,D_tile320
20150921_131346_image1036.png,47,4,129,0,82,15,124.55180325731635,2.495399967301637,20150921_131346,D_tile320
20150921_131346_image1041.png,45,4,150,0,105,15,127.28049655258656,2.7283999952487648,20150921_131346,D_tile320
20150921_131346_image1046.png,48,4,122,0,74,15,125.45310043916106,2.292299992404878,20150921_131346,D_tile320
20150921_131346_image1051.png,50,3,139,0,89,15,126.50410078465939,2.804799994919449,20150921_131346,D_tile320
20150921_131346_image1056.png,46,4,130,0,84,15,125.51100017130375,2.282199973706156,20150921_131346,D_tile320
20150921_131346_image1061.png,43,4,139,0,96,15,125.0435983799398,2.4779000086709857,20150921_131346,D_tile320
20150921_131346_image1066.png,39,5,116,0,77,15,129.49179453402758,1.8414999940432608,20150921_131346,D_tile320
20150921_131346_image1071.png,45,5,114,0,69,15,132.3692070581019,2.0123000140301883,20150921_131346,D_tile320
20150921_131346_image1081.png,42,3,109,0,67,15,126.0637004673481,2.4784000124782324,20150921_131346,D_tile320
20150921_131346_image11.png,142,59,645,0,503,15,128.0129998922348,13.216299994383007,20150921_131346,D_tile320
20150921_131346_image1121.png,56,14,156,0,100,15,124.58319847285748,2.646300010383129,20150921_131346,D_tile320
20150921_131346_image1126.png,56,14,179,0,123,15,128.868003513664,3.3313000458292663,20150921_131346,D_tile320
20150921_131346_image1131.png,54,13,153,0,99,15,125.97629651799798,3.388000011909753,20150921_131346,D_tile320
20150921_131346_image1136.png,49,14,216,0,167,15,125.80199670419097,3.742199973203242,20150921_131346,D_tile320
20150921_131346_image1141.png,63,13,211,0,148,15,125.27160207182169,4.585899994708598,20150921_131346,D_tile320
20150921_131346_image1146.png,52,13,220,0,168,15,124.46639627963305,3.7219999940134585,20150921_131346,D_tile320
20150921_131346_image146.png,110,50,404,0,294,15,125.60589837655425,7.408900011796504,20150921_131346,D_tile320
20150921_131346_image151.png,134,67,543,0,409,15,124.38730096071959,12.328899989370257,20150921_131346,D_tile320
20150921_131346_image16.png,135,58,656,0,521,15,124.98260274901986,12.262000003829598,20150921_131346,D_tile320
20150921_131346_image21.png,137,58,562,0,425,15,126.59789764136076,14.509700005874038,20150921_131346,D_tile320
20150921_131346_image211.png,141,57,451,0,310,15,124.40449709817767,10.371599986683577,20150921_131346,D_tile320
20150921_131346_image226.png,137,54,472,0,335,15,127.57169852778316,10.416499979328364,20150921_131346,D_tile320
20150921_131346_image256.png,119,43,417,0,298,15,124.89590257033706,9.828400041442364,20150921_131346,D_tile320
20150921_131346_image26.png,139,57,634,0,495,15,126.98979779332876,12.401099957060069,20150921_131346,D_tile320
20150921_131346_image276.png,116,42,572,0,456,15,125.20189771056175,9.784000052604824,20150921_131346,D_tile320
20150921_131346_image281.png,107,45,558,0,451,15,125.21689654141665,8.238399983383715,20150921_131346,D_tile320
20150921_131346_image31.png,154,57,660,0,506,15,128.4258008301258,13.987999991513789,20150921_131346,D_tile320
20150921_131346_image311.png,131,47,542,0,411,15,130.06540244445205,13.665600039530545,20150921_131346,D_tile320
20150921_131346_image316.png,128,45,530,0,402,15,129.0326933003962,10.23929996881634,20150921_131346,D_tile320
20150921_131346_image341.png,130,54,462,0,332,15,125.85990355536342,8.252999978139997,20150921_131346,D_tile320
20150921_131346_image36.png,142,58,556,0,414,15,126.63199771940708,13.046299980487674,20150921_131346,D_tile320
20150921_131346_image386.png,125,48,557,0,432,15,126.59310062229633,8.643899986054748,20150921_131346,D_tile320
20150921_131346_image406.png,126,55,552,0,426,15,128.55479346215725,10.266400000546128,20150921_131346,D_tile320
20150921_131346_image41.png,122,60,607,0,485,15,126.82469742745161,9.15779999922961,20150921_131346,D_tile320
20150921_131346_image411.png,158,68,590,0,432,15,128.53800289332867,12.775000010151416,20150921_131346,D_tile320
20150921_131346_image496.png,177,80,809,0,632,15,127.18660082295537,16.892899991944432,20150921_131346,D_tile320
20150921_131346_image51.png,125,66,529,0,404,15,125.85100253671408,11.137399997096509,20150921_131346,D_tile320
20150921_131346_image541.png,135,50,533,0,398,15,128.9160038381815,9.754300001077354,20150921_131346,D_tile320
20150921_131346_image56.png,123,60,468,0,345,15,132.30549695715308,8.675399993080646,20150921_131346,D_tile320
20150921_131346_image596.png,75,25,278,0,203,15,127.16749953106046,3.61949997022748,20150921_131346,D_tile320
20150921_131346_image6.png,115,58,524,0,409,15,126.59649759158492,8.749499975237995,20150921_131346,D_tile320
20150921_131346_image601.png,88,24,293,0,205,15,125.84579762816429,5.512300005648285,20150921_131346,D_tile320
20150921_131346_image621.png,102,45,373,0,271,15,125.80749973654747,8.257500012405217,20150921_131346,D_tile320
20150921_131346_image631.png,136,65,553,0,417,15,125.35749866440892,12.527999992016703,20150921_131346,D_tile320
20150921_131346_image701.png,137,67,623,0,486,15,127.1208980679512,11.823699984233826,20150921_131346,D_tile320
20150921_131346_image706.png,140,68,663,0,523,15,128.47620525211096,14.225099992472678,20150921_131346,D_tile320
20150921_131346_image711.png,136,64,725,0,589,15,137.59530274569988,14.122200023848563,20150921_131346,D_tile320
20150921_131346_image721.png,160,70,719,0,559,15,126.50459691882133,13.26340000377968,20150921_131346,D_tile320
20150921_131346_image736.png,154,71,679,0,525,15,128.15610064938664,17.193000006955117,20150921_131346,D_tile320
20150921_131346_image756.png,170,61,690,0,520,15,128.56190022081137,11.985899996943772,20150921_131346,D_tile320
20150921_131346_image776.png,137,59,484,0,347,15,124.84460140392184,10.962899948935956,20150921_131346,D_tile320
20150921_131346_image786.png,116,50,426,0,310,15,124.51149825379252,8.066500013228506,20150921_131346,D_tile320
20150921_131346_image81.png,61,18,223,0,162,15,124.30690244212747,3.437599982134998,20150921_131346,D_tile320
20150921_131346_image816.png,82,24,279,0,197,15,133.28880433738232,6.812800012994558,20150921_131346,D_tile320
20150921_131346_image821.png,80,22,349,0,269,15,124.78490142896771,7.243799977004528,20150921_131346,D_tile320
20150921_131346_image831.png,77,23,354,0,277,15,124.91670275852084,6.947200046852231,20150921_131346,D_tile320
20150921_131346_image841.png,87,32,372,0,285,15,125.67129866406322,6.284799950663,20150921_131346,D_tile320
20150921_131346_image846.png,68,23,266,0,198,15,126.01659821346402,6.5324000315740705,20150921_131346,D_tile320
20150921_131346_image851.png,62,26,266,0,204,15,124.51850314438343,6.326499977149069,20150921_131346,D_tile320
20150921_131346_image856.png,68,23,302,0,234,15,125.95340321213007,4.552000027615577,20150921_131346,D_tile320
20150921_131346_image876.png,107,37,481,0,374,15,128.27279547974467,8.148599998094141,20150921_131346,D_tile320
20150921_131346_image881.png,111,29,446,0,335,15,130.14399685710669,8.52069997927174,20150921_131346,D_tile320
20150921_131346_image891.png,115,27,411,0,296,15,127.9521026276052,11.68699999107048,20150921_131346,D_tile320
20150921_131346_image906.png,94,24,324,0,230,15,127.78030306100845,5.431200028397143,20150921_131346,D_tile320
20150921_131346_image911.png,90,23,287,0,197,15,127.57849993556738,5.990799982100725,20150921_131346,D_tile320
20150921_131346_image926.png,63,11,233,0,170,15,124.94030021131039,4.476300033275038,20150921_131346,D_tile320
20150921_131346_image931.png,62,13,148,0,86,15,125.177499987185,3.4961000201292336,20150921_131346,D_tile320
20150921_131346_image936.png,38,7,91,0,53,15,124.96890009567142,1.9209000165574253,20150921_131346,D_tile320
20150921_131346_image941.png,40,9,94,0,54,15,124.15800036489964,2.06389999948442,20150921_131346,D_tile320
20150921_131346_image946.png,31,6,58,0,27,15,123.88019799813628,1.324899960309267,20150921_131346,D_tile320
20150921_131346_image951.png,37,8,94,0,57,15,128.12130550295115,1.783000014256686,20150921_131346,D_tile320
20150921_131346_image956.png,31,7,84,0,53,15,130.1780967116356,1.4990000054240227,20150921_131346,D_tile320
20150921_131346_image961.png,42,6,100,0,58,15,132.46300324052572,2.035000012256205,20150921_131346,D_tile320
20150921_131346_image966.png,24,5,72,0,48,15,124.63919796794653,1.2389000039547682,20150921_131346,D_tile320
20150921_131346_image971.png,25,4,91,0,66,15,123.49300080165267,1.2336000218056142,20150921_131346,D_tile320
20150921_131346_image976.png,26,5,72,0,46,15,126.0325022302568,1.2753999908454716,20150921_131346,D_tile320
20150921_131346_image981.png,38,6,114,0,76,15,127.56809856370091,1.9393999828025699,20150921_131346,D_tile320
20150921_131346_image986.png,38,6,117,0,79,15,124.65589923784137,3.371399943716824,20150921_131346,D_tile320
20150921_131346_image991.png,48,5,155,0,107,15,126.8168972171843,3.3425000146962702,20150921_131346,D_tile320
20150921_131346_image996.png,52,5,142,0,90,15,128.74790597334504,2.7391999610699713,20150921_131346,D_tile320
20150921_131453_image1.png,138,71,609,0,471,15,126.8621005564928,12.514100002590567,20150921_131453,D_tile320
20150921_131453_image101.png,121,47,541,0,420,15,126.61310243234038,9.156799991615117,20150921_131453,D_tile320
20150921_131453_image1021.png,196,64,743,0,547,15,126.64110175147653,26.922799996100366,20150921_131453,D_tile320
20150921_131453_image1056.png,140,56,649,0,509,15,125.57650154083967,12.844099954236299,20150921_131453,D_tile320
20150921_131453_image106.png,127,40,434,0,307,15,141.37420077249408,9.194400045089424,20150921_131453,D_tile320
20150921_131453_image1066.png,130,39,475,0,345,15,132.2323071025312,9.763100009877235,20150921_131453,D_tile320
20150921_131453_image1071.png,134,30,581,0,447,15,130.07860285788774,9.742900030687451,20150921_131453,D_tile320
20150921_131453_image1076.png,132,32,578,0,446,15,125.8884034268558,10.84840000839904,20150921_131453,D_tile320
20150921_131453_image1081.png,145,52,624,0,479,15,125.40030145272613,12.8260999917984,20150921_131453,D_tile320
20150921_131453_image1086.png,116,45,563,0,447,15,127.83389688655734,10.524200042709708,20150921_131453,D_tile320
20150921_131453_image1096.png,121,39,554,0,433,15,125.95139633491635,10.19800000358373,20150921_131453,D_tile320
20150921_131453_image11.png,139,53,565,0,426,15,125.35249894484878,11.312999995425344,20150921_131453,D_tile320
20150921_131453_image1101.png,109,34,508,0,399,15,136.77629413083196,8.670800016261637,20150921_131453,D_tile320
20150921_131453_image1111.png,142,37,648,0,506,15,133.7318926639855,23.729599954094738,20150921_131453,D_tile320
20150921_131453_image1116.png,131,35,624,0,493,15,127.90149684622884,11.128600046504289,20150921_131453,D_tile320
20150921_131453_image1121.png,131,35,613,0,482,15,124.16429841890931,12.138499994762242,20150921_131453,D_tile320
20150921_131453_image1126.png,114,38,553,0,439,15,126.73369836434722,10.684699984267354,20150921_131453,D_tile320
20150921_131453_image1141.png,145,48,719,0,574,15,126.60200002416968,12.27070001186803,20150921_131453,D_tile320
20150921_131453_image1161.png,154,47,762,0,608,15,128.71770607680082,13.790299999527633,20150921_131453,D_tile320
20150921_131453_image1196.png,157,45,659,0,502,15,127.23179844021797,13.256800011731684,20150921_131453,D_tile320
20150921_131453_image1201.png,188,49,801,0,613,15,125.77619793266058,18.64429999841377,20150921_131453,D_tile320
20150921_131453_image1211.png,165,44,801,0,636,15,128.9394994340837,14.668099989648908,20150921_131453,D_tile320
20150921_131453_image1241.png,162,52,796,0,634,15,126.2905986905098,15.773699968121946,20150921_131453,D_tile320
20150921_131453_image16.png,138,54,642,0,504,15,124.93619694188237,12.557799986097962,20150921_131453,D_tile320
20150921_131453_image171.png,123,43,534,0,411,15,125.43809908255935,11.002300016116351,20150921_131453,D_tile320
20150921_131453_image176.png,137,46,520,0,383,15,135.93090567737818,12.821200012695044,20150921_131453,D_tile320
20150921_131453_image181.png,174,50,688,0,514,15,128.93020052835345,16.363199974875897,20150921_131453,D_tile320
20150921_131453_image186.png,153,52,653,0,500,15,125.04700269550085,15.391200024168938,20150921_131453,D_tile320
20150921_131453_image196.png,158,55,690,0,532,15,128.62920510023832,18.754799966700375,20150921_131453,D_tile320
20150921_131453_image201.png,146,63,610,0,464,15,133.13450016453862,14.673300029244274,20150921_131453,D_tile320
20150921_131453_image21.png,151,49,669,0,518,15,126.95529766380787,13.162299990653992,20150921_131453,D_tile320
20150921_131453_image211.png,168,58,767,0,599,15,130.3542011193931,16.207700013183057,20150921_131453,D_tile320
20150921_131453_image221.png,145,48,538,0,393,15,125.03500087559223,10.191200010012835,20150921_131453,D_tile320
20150921_131453_image231.png,142,47,620,0,478,15,124.70260013639927,11.365899990778416,20150921_131453,D_tile320
20150921_131453_image236.png,151,46,679,0,528,15,124.74689806997776,12.868199963122606,20150921_131453,D_tile320
20150921_131453_image251.png,161,37,641,0,480,15,125.1303990855813,15.55240002926439,20150921_131453,D_tile320
20150921_131453_image26.png,140,48,675,0,535,15,127.85270304232836,12.062199995853007,20150921_131453,D_tile320
20150921_131453_image281.png,127,40,490,0,363,15,125.43980055302382,9.402700001373887,20150921_131453,D_tile320
20150921_131453_image31.png,141,47,697,0,556,15,127.13930206000805,11.176700005307794,20150921_131453,D_tile320
20150921_131453_image36.png,129,47,630,0,501,15,126.19480207934976,10.683600034099072,20150921_131453,D_tile320
20150921_131453_image391.png,224,82,827,0,603,15,127.84900059551,17.680800054222345,20150921_131453,D_tile320
20150921_131453_image401.png,208,93,718,0,510,15,125.67550328373909,16.363200033083558,20150921_131453,D_tile320
20150921_131453_image41.png,139,50,660,0,521,15,127.85160195082426,11.125099961645901,20150921_131453,D_tile320
20150921_131453_image46.png,143,46,659,0,516,15,126.34729759767652,12.647200026549399,20150921_131453,D_tile320
20150921_131453_image6.png,133,48,603,0,470,15,126.83290365338326,13.279000006150454,20150921_131453,D_tile320
20150921_131453_image601.png,209,35,867,0,658,15,126.34880114719272,20.541300007607788,20150921_131453,D_tile320
20150921_131453_image611.png,180,21,686,0,506,15,128.3602959178388,16.593099979218096,20150921_131453,D_tile320
20150921_131453_image626.png,184,16,758,0,574,15,125.47719946876168,15.366700012236834,20150921_131453,D_tile320
20150921_131453_image631.png,226,18,907,0,681,15,126.26819714903831,20.009999978356063,20150921_131453,D_tile320
20150921_131453_image636.png,209,16,751,0,542,15,131.19739309325814,17.51390000572428,20150921_131453,D_tile320
20150921_131453_image641.png,209,20,855,0,646,15,134.51940233260393,19.771499966736883,20150921_131453,D_tile320
20150921_131453_image646.png,189,21,703,0,514,15,128.32949391379952,15.202200040221214,20150921_131453,D_tile320
20150921_131453_image651.png,187,29,707,0,520,15,126.57689744606614,14.837299997452646,20150921_131453,D_tile320
20150921_131453_image66.png,125,35,472,0,347,15,128.2129971012473,9.894600021652877,20150921_131453,D_tile320
20150921_131453_image661.png,199,31,747,0,548,15,134.27540227398276,20.48469998408109,20150921_131453,D_tile320
20150921_131453_image666.png,158,23,597,0,439,15,128.13029662519693,12.258399976417422,20150921_131453,D_tile320
20150921_131453_image671.png,165,19,499,0,334,15,127.87870349735022,14.873200037982315,20150921_131453,D_tile320
20150921_131453_image676.png,147,30,546,0,399,15,126.05449669063091,13.772500038612634,20150921_131453,D_tile320
20150921_131453_image681.png,161,34,588,0,427,15,131.33870634809136,11.723499977961183,20150921_131453,D_tile320
20150921_131453_image686.png,178,33,613,0,435,15,126.86759888380766,14.153400028590113,20150921_131453,D_tile320
20150921_131453_image691.png,168,30,611,0,443,15,128.24819533899426,14.930900011677295,20150921_131453,D_tile320
20150921_131453_image701.png,142,27,549,0,407,15,124.62890074402094,11.707200028467923,20150921_131453,D_tile320
20150921_131453_image711.png,144,26,510,0,366,15,125.88279962167144,9.596200019586831,20150921_131453,D_tile320
20150921_131453_image721.png,174,29,647,0,473,15,131.88030568137765,30.92869999818504,20150921_131453,D_tile320
20150921_131453_image731.png,162,30,523,0,361,15,127.87380322813988,17.08590000635013,20150921_131453,D_tile320
20150921_131453_image746.png,218,54,753,0,535,15,127.223503600806,21.69830002821982,20150921_131453,D_tile320
20150921_131453_image76.png,107,34,492,0,385,15,134.69430423155427,8.932000026106834,20150921_131453,D_tile320
20150921_131453_image801.png,193,70,868,0,675,15,125.53880276530981,18.407999945338815,20150921_131453,D_tile320
20150921_131453_image81.png,115,35,504,0,389,15,127.83620177581906,10.142600047402084,20150921_131453,D_tile320
20150921_131453_image831.png,215,54,825,0,610,15,125.66079950332642,21.694600000046194,20150921_131453,D_tile320
20150921_131453_image841.png,238,54,915,0,677,15,128.76790668070316,25.75800003251061,20150921_131453,D_tile320
20150921_131453_image86.png,119,36,532,0,413,15,125.15040335804224,9.065599995665252,20150921_131453,D_tile320
20150921_131453_image891.png,154,58,564,0,410,15,123.19639636203647,15.060300007462502,20150921_131453,D_tile320
20150921_131453_image936.png,161,44,588,0,427,15,126.50620017200708,13.163499999791384,20150921_131453,D_tile320
20150921_131453_image946.png,133,44,560,0,427,15,130.1201013326645,10.173399990890175,20150921_131453,D_tile320
20150921_131453_image951.png,131,54,585,0,454,15,127.77550012245774,12.000799993984401,20150921_131453,D_tile320
20150921_131453_image96.png,124,38,494,0,370,15,125.46150264143944,8.749999979045242,20150921_131453,D_tile320
20150921_131453_image966.png,151,43,702,0,551,15,129.089296258986,21.178900031372905,20150921_131453,D_tile320
20150921_131453_image986.png,164,46,592,0,428,15,139.18090757727623,15.909200010355562,20150921_131453,D_tile320
20150921_131453_image991.png,186,57,680,0,494,15,126.71410202607512,15.489499957766384,20150921_131453,D_tile320
20150921_131453_image996.png,174,57,608,0,434,15,126.54199703037739,14.393500052392483,20150921_131453,D_tile320
20150921_131729_image1.png,43,11,123,0,80,15,123.93119641393423,2.519699977710843,20150921_131729,D_tile320
20150921_131729_image11.png,39,11,125,0,86,15,133.9457960948348,2.1527999779209495,20150921_131729,D_tile320
20150921_131729_image116.png,50,21,275,0,225,15,127.70950231701136,3.8446999969892204,20150921_131729,D_tile320
20150921_131729_image166.png,22,10,88,0,66,15,129.79010113701224,1.5779000241309404,20150921_131729,D_tile320
20150921_131729_image171.png,28,8,87,0,59,15,132.83229407668114,1.4384000096470118,20150921_131729,D_tile320
20150921_131729_image176.png,26,8,98,0,72,15,124.41420295834541,1.7608999623917043,20150921_131729,D_tile320
20150921_131729_image21.png,42,11,138,0,96,15,125.70300014317036,3.1319999834522605,20150921_131729,D_tile320
20150921_131729_image251.png,111,39,426,0,315,15,126.15970198437572,8.223700046073645,20150921_131729,D_tile320
20150921_131729_image256.png,100,43,407,0,307,15,126.90050365775824,6.541100039612502,20150921_131729,D_tile320
20150921_131729_image281.png,90,41,397,0,307,15,126.47729682922363,7.164900016505271,20150921_131729,D_tile320
20150921_131729_image286.png,88,41,372,0,284,15,124.22489731758833,6.185699952766299,20150921_131729,D_tile320
20150921_131729_image291.png,95,39,428,0,333,15,127.68610077723861,8.354899997357279,20150921_131729,D_tile320
20150921_131729_image306.png,111,43,369,0,258,15,125.23860001564026,7.309100008569658,20150921_131729,D_tile320
20150921_131729_image311.png,86,38,329,0,243,15,125.57400101423264,6.717199983540922,20150921_131729,D_tile320
20150921_131729_image366.png,83,38,290,0,207,15,124.79740084335208,7.756599981803447,20150921_131729,D_tile320
20150921_131729_image391.png,83,17,313,0,230,15,124.9907021522522,5.234199983533472,20150921_131729,D_tile320
20150921_131729_image396.png,87,17,286,0,199,15,130.9992944933474,6.356800033245236,20150921_131729,D_tile320
20150921_131729_image421.png,71,13,249,0,178,15,124.91270331665874,5.2646000403910875,20150921_131729,D_tile320
20150921_131729_image426.png,66,14,233,0,167,15,129.54690384492278,3.8203999865800142,20150921_131729,D_tile320
20150921_131729_image451.png,119,46,434,0,315,15,127.92670191451907,8.113600022625178,20150921_131729,D_tile320
20150921_131729_image471.png,103,46,428,0,325,15,128.26079419255257,7.891300017945468,20150921_131729,D_tile320
20150921_131729_image486.png,95,45,387,0,292,15,125.86469670757651,6.51470001321286,20150921_131729,D_tile320
20150921_131729_image491.png,84,42,336,0,252,15,127.2449986115098,6.482600001618266,20150921_131729,D_tile320
20150921_131729_image501.png,74,39,380,0,306,15,131.04259922727942,5.5275000049732625,20150921_131729,D_tile320
20150921_131729_image551.png,91,40,429,0,338,15,128.22880658134818,8.7370999972336,20150921_131729,D_tile320
20150921_131729_image556.png,92,34,450,0,358,15,125.53069655224681,6.514300010167062,20150921_131729,D_tile320
20150921_131729_image6.png,45,10,120,0,75,15,124.70180068910122,2.050000010058284,20150921_131729,D_tile320
20150921_131729_image656.png,103,45,371,0,268,15,126.73390219733119,6.768399965949357,20150921_131729,D_tile320
20150921_131729_image661.png,108,42,454,0,346,15,139.50689556077123,8.720199984963983,20150921_131729,D_tile320
20150921_131729_image676.png,120,46,493,0,373,15,130.94370671734214,14.950099983252585,20150921_131729,D_tile320
20150921_131729_image71.png,49,19,148,0,99,15,129.98910355195403,2.8627999708987772,20150921_131729,D_tile320
20150921_131729_image771.png,140,56,586,0,446,15,125.15990169346333,14.231399982236326,20150921_131729,D_tile320
20150921_131729_image806.png,115,48,473,0,358,15,124.94270019233227,11.95509999524802,20150921_131729,D_tile320
20150921_131729_image826.png,128,46,549,0,421,15,126.30250059068203,9.870200010482222,20150921_131729,D_tile320
20150921_132245_image1.png,175,18,451,0,276,15,126.00260047242045,11.302199971396476,20150921_132245,D_tile320
20150921_132245_image1001.png,62,7,172,0,110,15,125.98449838161469,3.250800014939159,20150921_132245,D_tile320
20150921_132245_image101.png,190,75,527,0,337,15,126.96409901231527,12.058100022841245,20150921_132245,D_tile320
20150921_132245_image1101.png,57,24,181,0,124,15,127.60810085013509,3.490900038741529,20150921_132245,D_tile320
20150921_132245_image1166.png,148,22,489,0,341,15,131.68430761247873,9.251000010408461,20150921_132245,D_tile320
20150921_132245_image201.png,125,35,433,0,308,15,133.9069949015975,9.186600043904036,20150921_132245,D_tile320
20150921_132245_image261.png,146,32,400,0,254,15,125.06080240756273,8.224100049119443,20150921_132245,D_tile320
20150921_132245_image301.png,178,37,715,0,537,15,125.66699703037739,14.210800000000745,20150921_132245,D_tile320
20150921_132245_image396.png,134,22,454,0,320,15,134.33250204473734,13.125900004524738,20150921_132245,D_tile320
20150921_132245_image401.png,129,34,395,0,266,15,128.056999579072,7.728199998382479,20150921_132245,D_tile320
20150921_132245_image446.png,138,30,531,0,393,15,128.9811046719551,10.722899984102696,20150921_132245,D_tile320
20150921_132245_image46.png,143,13,436,0,293,15,126.2027991078794,8.44800000777468,20150921_132245,D_tile320
20150921_132245_image501.png,150,41,546,0,396,15,128.53149303793907,11.520400003064424,20150921_132245,D_tile320
20150921_132245_image531.png,101,20,264,0,163,15,126.40599655732512,4.774499975610524,20150921_132245,D_tile320
20150921_132245_image601.png,172,37,545,0,373,15,129.34540007263422,10.80700004240498,20150921_132245,D_tile320
20150921_132245_image656.png,84,9,197,0,113,15,126.10080303251743,3.930000006221235,20150921_132245,D_tile320
20150921_132245_image701.png,69,5,168,0,99,15,133.22550578042865,3.644399985205382,20150921_132245,D_tile320
20150921_132245_image751.png,40,7,93,0,53,15,127.91220223158598,2.155399997718632,20150921_132245,D_tile320
20150921_132245_image786.png,56,6,169,0,113,15,125.22039844095707,3.409299999475479,20150921_132245,D_tile320
20150921_132245_image801.png,78,8,231,0,153,15,132.34549843519926,4.254800034686923,20150921_132245,D_tile320
20150921_132245_image836.png,51,8,147,0,96,15,124.19800370186567,2.680799982044846,20150921_132245,D_tile320
20150921_132245_image901.png,76,9,200,0,124,15,127.69729744642973,4.395800002384931,20150921_132245,D_tile320
20150921_132245_image976.png,57,5,134,0,77,15,124.97849948331714,2.5456000003032386,20150921_132245,D_tile320
20150921_131625_image1.png,48,61,72,0,24,15,128.18909909576178,1.6586999990977347,20150921_131625,D_tile320
20150921_131625_image1001.png,50,60,77,0,27,15,130.22930164262652,2.6246000197716057,20150921_131625,D_tile320
20150921_131625_image1051.png,34,53,61,0,27,15,127.64740337431431,1.3280999846756458,20150921_131625,D_tile320
20150921_131625_image1056.png,44,45,68,0,24,15,127.14140286669135,1.7737000016495585,20150921_131625,D_tile320
20150921_131625_image1091.png,42,50,75,0,33,15,125.0031026378274,1.6539999633096159,20150921_131625,D_tile320
20150921_131625_image1096.png,42,47,65,0,23,15,125.77520339563489,1.3565000263042748,20150921_131625,D_tile320
20150921_131625_image1101.png,38,50,57,0,19,15,124.27960227057338,1.8753999611362815,20150921_131625,D_tile320
20150921_131625_image1111.png,45,53,64,0,19,15,125.499800786376,2.515300002414733,20150921_131625,D_tile320
20150921_131625_image156.png,55,58,81,0,26,15,127.64680366963148,1.909000042360276,20150921_131625,D_tile320
20150921_131625_image161.png,51,57,92,0,41,15,132.35139517858624,2.254699997138232,20150921_131625,D_tile320
20150921_131625_image186.png,57,45,97,0,40,15,132.1332045868039,2.5404999614693224,20150921_131625,D_tile320
20150921_131625_image201.png,58,47,90,0,32,15,126.15949685499072,2.2225999855436385,20150921_131625,D_tile320
20150921_131625_image226.png,63,47,102,0,39,15,131.21059630438685,3.4341999562457204,20150921_131625,D_tile320
20150921_131625_image236.png,56,48,91,0,35,15,129.39999632164836,2.338999998755753,20150921_131625,D_tile320
20150921_131625_image271.png,61,73,95,0,34,15,138.2041031718254,2.3929000017233193,20150921_131625,D_tile320
20150921_131625_image301.png,66,93,100,0,34,15,130.15480210632086,2.9115999932400882,20150921_131625,D_tile320
20150921_131625_image306.png,68,87,115,0,47,15,131.7593993395567,3.2697999849915504,20150921_131625,D_tile320
20150921_131625_image31.png,82,61,135,0,53,15,129.48959646373987,3.1306000309996307,20150921_131625,D_tile320
20150921_131625_image336.png,65,96,94,0,29,15,129.17310706153512,2.4218999897129834,20150921_131625,D_tile320
20150921_131625_image361.png,51,100,86,0,35,15,129.72800058871508,2.3327000089921057,20150921_131625,D_tile320
20150921_131625_image441.png,58,78,84,0,26,15,128.63869390636683,2.9961999971419573,20150921_131625,D_tile320
20150921_131625_image471.png,54,92,79,0,25,15,124.17549892142415,2.1449000341817737,20150921_131625,D_tile320
20150921_131625_image501.png,89,103,135,0,46,15,127.2655021250248,3.9482000283896923,20150921_131625,D_tile320
20150921_131625_image511.png,87,98,132,0,45,15,126.71340093761683,3.4370000357739627,20150921_131625,D_tile320
20150921_131625_image546.png,70,98,97,0,27,15,125.06519836187363,3.423399990424514,20150921_131625,D_tile320
20150921_131625_image636.png,70,46,122,0,52,15,127.99769645184278,5.303099984303117,20150921_131625,D_tile320
20150921_131625_image641.png,79,43,133,0,54,15,129.175300873816,3.5038000205531716,20150921_131625,D_tile320
20150921_131625_image646.png,86,39,136,0,50,15,125.79959974810481,4.056999983731657,20150921_131625,D_tile320
20150921_131625_image651.png,95,37,156,0,61,15,134.41530416160822,4.363799991551787,20150921_131625,D_tile320
20150921_131625_image656.png,92,36,144,0,52,15,130.6190973110497,7.232900010421872,20150921_131625,D_tile320
20150921_131625_image661.png,86,32,148,0,62,15,129.55899427831173,4.083499952685088,20150921_131625,D_tile320
20150921_131625_image666.png,85,30,144,0,59,15,124.82670013606548,4.036300000734627,20150921_131625,D_tile320
20150921_131625_image671.png,74,27,115,0,41,15,129.27759630978107,2.8775999671779573,20150921_131625,D_tile320
20150921_131625_image676.png,74,29,102,0,28,15,143.50959503650665,2.592100005131215,20150921_131625,D_tile320
20150921_131625_image681.png,72,33,90,0,18,15,132.04970164597034,2.365899970754981,20150921_131625,D_tile320
20150921_131625_image686.png,77,37,119,0,42,15,129.23299948126078,3.005300008226186,20150921_131625,D_tile320
20150921_131625_image691.png,73,42,123,0,50,15,129.04099921509624,3.2702000462450087,20150921_131625,D_tile320
20150921_131625_image696.png,68,36,118,0,50,15,122.91560166329145,3.347799996845424,20150921_131625,D_tile320
20150921_131625_image701.png,64,28,106,0,42,15,129.40530525520444,3.0175999854691327,20150921_131625,D_tile320
20150921_131625_image706.png,53,27,92,0,39,15,129.06010266765952,2.508200006559491,20150921_131625,D_tile320
20150921_131625_image711.png,72,27,122,0,50,15,124.87850212305784,3.055299981497228,20150921_131625,D_tile320
20150921_131625_image726.png,49,34,75,0,26,15,125.85260136798024,2.072799950838089,20150921_131625,D_tile320
20150921_131625_image746.png,75,63,109,0,34,15,128.45120726898313,2.4426999734714627,20150921_131625,D_tile320
20150921_131625_image751.png,71,63,100,0,29,15,125.5147007368505,3.0067000188864768,20150921_131625,D_tile320
20150921_131625_image76.png,70,40,122,0,52,15,124.16019812598825,2.925400040112436,20150921_131625,D_tile320
20150921_131625_image801.png,70,73,115,0,45,15,125.20670337602496,3.189500013832003,20150921_131625,D_tile320
20150921_131625_image806.png,70,80,105,0,35,15,126.42890379205346,2.8377000126056373,20150921_131625,D_tile320
20150921_131625_image851.png,50,95,82,0,32,15,124.61319755017757,2.3874000180512667,20150921_131625,D_tile320
20150921_131625_image881.png,46,81,92,0,46,15,127.95449989661574,1.9820000161416829,20150921_131625,D_tile320
20150921_131625_image906.png,42,80,65,0,23,15,131.05479479953647,1.5622000209987164,20150921_131625,D_tile320
20150921_131625_image91.png,82,39,128,0,46,15,130.43840020149946,3.152000019326806,20150921_131625,D_tile320
20150921_131625_image966.png,56,85,90,0,34,15,135.4545052871108,2.469999948516488,20150921_131625,D_tile320
20150921_131833_image1.png,20,26,41,0,21,15,127.70230043306947,0.9815000230446458,20150921_131833,D_tile320
20150921_131833_image101.png,49,20,81,0,32,15,125.66669953614473,3.6347999703139067,20150921_131833,D_tile320
20150921_131833_image106.png,54,16,76,0,22,15,127.53829758986831,1.9803000031970441,20150921_131833,D_tile320
20150921_131833_image11.png,26,27,35,0,9,15,127.89309685304761,0.9514999692328274,20150921_131833,D_tile320
20150921_131833_image111.png,52,13,87,0,35,15,124.30449889972806,2.5936999591067433,20150921_131833,D_tile320
20150921_131833_image116.png,58,11,93,0,35,15,126.34689712524414,2.6871999725699425,20150921_131833,D_tile320
20150921_131833_image121.png,58,8,90,0,32,15,126.45569904893637,2.85349995829165,20150921_131833,D_tile320
20150921_131833_image126.png,47,4,72,0,25,15,126.60870112106204,1.788900000974536,20150921_131833,D_tile320
20150921_131833_image131.png,60,6,92,0,32,15,126.68259832262993,2.2335000103339553,20150921_131833,D_tile320
20150921_131833_image136.png,60,7,89,0,29,15,126.58629962056875,2.5038000312633812,20150921_131833,D_tile320
20150921_131833_image141.png,50,6,79,0,29,15,125.0295036174357,1.8195000011473894,20150921_131833,D_tile320
20150921_131833_image146.png,54,12,78,0,24,15,123.9073992818594,2.2037000162526965,20150921_131833,D_tile320
20150921_131833_image151.png,58,22,92,0,34,15,130.24789972230792,3.060900024138391,20150921_131833,D_tile320
20150921_131833_image156.png,47,30,71,0,24,15,128.66120174527168,1.569200016092509,20150921_131833,D_tile320
20150921_131833_image16.png,24,26,41,0,17,15,128.46369659155607,1.0449999826960266,20150921_131833,D_tile320
20150921_131833_image161.png,52,41,91,0,39,15,124.41109623759985,2.361200051382184,20150921_131833,D_tile320
20150921_131833_image166.png,55,38,103,0,48,15,131.9575930684805,2.3743000347167253,20150921_131833,D_tile320
20150921_131833_image171.png,56,43,97,0,41,15,128.75779747590423,2.5554000167176127,20150921_131833,D_tile320
20150921_131833_image181.png,69,45,101,0,32,15,124.94359857216477,2.762699965387583,20150921_131833,D_tile320
20150921_131833_image186.png,62,45,101,0,39,15,138.2194939851761,2.3702000034973025,20150921_131833,D_tile320
20150921_131833_image191.png,65,39,111,0,46,15,124.59849923849106,3.3494000090286136,20150921_131833,D_tile320
20150921_131833_image196.png,55,40,96,0,41,15,127.83429710939527,2.6331000262871385,20150921_131833,D_tile320
20150921_131833_image201.png,60,40,96,0,36,15,126.37139755114913,2.3793000145815313,20150921_131833,D_tile320
20150921_131833_image21.png,28,25,41,0,13,15,128.22639927640557,1.3296999968588352,20150921_131833,D_tile320
20150921_131833_image216.png,67,40,121,0,54,15,129.4619047343731,2.9195999959483743,20150921_131833,D_tile320
20150921_131833_image221.png,67,42,113,0,46,15,134.3016926534474,2.9821000061929226,20150921_131833,D_tile320
20150921_131833_image241.png,84,51,136,0,52,15,126.06960181519389,4.03589999768883,20150921_131833,D_tile320
20150921_131833_image246.png,85,52,130,0,45,15,128.1002984829247,4.125800041947514,20150921_131833,D_tile320
20150921_131833_image26.png,40,23,66,0,26,15,129.06609799712896,2.089099958539009,20150921_131833,D_tile320
20150921_131833_image266.png,68,44,114,0,46,15,124.38330126926303,2.912700001616031,20150921_131833,D_tile320
20150921_131833_image271.png,91,49,146,0,55,15,126.22079735249281,4.778000002261251,20150921_131833,D_tile320
20150921_131833_image276.png,78,48,135,0,57,15,128.82599822804332,3.8135999930091202,20150921_131833,D_tile320
20150921_131833_image281.png,82,43,134,0,52,15,132.34639516845345,3.977700020186603,20150921_131833,D_tile320
20150921_131833_image286.png,71,45,108,0,37,15,126.9799964800477,2.6270999806001782,20150921_131833,D_tile320
20150921_131833_image296.png,79,43,119,0,40,15,127.72339897602797,3.4005999914370477,20150921_131833,D_tile320
20150921_131833_image31.png,48,26,76,0,28,15,130.13499861210585,2.2459999890998006,20150921_131833,D_tile320
20150921_131833_image311.png,49,39,69,0,20,15,127.93830130621791,2.064800006337464,20150921_131833,D_tile320
20150921_131833_image316.png,54,31,83,0,29,15,126.74919996038079,2.182799973525107,20150921_131833,D_tile320
20150921_131833_image321.png,58,39,82,0,24,15,127.87349638342857,1.8804999999701977,20150921_131833,D_tile320
20150921_131833_image326.png,54,28,80,0,26,15,135.1697940416634,2.4287000414915383,20150921_131833,D_tile320
20150921_131833_image331.png,57,26,73,0,16,15,134.7025934047997,1.8846000311896205,20150921_131833,D_tile320
20150921_131833_image336.png,48,24,65,0,17,15,127.4684031046927,1.676199957728386,20150921_131833,D_tile320
20150921_131833_image341.png,43,22,61,0,18,15,123.7297003082931,1.6813999973237514,20150921_131833,D_tile320
20150921_131833_image346.png,65,29,92,0,27,15,125.67359727993608,3.2271999516524374,20150921_131833,D_tile320
20150921_131833_image351.png,59,30,88,0,29,15,126.34900062903762,2.6623999583534896,20150921_131833,D_tile320
20150921_131833_image356.png,61,29,96,0,35,15,130.23809941485524,2.875700010918081,20150921_131833,D_tile320
20150921_131833_image36.png,51,26,84,0,33,15,126.1828034631908,3.8295999984256923,20150921_131833,D_tile320
20150921_131833_image366.png,65,31,101,0,36,15,133.05660240724683,3.2091999892145395,20150921_131833,D_tile320
20150921_131833_image371.png,70,41,102,0,32,15,127.41299732774496,2.557000028900802,20150921_131833,D_tile320
20150921_131833_image381.png,52,37,68,0,16,15,124.69670019298792,1.9020999898202717,20150921_131833,D_tile320
20150921_131833_image386.png,63,30,76,0,13,15,123.02930171787739,2.004200010560453,20150921_131833,D_tile320
20150921_131833_image391.png,70,30,94,0,24,15,127.4302977770567,2.8010999667458236,20150921_131833,D_tile320
20150921_131833_image396.png,68,32,101,0,33,15,125.42879996448755,2.689999993890524,20150921_131833,D_tile320
20150921_131833_image401.png,58,31,86,0,28,15,129.56170240789652,2.334800024982542,20150921_131833,D_tile320
20150921_131833_image406.png,59,38,86,0,27,15,127.83099983632565,2.4517999845556915,20150921_131833,D_tile320
20150921_131833_image41.png,43,20,64,0,21,15,126.956897161901,1.7394000315107405,20150921_131833,D_tile320
20150921_131833_image411.png,49,39,71,0,22,15,137.758596919477,2.0918999798595905,20150921_131833,D_tile320
20150921_131833_image416.png,41,36,68,0,27,15,136.10379814356565,1.7296000150963664,20150921_131833,D_tile320
20150921_131833_image421.png,51,44,97,0,46,15,131.53320745751262,2.80770001700148,20150921_131833,D_tile320
20150921_131833_image431.png,43,47,73,0,30,15,132.00640020519495,1.8115999992005527,20150921_131833,D_tile320
20150921_131833_image436.png,45,45,70,0,25,15,124.98739865794778,1.8620999762788415,20150921_131833,D_tile320
20150921_131833_image446.png,42,48,67,0,25,15,127.43830135464668,2.051499963272363,20150921_131833,D_tile320
20150921_131833_image451.png,51,49,89,0,38,15,132.75909665226936,2.510200021788478,20150921_131833,D_tile320
20150921_131833_image46.png,42,23,69,0,27,15,136.28760089352727,2.2665999713353813,20150921_131833,D_tile320
20150921_131833_image466.png,63,55,93,0,30,15,128.5517032891512,2.2859000018797815,20150921_131833,D_tile320
20150921_131833_image471.png,73,56,110,0,37,15,148.0101971924305,3.6293999874033034,20150921_131833,D_tile320
20150921_131833_image51.png,50,23,86,0,36,15,125.37999909371138,2.641900035087019,20150921_131833,D_tile320
20150921_131833_image511.png,58,51,88,0,30,15,127.9584985114634,2.8114999877288938,20150921_131833,D_tile320
20150921_131833_image516.png,59,53,88,0,29,15,128.1784043572843,2.4714000173844397,20150921_131833,D_tile320
20150921_131833_image521.png,65,56,100,0,35,15,124.41169624775648,2.6885000406764448,20150921_131833,D_tile320
20150921_131833_image526.png,67,56,94,0,27,15,126.28319792449474,2.444899990223348,20150921_131833,D_tile320
20150921_131833_image536.png,61,60,115,0,54,15,127.63400292769074,2.662300015799701,20150921_131833,D_tile320
20150921_131833_image541.png,78,60,138,0,60,15,126.28419788554311,3.6199999740347266,20150921_131833,D_tile320
20150921_131833_image546.png,70,59,128,0,58,15,126.339898198843,4.87310002790764,20150921_131833,D_tile320
20150921_131833_image56.png,58,26,109,0,51,15,127.2244970574975,2.6661999872885644,20150921_131833,D_tile320
20150921_131833_image6.png,20,25,41,0,21,15,124.28109953925014,1.020899973809719,20150921_131833,D_tile320
20150921_131833_image61.png,65,23,111,0,46,15,129.14859276264906,2.900599967688322,20150921_131833,D_tile320
20150921_131833_image66.png,65,23,115,0,50,15,126.94310046359897,3.7743999855592847,20150921_131833,D_tile320
20150921_131833_image71.png,57,24,108,0,51,15,124.08359847590327,3.0391999753192067,20150921_131833,D_tile320
20150921_131833_image76.png,48,23,97,0,49,15,126.0307025462389,2.6328000240027905,20150921_131833,D_tile320
20150921_131833_image81.png,55,24,100,0,45,15,125.82030126452446,3.1515000155195594,20150921_131833,D_tile320
20150921_131833_image86.png,47,23,96,0,49,15,126.6992974281311,1.9718999974429607,20150921_131833,D_tile320
20150921_131833_image91.png,54,19,102,0,48,15,136.28820577263832,2.473299973644316,20150921_131833,D_tile320
20150921_131833_image96.png,50,22,90,0,40,15,127.90980172902346,2.4124999763444066,20150921_131833,D_tile320
20150921_132038_image1.png,37,29,58,0,21,15,123.90319791436195,1.2589000398293138,20150921_132038,D_tile320
20150921_132038_image1001.png,65,15,101,0,36,15,125.1870021186769,2.7338999789208174,20150921_132038,D_tile320
20150921_132038_image1006.png,63,16,100,0,37,15,124.8161018639803,2.4828999885357916,20150921_132038,D_tile320
20150921_132038_image101.png,102,70,172,0,70,15,128.5330932624638,4.13519999710843,20150921_132038,D_tile320
20150921_132038_image1011.png,58,14,84,0,26,15,126.1130997389555,2.318799961358309,20150921_132038,D_tile320
20150921_132038_image1056.png,50,13,67,0,17,15,126.12599639594555,1.76470004953444,20150921_132038,D_tile320
20150921_132038_image106.png,123,73,217,0,94,15,126.00630240514874,5.398500012233853,20150921_132038,D_tile320
20150921_132038_image1076.png,68,13,117,0,49,15,126.25580128654838,3.2288000220432878,20150921_132038,D_tile320
20150921_132038_image11.png,47,33,73,0,26,15,129.65449792519212,1.94089999422431,20150921_132038,D_tile320
20150921_132038_image1101.png,51,17,82,0,31,15,126.98949998244643,1.8850999767892063,20150921_132038,D_tile320
20150921_132038_image111.png,127,76,230,0,103,15,127.2988027408719,6.3930999604053795,20150921_132038,D_tile320
20150921_132038_image116.png,118,76,221,0,103,15,126.19810374081135,5.187599977944046,20150921_132038,D_tile320
20150921_132038_image1161.png,42,9,55,0,13,15,131.06909856945276,1.6243000281974673,20150921_132038,D_tile320
20150921_132038_image1191.png,31,5,37,0,6,15,137.76439309865236,1.3265999732539058,20150921_132038,D_tile320
20150921_132038_image1196.png,28,8,38,0,10,15,127.98550247773528,1.0850999969989061,20150921_132038,D_tile320
20150921_132038_image1206.png,34,6,47,0,13,15,131.5842974372208,1.1620000004768372,20150921_132038,D_tile320
20150921_132038_image121.png,144,74,272,0,128,15,127.21980201080441,6.540899979881942,20150921_132038,D_tile320
20150921_132038_image1241.png,45,6,59,0,14,15,127.55940079689026,1.4535000082105398,20150921_132038,D_tile320
20150921_132038_image1256.png,34,8,50,0,16,15,125.65179819986224,1.2527999933809042,20150921_132038,D_tile320
20150921_132038_image126.png,120,70,211,0,91,15,124.92779676616192,5.377400026191026,20150921_132038,D_tile320
20150921_132038_image1306.png,28,11,47,0,19,15,125.8210969530046,1.3226000010035932,20150921_132038,D_tile320
20150921_132038_image131.png,102,68,184,0,82,15,128.51399770751595,4.432799993082881,20150921_132038,D_tile320
20150921_132038_image136.png,101,67,173,0,72,15,129.16009652614594,4.150499997194856,20150921_132038,D_tile320
20150921_132038_image1371.png,53,26,74,0,21,15,124.00710208714008,1.9360999576747417,20150921_132038,D_tile320
20150921_132038_image1386.png,40,25,59,0,19,15,128.89499821141362,1.8551000393927097,20150921_132038,D_tile320
20150921_132038_image141.png,111,70,192,0,81,15,132.6975968927145,5.814299976918846,20150921_132038,D_tile320
20150921_132038_image1441.png,26,9,35,0,9,15,127.56700212880969,0.819200009573251,20150921_132038,D_tile320
20150921_132038_image1446.png,32,9,40,0,8,15,128.82300047203898,0.9399999980814755,20150921_132038,D_tile320
20150921_132038_image146.png,104,76,175,0,71,15,128.99879399687052,5.562600039411336,20150921_132038,D_tile320
20150921_132038_image151.png,85,86,144,0,59,15,126.81830076500773,4.412500013131648,20150921_132038,D_tile320
20150921_132038_image156.png,102,71,167,0,65,15,128.09050088748336,4.522900038864464,20150921_132038,D_tile320
20150921_132038_image16.png,58,32,86,0,28,15,130.41330005601048,1.9444000208750367,20150921_132038,D_tile320
20150921_132038_image161.png,106,66,179,0,73,15,128.55850052461028,4.527999961283058,20150921_132038,D_tile320
20150921_132038_image166.png,110,82,179,0,69,15,125.58379982411861,4.269000026397407,20150921_132038,D_tile320
20150921_132038_image171.png,114,66,179,0,65,15,127.11470188945532,4.384299973025918,20150921_132038,D_tile320
20150921_132038_image176.png,118,71,191,0,73,15,135.33759330958128,5.7422000099904835,20150921_132038,D_tile320
20150921_132038_image21.png,53,30,87,0,34,15,128.1799002327025,1.857800001744181,20150921_132038,D_tile320
20150921_132038_image26.png,48,29,80,0,32,15,125.10510083660483,1.9167999853380024,20150921_132038,D_tile320
20150921_132038_image261.png,65,37,100,0,35,15,128.14350102469325,2.3518000380136073,20150921_132038,D_tile320
20150921_132038_image266.png,44,33,63,0,19,15,131.08020120486617,1.4826999977231026,20150921_132038,D_tile320
20150921_132038_image271.png,34,37,56,0,22,15,128.14009837061167,1.219900033902377,20150921_132038,D_tile320
20150921_132038_image276.png,42,40,69,0,27,15,131.24089288711548,1.4593999949283898,20150921_132038,D_tile320
20150921_132038_image281.png,52,38,77,0,25,15,126.1013027690351,1.9839999731630087,20150921_132038,D_tile320
20150921_132038_image286.png,46,37,62,0,16,15,125.35540249943733,1.4980999985709786,20150921_132038,D_tile320
20150921_132038_image31.png,43,30,66,0,23,15,128.66099600866437,1.4230000087991357,20150921_132038,D_tile320
20150921_132038_image336.png,38,39,57,0,19,15,124.58849681913853,1.282599987462163,20150921_132038,D_tile320
20150921_132038_image341.png,57,50,91,0,34,15,126.09159956499934,2.274200029205531,20150921_132038,D_tile320
20150921_132038_image36.png,50,30,79,0,29,15,129.23939863964915,2.3365000379271805,20150921_132038,D_tile320
20150921_132038_image361.png,56,66,92,0,36,15,125.95690039917827,2.1829999750480056,20150921_132038,D_tile320
20150921_132038_image391.png,65,72,101,0,36,15,124.85320305079222,2.888800052460283,20150921_132038,D_tile320
20150921_132038_image41.png,36,30,57,0,21,15,132.45670448988676,1.4638000284321606,20150921_132038,D_tile320
20150921_132038_image431.png,60,62,80,0,20,15,128.1923996731639,2.2403000039048493,20150921_132038,D_tile320
20150921_132038_image46.png,38,29,64,0,26,15,125.59079899638891,1.5501999878324568,20150921_132038,D_tile320
20150921_132038_image496.png,30,27,45,0,15,15,132.0076059140265,1.1955000227317214,20150921_132038,D_tile320
20150921_132038_image51.png,44,30,71,0,27,15,125.84930089116096,1.8148000235669315,20150921_132038,D_tile320
20150921_132038_image551.png,64,36,108,0,44,15,128.86670137941837,2.389600034803152,20150921_132038,D_tile320
20150921_132038_image56.png,45,31,63,0,18,15,126.91390277072787,1.7954999930225313,20150921_132038,D_tile320
20150921_132038_image6.png,48,32,78,0,30,15,130.50740263611078,2.5428999797441065,20150921_132038,D_tile320
20150921_132038_image61.png,48,34,75,0,27,15,126.08699683099985,2.5600999942980707,20150921_132038,D_tile320
20150921_132038_image636.png,60,43,102,0,42,15,132.8070989139378,3.275599970947951,20150921_132038,D_tile320
20150921_132038_image66.png,47,30,69,0,22,15,125.87610020115972,2.5883999769575894,20150921_132038,D_tile320
20150921_132038_image666.png,36,30,55,0,19,15,128.11729479953647,2.4406000156886876,20150921_132038,D_tile320
20150921_132038_image686.png,57,24,84,0,27,15,127.46560063585639,3.263200051151216,20150921_132038,D_tile320
20150921_132038_image71.png,55,45,91,0,36,15,126.3174985870719,2.410800021607429,20150921_132038,D_tile320
20150921_132038_image76.png,48,44,80,0,32,15,127.88279772549868,2.4804999702610075,20150921_132038,D_tile320
20150921_132038_image796.png,57,28,88,0,31,15,126.92649726197124,2.031700045336038,20150921_132038,D_tile320
20150921_132038_image81.png,50,36,77,0,27,15,126.08580043539405,1.7764000222086906,20150921_132038,D_tile320
20150921_132038_image856.png,47,15,58,0,11,15,126.36690245568752,1.6009000246413052,20150921_132038,D_tile320
20150921_132038_image86.png,55,40,83,0,28,15,126.12959748134017,1.7651999951340258,20150921_132038,D_tile320
20150921_132038_image871.png,46,13,64,0,18,15,124.93439722061157,1.4965999871492386,20150921_132038,D_tile320
20150921_132038_image891.png,46,12,71,0,25,15,134.3870957940817,1.590500003658235,20150921_132038,D_tile320
20150921_132038_image896.png,41,9,70,0,29,15,128.69350215047598,1.6503999941051006,20150921_132038,D_tile320
20150921_132038_image901.png,42,7,76,0,34,15,123.54620112106204,1.7871999880298972,20150921_132038,D_tile320
20150921_132038_image906.png,44,5,92,0,48,15,129.28070336952806,2.051000017672777,20150921_132038,D_tile320
20150921_132038_image91.png,79,41,109,0,30,15,141.58279890567064,2.866299997549504,20150921_132038,D_tile320
20150921_132038_image911.png,50,6,86,0,36,15,125.38819804415107,1.956599997356534,20150921_132038,D_tile320
20150921_132038_image916.png,61,6,93,0,32,15,125.30650106444955,2.4588999804109335,20150921_132038,D_tile320
20150921_132038_image921.png,50,10,85,0,35,15,127.42799698188901,2.0427999552339315,20150921_132038,D_tile320
20150921_132038_image926.png,51,10,85,0,34,15,126.37420293688774,2.0042999531142414,20150921_132038,D_tile320
20150921_132038_image931.png,50,11,75,0,25,15,129.4439964182675,2.1362000261433423,20150921_132038,D_tile320
20150921_132038_image96.png,81,52,126,0,45,15,128.8253971748054,3.333300002850592,20150921_132038,D_tile320
20150921_132038_image971.png,62,16,96,0,34,15,127.66410363093019,2.3717000149190426,20150921_132038,D_tile320
20150921_132038_image996.png,50,12,76,0,26,15,128.27299577370286,2.528899989556521,20150921_132038,D_tile320
