image,sha1,gt,boxes
20150919_174151_image1.png,00d6d34d1f38c73235060fcbda35626fb69f2962,95,137 144 161 170 137 169 161 189 171 172 192 191 183 188 194 200 226 194 252 217 225 175 235 188 19 230 47 265 13 264 35 285 1 257 20 278 115 225 137 247 162 225 177 243 50 309 71 334 64 289 83 304 96 299 126 335 68 311 100 346 96 334 118 361 54 335 81 371 69 373 100 411 37 372 71 402 42 403 73 430 26 422 47 449 9 419 26 442 1 405 24 433 151 315 173 341 201 320 238 359 234 281 257 310 186 233 211 264 242 215 269 236 330 353 356 382 355 347 383 374 8 544 45 574 39 572 81 611 163 582 189 609 145 430 175 457 172 449 205 479 131 385 164 415 106 375 136 405 104 403 126 431 271 441 302 475 281 396 318 430 329 378 361 412 338 465 368 501 284 466 312 492 27 659 61 687 96 673 133 707 160 668 193 699 210 655 238 673 278 605 300 631 270 655 299 687 249 688 276 714 266 698 297 730 321 787 352 815 229 739 259 767 146 772 171 798 282 915 304 943 408 839 428 855 404 740 428 762 477 767 506 793 428 268 447 297 530 366 557 392 410 483 433 512 603 371 630 395 553 351 585 384 582 330 611 358 692 227 718 250 704 243 720 261 698 319 719 339 682 305 708 326 509 625 538 657 514 645 550 676 572 687 596 708 587 696 615 714 513 720 534 735 537 707 559 724 297 939 320 956 320 899 342 921 340 909 352 929 239 767 255 792 194 708 217 731 487 277 502 293 165 260 177 274 180 803 190 824 249 827 267 847 79 434 106 461 150 479 175 502 192 487 212 504 683 570 701 586 700 582 718 596 688 622 704 636 676 762 702 785 445 767 464 783 421 711 450 725 420 692 435 712 455 662 487 687 649 834 674 857
20150919_174151_image101.png,97159abb58aa22ab8975b244ba906954705ec6e4,102,0 264 7 277 1 303 7 324 5 303 19 326 2 373 12 394 39 355 60 373 51 325 71 348 77 364 99 385 85 302 111 331 85 330 108 345 84 341 98 353 110 315 129 339 130 307 148 324 128 338 145 356 107 344 131 367 154 280 175 310 138 434 150 449 155 416 185 445 182 421 195 433 169 391 181 405 256 323 299 371 292 362 334 410 274 400 316 440 201 446 218 463 213 455 232 472 225 490 244 507 261 436 283 453 262 454 279 471 270 470 286 486 283 470 301 488 292 544 305 556 305 539 323 553 0 645 27 675 0 687 11 710 0 790 6 811 2 884 37 918 50 650 76 679 30 734 71 773 84 706 112 731 90 781 109 803 67 797 82 822 45 833 70 863 72 839 89 857 177 837 192 857 152 757 174 782 91 570 106 583 101 619 122 647 127 654 158 690 175 649 196 660 246 609 275 633 218 693 241 723 254 667 265 674 280 693 302 715 306 688 328 711 322 682 341 699 344 465 388 511 450 398 471 415 590 128 615 157 613 133 637 158 636 131 655 152 647 146 672 166 668 108 693 135 710 69 719 88 693 98 720 131 699 132 718 154 705 197 719 223 422 419 442 438 633 347 652 368 647 337 676 371 670 317 703 349 682 305 706 319 701 298 719 323 682 341 706 370 705 344 720 372 368 678 389 700 389 676 408 695 374 714 395 737 385 761 408 779 464 708 483 731 488 723 510 741 531 467 553 486 438 549 464 571 479 558 509 591 490 587 523 619 531 668 575 714 563 699 598 733 594 739 616 765 695 679 719 704 520 535 538 566 517 570 539 585 532 548 571 586 604 443 638 470 620 500 651 526 692 483 719 514 590 570 630 607 650 520 681 549 654 585 690 621 695 535 720 567 2 510 21 534 548 508 575 525 445 462 468 494 483 806 500 823 529 765 546 782
20150919_174151_image106.png,71850a04dad96ff301cd95ec32933cac6619a244,99,0 259 25 290 43 247 71 271 29 298 42 319 64 290 82 314 0 352 20 374 37 367 54 386 51 366 72 385 98 346 119 363 111 310 131 337 21 493 34 508 49 499 63 514 66 510 78 523 2 569 13 583 22 832 42 851 40 810 75 846 50 780 83 808 75 876 109 909 21 715 52 747 59 692 79 702 118 824 140 852 149 830 160 851 130 788 151 812 239 828 251 848 155 770 173 790 102 724 138 760 67 638 95 666 112 642 143 672 155 696 180 722 210 749 232 771 148 559 164 576 170 609 193 640 193 647 227 680 223 670 235 683 240 639 256 653 284 687 308 715 273 681 291 698 340 685 361 708 364 678 384 702 383 672 401 690 312 597 343 625 136 354 158 373 145 289 171 320 146 315 168 332 145 329 162 344 166 333 189 357 187 321 205 348 193 294 211 315 214 268 239 297 233 289 244 305 201 422 212 439 218 405 248 433 245 404 260 423 257 434 274 454 270 446 290 459 284 480 299 495 317 423 339 443 320 441 337 458 326 457 343 475 343 457 355 476 359 457 371 476 449 753 469 774 450 668 471 688 430 670 452 691 436 710 453 729 328 308 373 356 345 390 385 427 364 344 408 392 416 451 459 499 520 705 542 720 662 735 684 763 608 662 651 709 637 695 674 731 499 539 525 565 547 550 580 582 557 575 588 607 487 404 510 428 594 527 615 555 590 559 609 578 608 538 652 578 668 559 711 600 654 109 681 139 679 115 701 145 702 117 717 136 677 434 709 462 692 488 719 517 168 302 189 323 230 375 245 394 339 415 364 435 363 424 380 441 347 434 364 448 157 641 171 660 620 498 647 511 659 485 674 498 512 450 538 483 517 383 541 403 180 537 197 551 492 651 514 668 598 689 616 711 627 710 647 732
20150919_174151_image11.png,59f56994bdf9044fc3bf157ddcfde3a50e72cf2d,105,1 228 7 242 5 228 29 250 30 238 47 257 37 214 59 235 82 261 105 282 65 283 83 302 82 284 117 318 111 274 143 307 113 308 132 332 165 288 188 312 131 198 149 214 154 118 174 140 155 139 176 157 189 142 207 160 196 159 210 172 178 199 199 218 203 212 223 231 340 216 360 239 449 242 470 268 510 251 529 266 375 324 403 345 350 328 379 355 347 357 380 387 254 254 271 274 221 294 255 332 302 372 333 406 181 390 203 417 191 427 217 452 163 405 189 433 146 358 177 387 120 379 138 406 123 351 151 379 81 349 116 383 75 308 97 347 53 347 83 377 59 378 84 404 36 398 59 422 24 395 38 416 6 385 37 407 0 392 17 415 95 411 116 431 166 455 191 476 27 521 60 549 55 552 90 585 53 586 78 607 46 635 75 662 174 559 202 585 114 651 147 684 159 753 182 777 172 649 206 675 226 632 247 650 294 584 316 607 286 636 314 665 266 665 292 689 282 677 311 707 244 718 273 745 250 749 265 771 266 806 278 826 297 893 317 917 309 914 329 932 294 878 314 896 337 875 358 895 379 778 392 798 337 766 367 793 206 462 227 478 424 818 442 830 417 718 442 740 467 743 476 760 494 748 519 771 542 773 566 790 612 306 633 329 558 345 579 364 578 328 608 354 612 344 630 367 631 348 655 368 478 411 497 430 285 421 317 450 301 444 327 467 357 443 385 471 388 446 403 469 429 462 450 488 526 601 556 636 478 642 505 665 538 628 570 654 668 638 681 650 591 667 614 685 613 673 635 692 558 683 579 701 533 701 557 727 437 675 452 692 699 299 719 320 243 146 255 159 244 162 266 191 255 186 281 204 304 257 325 274 611 438 624 454 705 543 720 564 125 606 146 624 205 680 236 708 195 780 204 801 354 885 365 907 667 820 693 839 695 744 720 770 445 692 467 703 711 280 720 301
20150919_174151_image111.png,23024ad0a27f00a6b8b3c81a88519cfb793a5453,114,0 285 19 317 0 318 11 342 15 303 36 326 60 301 84 324 13 241 26 257 61 210 88 237 109 192 137 221 130 237 148 264 162 297 181 315 113 313 132 336 96 317 113 337 31 386 54 408 6 395 31 417 30 471 51 491 61 524 78 540 0 688 10 708 1 714 29 745 2 757 19 778 49 705 83 740 51 754 66 769 82 789 104 809 125 733 152 762 114 766 151 800 150 830 185 863 135 592 162 621 178 614 190 631 183 598 211 627 175 681 211 717 94 670 129 704 190 781 213 800 221 790 231 807 223 652 251 680 244 565 265 594 269 603 303 636 299 786 311 805 208 745 224 770 221 731 236 746 274 708 297 730 359 642 382 673 336 639 358 658 406 645 425 667 430 639 453 661 449 633 470 655 79 450 93 463 106 456 123 470 124 469 135 482 174 259 196 285 201 304 222 325 210 238 233 267 210 263 233 283 233 251 253 271 230 286 253 306 255 270 269 296 259 244 282 264 282 215 305 243 302 230 325 244 270 376 278 391 288 354 316 383 297 330 317 344 311 348 330 375 292 380 313 393 321 387 335 405 332 400 350 414 345 436 359 451 385 378 404 397 382 398 400 416 390 412 407 430 407 412 420 429 419 415 432 432 412 248 457 300 454 286 499 339 429 330 470 375 438 374 457 393 412 360 435 389 507 400 551 451 573 497 601 519 633 505 668 538 645 531 676 562 297 521 306 531 391 551 418 580 503 630 524 651 521 626 547 650 505 670 524 691 516 715 538 737 593 665 614 686 706 622 719 665 681 650 705 672 706 664 719 690 672 514 695 531 703 493 719 532 688 478 709 511 167 529 189 549 207 514 225 533 242 495 263 511 223 598 236 617 195 629 214 642 124 645 155 662 564 611 590 628 593 402 622 437 579 351 595 375 406 384 429 404 405 326 428 347 289 250 307 269 93 247 105 269 599 371 618 390 649 361 669 376 682 388 713 404 423 486 442 502 409 489 426 504 447 551 462 562 653 582 685 606 45 841 62 861 115 529 130 545 361 347 378 367
20150919_174151_image116.png,7c9e3a704114732b3a85618ca48dc8c20648cfe2,106,164 182 196 219 116 201 146 235 146 237 164 266 182 229 208 260 230 252 254 283 216 288 240 312 256 294 283 323 342 206 368 236 363 217 392 244 345 241 368 260 314 231 339 262 266 231 294 261 289 243 314 266 310 264 337 287 305 286 328 301 283 271 313 302 263 254 291 279 258 269 280 289 357 313 386 345 384 309 409 339 376 338 398 368 352 345 382 375 491 225 544 283 536 260 589 319 580 354 618 382 588 378 643 435 506 351 538 385 64 233 84 257 22 279 49 309 49 282 76 311 64 301 95 327 42 312 72 343 114 296 144 326 166 311 189 330 150 314 170 336 472 314 498 332 477 350 508 377 665 392 700 422 666 321 695 345 676 350 701 382 639 483 671 511 467 377 489 400 436 370 461 390 437 389 461 411 443 405 465 429 461 404 480 424 478 407 492 425 397 428 417 448 386 390 406 414 371 378 394 404 298 492 315 511 85 384 114 414 0 290 26 318 9 319 35 345 82 468 109 494 128 446 147 467 113 523 133 544 159 453 177 474 173 465 188 482 196 591 227 619 246 599 279 629 17 641 58 673 233 611 254 634 293 649 319 680 302 602 325 619 339 599 374 634 310 556 337 595 461 546 494 573 566 619 589 647 587 620 612 647 632 600 661 621 658 659 681 684 570 663 594 687 583 710 609 735 505 626 533 650 489 632 515 662 469 641 489 666 428 639 453 675 391 634 418 659 329 707 357 738 240 676 282 723 268 745 293 776 261 781 287 820 350 788 368 807 219 836 253 870 180 766 224 805 189 735 225 769 156 667 189 705 57 715 96 748 109 709 152 742 141 788 164 811 53 763 76 783 99 842 119 867 104 753 126 772 21 732 53 758 4 698 40 730 2 450 30 478 6 342 34 372 477 480 501 499 216 526 239 550 204 495 229 515 181 648 214 658 219 672 235 693 502 314 552 363 535 343 566 381 264 548 283 570
20150919_174151_image121.png,da1e03aa7212cc170a4d53a186d22b47c8cb8d7d,117,31 307 54 330 13 387 51 422 24 753 45 773 98 633 131 664 80 691 114 721 102 725 124 748 119 751 140 773 133 707 166 738 46 269 70 287 70 277 93 302 83 334 109 346 89 310 109 325 99 268 127 295 119 301 145 328 126 271 148 301 147 290 169 308 144 221 159 242 193 283 221 307 239 298 259 321 163 372 187 394 153 460 175 481 200 437 213 451 225 444 243 454 239 455 251 469 182 514 200 532 170 743 191 764 205 786 226 805 190 700 224 734 234 666 270 696 274 730 303 759 264 760 298 800 275 486 291 502 282 519 305 538 274 582 306 612 321 590 351 621 321 673 358 711 299 836 331 865 342 779 373 812 417 785 429 802 398 700 418 723 374 643 397 672 195 189 222 213 249 168 276 194 223 223 239 251 269 210 285 243 289 278 307 295 332 282 356 306 304 236 331 266 343 215 369 246 341 241 364 262 334 253 351 271 365 226 388 248 359 263 386 287 385 247 407 273 395 214 415 237 421 186 447 213 441 199 472 219 469 235 488 250 441 304 460 315 433 330 462 361 458 325 475 350 439 367 459 391 455 379 473 399 467 419 485 433 511 358 531 374 510 374 528 392 517 392 535 413 535 390 551 411 546 394 560 412 573 376 588 390 395 546 419 581 424 592 459 626 462 630 488 652 513 631 541 665 563 629 588 652 583 622 604 645 553 537 583 562 599 199 651 255 649 237 699 291 606 292 656 337 637 327 671 361 561 337 591 363 590 332 624 367 700 363 720 418 647 615 671 642 671 615 694 637 641 650 655 665 651 659 671 678 660 710 685 729 167 836 182 856 42 414 71 433 80 437 101 466 63 429 86 457 537 284 559 314 560 298 586 320 585 292 604 305 705 346 720 363 669 339 702 356 538 362 559 383 487 327 504 344 507 319 521 329 471 294 494 321 119 472 142 488 303 512 321 537 364 480 381 498 382 480 395 500 389 466 412 484 406 585 416 612 373 594 394 611 389 620 407 632 131 683 163 708 54 784 89 809 358 739 371 768 608 558 626 571 23 674 36 685 259 637 281 653 395 657 413 673
20150919_174151_image126.png,f6ae7953185628d5c5a8d45850eae4a726421a6f,107,1 101 16 125 23 127 52 154 17 116 46 130 41 102 70 135 47 138 69 166 56 162 86 193 26 250 60 287 42 318 76 356 4 380 34 411 49 426 70 441 20 477 50 511 0 496 23 531 7 599 25 622 119 681 129 691 123 760 143 779 9 163 38 199 133 315 155 339 121 398 157 433 153 424 176 444 204 644 239 674 189 703 219 732 204 735 229 757 215 767 235 785 237 721 274 751 297 716 331 751 267 757 291 779 301 800 322 818 344 679 378 713 409 859 445 889 377 781 411 818 387 751 416 777 455 801 488 835 176 289 196 311 150 282 171 298 186 343 207 356 194 324 212 333 199 276 229 305 225 311 248 337 229 282 251 310 246 297 271 323 298 296 322 318 267 384 290 406 254 471 275 493 281 527 297 544 370 497 384 511 375 531 397 549 433 692 471 733 496 714 517 742 483 663 511 693 381 597 410 627 425 607 458 637 475 609 500 630 510 566 535 600 541 610 574 646 563 650 589 671 295 450 311 468 323 458 337 466 335 470 346 481 303 199 329 222 248 232 265 255 378 222 394 251 340 312 359 333 392 287 413 310 410 248 435 279 436 292 459 317 449 224 475 255 447 254 471 273 436 266 455 286 470 236 493 263 465 269 490 293 492 257 516 284 505 225 531 252 530 196 554 223 551 213 581 233 554 313 574 329 544 342 572 372 591 338 610 360 554 393 575 416 569 434 586 450 630 655 660 687 692 643 713 664 669 650 696 675 676 554 709 584 613 368 634 387 658 289 673 324 672 304 692 328 677 354 699 373 710 348 719 380 676 393 691 405 643 378 661 392 618 390 632 408 623 410 641 430 641 408 654 424 652 410 664 428 355 179 385 207 264 852 278 870 329 234 344 260 539 229 552 248 582 247 595 261 585 306 603 337 571 333 589 367 545 385 564 402 183 449 203 476 172 440 191 465 151 790 177 815 518 603 533 628 397 525 423 551
20150919_174151_image131.png,2df582f88b76e0805b6c8e460c7019b8cae8ea0c,111,0 63 17 94 0 106 24 138 38 67 63 91 58 85 76 106 108 83 126 111 85 106 111 134 106 117 132 146 118 142 146 171 4 200 24 214 1 242 9 261 30 234 51 255 90 231 125 268 104 305 139 336 68 367 98 401 1 414 22 444 107 409 128 424 38 392 52 408 66 587 94 611 59 485 89 512 83 463 111 495 1 656 7 679 192 295 218 319 185 380 220 416 216 404 242 421 165 665 176 674 178 746 200 765 205 777 227 797 269 632 302 659 251 689 283 715 266 722 292 743 270 747 292 766 302 708 336 737 322 740 346 759 210 257 234 275 236 265 259 286 261 253 289 283 291 259 310 287 246 324 270 335 286 290 310 317 314 275 330 297 310 207 326 225 369 172 394 199 427 147 456 174 444 192 464 225 361 270 387 293 403 284 421 308 326 362 351 382 312 451 331 471 352 430 366 444 337 507 353 523 390 449 401 458 379 435 395 444 428 474 441 491 433 510 451 528 452 506 476 528 359 781 380 800 362 699 398 732 416 664 446 693 453 258 475 281 478 215 504 246 483 844 520 876 450 766 487 807 461 733 492 766 508 676 548 717 559 647 586 674 533 786 561 811 556 700 584 726 620 712 631 722 629 629 655 651 447 577 477 611 497 585 528 614 482 533 492 546 556 456 577 474 625 490 635 501 590 543 616 582 626 591 659 622 501 265 524 286 504 236 525 256 513 217 539 237 517 193 544 222 543 206 563 231 530 241 556 268 566 226 590 255 576 191 603 217 606 160 630 192 627 177 658 200 630 281 649 296 664 275 687 306 620 309 652 343 647 305 667 334 684 337 709 358 686 359 707 379 692 378 711 400 710 379 719 397 633 404 651 421 625 366 640 381 54 193 78 217 260 341 279 357 248 300 270 326 609 192 632 215 657 213 674 227 394 205 412 234 591 330 610 350 317 832 337 856 596 580 611 608 536 611 557 626 543 585 558 608 241 429 268 459 231 421 253 447 460 661 484 680 156 440 174 461
20150919_174151_image136.png,5e6082d934c9bb6c4072d90572f94b007afda8e1,121,145 127 181 166 137 106 165 135 112 83 146 126 128 68 164 107 82 69 113 94 69 44 94 74 18 45 54 82 3 51 20 73 24 89 57 128 10 88 29 122 1 105 30 132 91 133 122 169 123 219 160 263 50 219 77 243 21 180 51 205 9 225 31 249 133 290 171 329 464 151 498 185 403 172 434 203 469 200 505 233 427 208 453 238 515 228 543 256 484 261 513 291 534 274 566 303 537 242 561 268 549 229 579 257 555 204 586 239 579 217 607 245 566 250 596 280 600 232 633 264 591 257 612 276 614 205 649 235 651 206 674 227 644 173 677 203 669 186 706 212 701 221 719 242 672 290 698 315 708 286 719 315 663 323 699 361 693 319 715 353 427 289 452 314 392 272 423 303 341 203 357 233 664 419 690 441 317 258 346 287 336 274 364 304 34 257 50 275 216 291 245 318 237 255 264 275 253 244 266 262 294 253 320 283 261 262 288 280 277 300 300 323 313 288 342 320 355 361 385 390 273 319 302 347 92 354 131 390 7 398 49 440 1 435 28 475 81 474 112 509 105 456 138 489 211 372 251 413 240 393 272 424 332 451 359 475 267 426 294 460 367 432 390 448 399 439 417 458 76 577 107 602 359 510 379 531 288 463 310 481 406 451 422 470 447 481 464 500 453 518 475 540 474 512 497 539 499 543 522 562 482 588 517 623 443 568 464 588 549 484 566 499 580 470 606 490 654 501 681 517 613 507 631 528 531 597 563 631 563 604 577 622 555 624 578 643 617 593 640 618 632 556 681 597 642 596 685 631 670 610 716 646 657 645 687 669 598 657 631 693 547 691 593 733 591 713 610 742 441 642 462 665 449 673 482 707 66 380 85 400 123 401 150 423 496 746 535 782 564 802 605 836 484 781 530 823 520 854 562 895 332 837 352 862 374 788 399 814 371 762 394 788 391 704 432 744 284 748 310 774 293 724 320 751 338 745 366 763 328 711 366 747 275 688 312 723 292 631 330 669 188 743 211 765 215 778 245 801 287 624 305 647 12 134 27 154 44 10 65 33 630 344 654 374 0 638 27 677 175 432 204 455 75 184 99 210 1 467 33 494 17 360 46 390
20150919_174151_image141.png,11c7a7eb2894e15de3cdba5aef47e3fc1a23de53,119,11 56 34 73 36 52 71 80 43 93 79 132 51 78 65 93 33 93 55 126 21 109 41 131 6 164 28 185 1 216 13 233 34 187 51 207 22 237 38 256 59 226 84 245 44 261 63 278 144 226 178 263 92 56 115 79 110 74 128 95 155 75 176 108 133 86 157 100 135 99 164 132 159 110 178 140 165 135 193 168 18 445 50 482 39 407 74 441 68 411 87 435 101 480 132 516 122 467 158 497 11 653 46 685 92 592 117 611 187 443 211 464 113 362 144 396 155 302 193 335 230 296 251 318 230 382 266 417 263 410 287 429 280 437 301 463 190 753 211 771 217 787 240 809 287 758 310 780 292 698 325 728 304 730 330 756 310 640 347 670 306 632 321 651 339 690 353 708 344 719 379 751 337 849 351 867 378 795 400 818 368 773 396 794 342 754 362 771 412 712 450 750 475 677 502 715 468 735 485 756 527 751 560 785 511 788 554 830 546 865 582 897 600 809 619 838 569 694 612 736 499 593 531 622 545 601 582 631 621 666 649 695 620 601 640 617 657 562 694 599 665 601 693 626 697 613 720 648 440 578 458 589 612 512 632 531 656 507 677 521 662 424 684 445 341 459 364 480 364 517 380 533 444 487 461 502 249 256 271 278 275 270 295 297 305 260 331 287 290 306 310 325 286 327 309 342 324 293 351 319 332 261 357 286 350 279 371 305 366 370 391 391 372 436 389 455 399 448 416 464 448 523 469 542 470 519 493 537 492 511 507 530 438 295 459 318 410 279 436 299 353 214 367 232 418 179 446 206 442 215 462 238 493 272 514 293 546 278 571 303 482 154 512 188 490 205 520 235 525 230 551 259 547 250 569 272 576 257 606 284 561 237 590 257 568 206 595 240 595 222 615 246 612 241 640 267 628 207 656 235 661 180 689 210 670 208 687 232 685 193 714 218 690 302 711 316 682 331 713 364 712 325 719 353 499 477 511 489 513 483 529 495 515 471 530 485 640 732 654 747 661 728 673 741 145 416 160 428 83 373 106 410 111 142 135 171 634 371 653 396 450 502 474 517 404 459 423 476 453 651 466 663 14 476 56 503
20150919_174151_image146.png,776df5f324ed3c1a5f6ab634ed418589bb7dff7f,113,20 64 42 87 60 61 96 91 73 91 94 104 71 104 105 142 60 107 71 133 42 123 69 150 65 149 84 171 16 174 40 194 45 196 66 214 2 223 27 240 30 242 47 264 71 237 96 258 54 269 77 288 173 239 208 278 117 66 140 93 132 86 151 108 125 153 157 181 160 104 188 141 177 124 203 151 186 145 217 181 178 89 200 121 50 456 89 497 72 422 108 461 105 422 123 445 44 495 72 513 130 496 159 527 152 481 181 511 0 659 11 682 38 670 77 700 202 765 223 786 229 802 251 825 302 776 321 792 352 867 365 885 143 374 178 410 208 453 240 471 186 314 220 348 260 396 296 431 291 424 312 442 303 456 321 477 330 747 360 773 331 715 354 742 332 649 348 671 339 654 378 685 376 734 413 770 355 771 378 788 385 791 414 808 390 810 419 831 448 730 486 765 513 695 549 731 511 756 526 773 522 815 538 833 270 271 286 291 290 282 314 308 304 317 327 338 309 344 326 356 326 273 351 302 347 309 371 336 354 276 375 303 376 297 392 318 372 230 389 249 434 294 459 317 455 310 475 333 390 384 412 406 357 474 379 494 386 450 400 468 410 459 427 480 378 529 396 546 574 770 609 803 561 804 602 846 588 885 630 918 652 830 668 853 610 713 658 757 661 688 691 717 532 610 563 635 578 618 611 647 638 618 658 635 702 580 720 616 710 617 719 646 442 196 474 221 470 230 486 256 512 289 536 309 510 170 541 204 529 219 545 251 547 248 571 276 567 294 591 319 568 264 588 285 590 221 621 255 584 248 608 271 596 273 623 295 612 238 633 262 639 258 663 284 654 228 681 253 690 195 714 227 710 216 719 243 650 386 666 403 665 403 681 417 675 443 696 455 713 351 720 373 453 499 467 519 464 515 479 531 458 534 478 554 480 532 502 557 502 524 520 543 450 587 469 602 509 559 528 577 632 530 650 551 562 553 579 569 518 495 537 513 520 482 540 497 637 443 662 463 685 227 711 249 550 757 566 772 363 705 384 727
20150919_174151_image151.png,2caeb667c0cec64450a70b60eed21e1134bf57ac,118,9 63 32 86 66 56 103 93 78 103 114 145 67 107 85 138 53 101 79 125 44 124 70 151 21 135 48 157 10 171 32 195 0 224 20 242 42 196 61 215 32 249 46 266 52 268 74 290 72 236 98 261 125 69 143 91 137 86 153 106 166 111 191 141 187 121 204 150 192 145 223 179 188 241 222 281 198 318 238 351 161 377 195 393 127 428 151 452 100 426 132 457 78 465 116 505 15 666 41 692 83 671 108 705 151 495 176 528 168 477 202 514 215 761 235 783 244 795 264 818 303 767 314 782 314 767 333 789 366 856 385 875 405 802 432 824 400 784 427 803 354 643 373 670 365 650 400 681 293 690 307 714 350 710 379 742 362 744 385 767 367 767 388 779 405 730 439 763 475 723 516 759 270 270 291 289 291 279 317 305 209 451 242 477 273 395 313 432 307 426 329 440 313 315 331 335 318 333 334 358 390 444 403 461 362 466 384 489 382 523 400 543 545 689 575 724 543 749 566 768 612 764 644 796 600 800 641 841 630 877 671 911 689 821 705 851 647 704 690 748 690 679 720 706 503 618 520 630 552 600 586 630 327 269 354 300 355 272 380 301 350 303 374 332 379 290 395 313 396 378 420 405 374 223 395 243 441 284 470 314 459 306 476 328 447 189 476 213 470 226 491 247 512 282 535 301 517 165 550 197 522 213 556 245 551 242 575 268 570 289 595 309 596 216 622 251 589 241 612 268 605 265 629 290 618 230 640 255 645 252 670 280 657 217 693 251 697 189 718 217 645 376 665 399 659 390 679 408 677 430 696 448 410 450 429 466 450 492 467 510 457 527 479 546 464 504 476 521 482 525 505 544 501 512 519 535 508 549 532 569 600 613 634 640 648 607 668 623 663 626 680 641 558 495 579 510 518 473 531 485 513 486 531 498 40 485 57 510 70 141 94 173 184 92 201 116 159 97 184 116 259 263 280 276 99 201 117 225 694 218 717 246 623 275 641 294 698 358 717 381 70 685 85 706 383 702 410 720 586 748 607 767 661 773 690 804 637 517 656 535 655 542 681 552 692 517 702 530 637 410 656 431
20150919_174151_image156.png,07a149b65ad4b8ff601396eff7d3f9b1f530cc72,114,0 36 16 55 12 51 38 78 86 53 117 86 92 99 126 133 77 102 103 129 54 115 83 145 32 128 51 149 14 166 38 187 49 189 68 209 5 213 34 232 38 238 51 258 55 263 78 283 78 230 103 252 107 195 126 217 153 239 185 264 1 469 28 500 4 571 26 594 34 664 58 690 88 673 122 705 103 461 137 501 122 423 152 456 146 425 167 449 221 759 241 779 249 794 269 814 306 760 320 779 320 765 342 783 302 685 314 710 369 638 391 666 382 647 418 679 370 707 395 735 378 738 402 763 410 770 435 794 412 796 439 818 539 797 557 815 422 726 459 760 497 719 534 755 559 682 600 719 567 743 589 767 656 870 697 907 639 758 671 790 625 791 670 832 669 694 713 742 507 610 525 631 571 598 603 626 615 604 651 633 137 62 157 85 151 80 169 98 199 81 211 105 178 96 205 133 200 116 216 142 202 137 231 171 202 235 241 277 215 311 253 345 176 372 215 391 290 390 328 427 322 419 345 437 277 262 301 282 266 256 282 270 300 271 324 300 319 304 342 331 326 332 340 350 406 368 431 395 369 461 391 482 190 480 219 510 170 493 193 524 222 448 251 471 389 516 406 533 338 261 365 292 365 262 390 296 383 213 400 237 388 286 406 305 361 299 382 323 451 279 478 304 464 297 483 317 457 181 485 207 528 156 559 190 536 204 566 234 516 274 541 291 482 224 502 239 559 231 588 258 579 280 604 304 600 204 630 237 594 235 619 261 620 218 644 249 610 253 634 282 653 238 674 268 665 207 699 238 702 174 720 190 708 190 720 229 411 444 431 459 452 485 469 499 460 519 481 540 480 511 501 534 500 502 519 522 509 537 531 561 645 365 669 386 659 380 684 396 679 416 698 434 560 484 581 501 566 532 588 553 641 507 658 527 683 501 697 517 87 140 109 168 55 482 73 508 78 498 114 520 509 472 526 489 513 458 530 477 634 395 653 418 701 216 720 238 613 742 634 760 686 766 712 796 661 531 683 544 464 498 486 518 169 267 195 294
20150919_174151_image16.png,1b638e4fb2461d5d06bd3a625187f634b3b504cf,96,1 197 28 227 27 215 45 234 36 189 57 209 81 236 107 259 61 261 84 281 87 264 118 297 114 252 145 287 117 284 149 313 75 286 99 324 56 326 85 357 84 330 116 361 57 358 81 383 0 371 14 396 4 363 32 381 24 377 37 397 171 266 192 292 226 275 261 312 36 377 58 402 57 376 79 394 95 392 116 414 127 331 156 357 150 339 179 367 123 360 143 387 165 386 193 415 194 411 222 437 28 501 62 527 57 533 92 569 46 619 75 646 117 637 148 668 181 546 204 569 177 637 211 659 157 742 182 763 194 767 204 784 226 619 246 639 205 665 236 695 251 737 266 756 245 706 271 730 290 626 317 652 295 574 316 594 267 652 295 676 286 668 313 694 260 795 275 811 298 881 318 905 337 866 357 887 309 903 329 923 341 754 370 781 425 802 442 822 429 706 451 729 469 732 482 750 379 776 396 788 157 98 175 120 158 116 179 136 192 120 210 140 206 194 226 214 251 146 274 174 265 167 285 194 259 238 275 258 347 202 367 217 306 355 340 387 290 402 323 436 384 307 410 332 357 310 387 337 357 343 388 368 309 430 330 453 362 428 393 457 396 432 408 454 434 446 457 476 456 227 475 255 517 238 536 251 619 293 642 317 639 334 662 358 564 331 588 352 586 313 619 346 489 738 501 758 501 740 522 761 485 632 512 659 533 593 563 620 545 616 576 644 618 663 636 683 595 652 617 675 562 674 586 690 541 691 563 707 547 765 570 783 168 438 193 465 204 446 228 463 485 398 505 416 675 809 696 830 693 818 712 835 249 124 261 139 183 369 206 401 131 177 152 194 56 565 80 590 698 735 720 762 442 662 457 684 444 680 472 692 616 330 640 359
20150919_174151_image161.png,c89adbc1f913c31d83620de45263cff09870beed,123,41 66 71 91 1 132 14 154 48 180 71 201 60 143 86 165 90 128 122 160 125 65 158 103 114 76 128 98 175 67 197 96 194 91 207 108 136 111 170 149 120 110 141 145 232 93 247 118 216 111 244 144 235 129 251 155 236 150 265 184 80 203 98 223 141 209 158 230 151 202 175 223 40 230 67 249 7 257 45 285 0 290 31 320 72 249 86 268 114 239 139 267 89 274 113 294 189 250 210 277 246 247 281 290 36 482 73 516 6 514 44 555 166 436 196 467 143 473 183 518 226 490 258 523 1 678 11 711 77 678 101 704 130 687 166 723 246 772 270 795 270 808 294 831 331 779 346 793 345 775 364 798 439 811 464 833 434 788 461 812 410 722 431 753 413 756 437 781 457 742 492 774 405 652 426 677 419 660 452 694 531 738 570 771 608 696 633 734 608 759 629 782 561 812 586 834 623 812 647 833 697 890 719 926 669 810 711 852 679 777 713 810 709 720 720 754 218 389 252 406 253 322 295 357 326 403 362 439 358 433 378 451 395 475 418 495 413 529 432 551 334 283 354 311 353 320 373 341 369 272 394 303 393 276 418 310 414 296 437 322 390 310 413 334 413 229 431 250 484 293 509 319 433 387 460 409 434 455 454 474 472 496 488 515 484 510 505 529 481 530 500 553 500 528 523 551 530 552 552 571 517 520 540 538 530 623 549 642 607 608 636 640 649 618 682 650 681 629 695 648 583 496 604 516 610 495 631 522 489 193 520 223 562 169 598 204 542 286 566 305 510 238 528 258 564 219 597 248 588 247 613 275 630 221 657 254 693 223 720 252 653 234 675 259 622 251 647 273 681 255 705 281 636 270 658 292 608 290 631 316 665 377 686 399 679 394 701 415 697 432 720 451 531 476 544 487 525 491 543 503 505 479 519 494 95 495 116 522 116 511 157 533 1 328 25 358 105 101 129 135 649 414 669 433 626 482 647 503 46 579 67 609 431 712 459 732 653 759 675 780 590 550 613 571 680 545 704 557 670 523 683 545 703 518 720 535 471 591 486 606 581 752 595 771 330 701 348 727 131 150 154 179 41 298 62 326 309 275 337 301 597 260 621 283 710 656 720 671 400 867 417 890
20150919_174151_image166.png,3e8eb178a06be96857f36752241a04598e7e6029,117,1 115 25 148 0 137 13 154 15 111 39 141 15 85 33 106 100 71 128 97 195 67 229 104 143 110 161 132 169 104 191 131 180 75 197 101 246 71 267 96 189 112 210 148 155 130 189 164 114 147 143 178 46 140 72 166 104 185 130 209 135 208 161 232 98 233 124 262 77 262 113 299 1 266 20 305 63 291 98 328 30 335 56 363 55 333 85 360 144 278 175 304 168 246 199 275 198 213 223 241 215 209 235 229 278 115 311 147 289 97 317 122 205 111 238 155 300 152 332 186 299 126 319 158 246 251 277 279 314 248 355 291 323 320 367 365 402 285 419 309 430 275 461 309 456 280 483 313 476 229 490 254 410 323 439 344 451 311 479 339 472 299 500 322 549 292 578 320 498 385 524 415 287 387 321 413 392 406 432 444 423 434 449 454 554 191 588 222 635 170 669 204 700 217 719 255 643 217 673 253 579 238 598 258 611 285 631 308 675 291 699 316 700 270 720 300 689 245 720 273 657 246 681 268 660 265 690 282 232 438 269 470 264 438 285 469 8 434 30 458 108 482 151 527 79 519 119 551 162 502 184 526 187 512 220 537 220 478 259 518 296 495 323 526 454 479 479 503 471 534 490 557 523 502 543 523 537 517 552 534 689 488 712 506 670 499 692 524 641 502 663 522 555 535 579 560 576 523 598 547 592 559 608 582 682 616 717 647 138 684 171 714 194 695 236 730 43 679 89 724 118 584 140 614 473 658 496 689 487 668 528 702 529 747 567 785 611 742 651 784 674 708 720 745 23 841 76 890 299 780 324 804 401 786 425 809 388 787 402 803 324 817 350 838 392 708 407 734 473 727 506 766 481 764 509 795 492 798 522 823 495 822 527 845 648 758 671 782 685 769 718 791 622 818 644 845 0 72 10 95 84 59 101 81 130 58 146 69 129 256 144 276 1 317 21 340 209 347 232 367 240 420 255 439 1 627 31 666 15 692 46 718 591 629 613 643 588 665 605 674 688 822 706 845 582 480 600 495 580 493 595 511 653 553 677 573 703 417 720 437 697 434 709 447 259 92 274 116
20150919_174151_image171.png,4786b5c6cc89469dcb1952369a6bcc86853f6b3d,116,1 96 31 126 30 98 56 127 36 127 62 145 68 135 85 157 28 156 53 184 53 169 81 195 74 167 91 187 40 186 67 207 48 206 68 221 98 190 125 212 90 213 101 232 62 267 88 283 50 314 85 345 45 392 69 422 1 433 32 468 21 462 52 494 151 120 177 150 191 157 213 178 170 196 192 218 158 232 182 256 193 256 211 276 140 310 176 334 130 340 163 372 98 384 122 414 69 371 85 386 69 482 100 513 8 624 17 636 69 609 94 640 62 682 80 699 50 747 71 774 1 897 21 927 110 892 162 940 124 728 168 772 224 730 246 757 275 736 313 771 361 829 385 849 391 861 411 884 217 176 246 210 254 110 291 143 239 122 256 150 269 155 302 193 254 156 271 187 227 295 251 317 185 305 193 322 201 329 224 348 276 255 287 272 254 254 272 279 306 296 330 324 202 529 231 559 175 568 200 593 198 632 211 655 450 825 463 846 463 829 485 848 458 749 484 772 568 864 594 884 564 840 591 861 301 108 324 133 341 153 369 185 356 135 373 159 353 171 374 198 360 194 390 228 382 285 415 324 393 357 431 395 357 427 390 444 340 474 365 502 317 480 343 508 300 519 333 558 364 536 391 564 461 440 498 476 488 470 514 488 510 516 534 534 528 570 548 590 561 804 585 830 610 788 650 823 696 779 720 819 697 858 715 877 666 700 684 720 546 695 571 727 566 706 606 737 697 195 720 228 704 247 719 272 614 224 645 253 534 261 552 287 664 318 685 336 611 325 640 348 489 310 517 340 517 315 539 344 536 332 558 352 511 348 534 365 472 357 492 368 560 421 585 444 577 541 596 554 591 547 607 566 586 574 609 593 630 559 651 578 610 565 633 592 699 534 719 554 641 598 666 612 559 769 580 801 583 760 602 776 227 150 251 181 154 285 173 300 638 267 657 287 232 542 255 571 257 551 294 580 81 678 105 711 99 740 127 783 526 921 546 945 704 651 720 676 709 608 720 626 630 513 648 530 627 529 641 543 542 496 564 514 312 457 331 477 262 387 279 405 262 191 287 223
20150919_174151_image176.png,550578574d7bc2235a2290b98e86030a19067428,104,22 79 52 111 53 84 81 114 61 113 90 133 10 124 25 146 0 137 17 163 2 178 12 208 1 271 18 291 88 304 123 335 82 385 115 423 40 427 76 464 66 456 97 488 123 489 140 507 125 615 158 642 36 903 62 934 189 731 235 771 121 682 137 704 102 752 118 768 286 731 307 759 340 736 378 772 408 825 429 846 432 862 457 885 268 523 295 556 91 124 108 141 53 142 77 174 77 156 104 184 100 153 114 172 67 171 88 193 69 193 90 207 81 258 102 276 177 105 206 129 122 177 145 200 111 201 125 220 189 221 210 239 196 180 223 207 222 241 239 259 188 296 221 324 173 329 208 361 137 377 167 405 218 293 229 307 259 281 287 307 233 312 256 334 220 144 242 165 258 161 285 191 241 157 255 184 279 97 305 129 270 133 295 158 299 86 337 120 350 92 371 113 300 133 319 167 316 135 353 174 392 134 418 166 402 154 421 179 408 174 434 206 306 230 330 257 290 238 313 269 347 282 378 305 370 510 400 550 494 822 509 841 510 828 538 849 510 746 538 769 620 860 647 883 570 815 598 836 621 843 647 858 685 782 720 825 638 802 655 827 626 762 660 801 614 691 644 719 637 700 675 732 440 266 476 305 449 340 491 384 536 294 564 326 564 298 591 327 586 315 606 340 582 245 598 268 560 334 588 352 522 346 538 359 521 429 562 469 673 204 704 232 668 304 699 334 622 415 639 429 559 506 585 526 619 528 635 543 630 540 643 557 671 548 691 570 685 582 709 601 650 559 673 575 634 564 649 580 625 564 636 584 427 529 452 559 417 412 449 434 377 433 399 465 222 559 266 589 373 468 412 508 405 464 432 494 583 561 596 583 259 627 278 657 140 680 165 715 162 749 184 787 311 175 339 206 314 542 348 576 651 754 677 772 311 54 329 83 180 904 215 953 579 918 600 943
20150919_174151_image181.png,2cd95bacda824d42eddfee621cef52a709da3821,101,26 104 55 137 21 122 39 144 54 110 77 142 35 161 67 191 106 117 136 149 114 86 143 111 110 55 139 90 80 54 109 87 232 82 260 111 210 69 233 97 133 130 163 160 119 143 150 169 145 98 165 124 151 124 171 153 176 158 194 184 44 248 76 274 11 289 36 317 149 284 188 320 128 236 152 254 244 199 269 228 249 159 278 190 277 222 301 246 276 122 304 147 307 116 328 130 299 138 318 164 319 137 355 174 335 108 366 141 344 76 375 108 370 64 413 106 380 26 401 62 249 273 286 308 236 310 275 348 298 297 317 321 317 263 345 291 345 221 372 252 364 212 393 241 366 114 392 152 387 112 425 157 460 113 488 147 423 69 445 91 475 140 491 162 474 156 503 190 512 249 552 295 599 282 630 312 630 286 658 316 651 307 674 329 623 320 654 342 521 329 565 376 642 232 661 259 596 213 610 230 196 356 230 388 147 364 180 405 348 363 365 383 100 412 140 445 120 436 163 472 175 462 205 492 1 357 22 380 491 402 520 422 588 417 631 461 674 395 707 422 617 447 644 469 616 494 643 517 669 520 691 540 702 550 719 580 675 557 702 581 681 534 698 554 442 500 477 545 495 520 523 548 448 455 482 494 478 456 507 485 321 512 368 555 195 584 246 631 283 546 341 579 185 670 232 704 255 725 311 769 153 738 179 754 343 724 377 759 401 735 445 772 566 741 583 768 683 692 710 726 703 699 720 737 34 829 70 871 88 886 119 918 250 899 308 951 455 820 482 843 479 858 498 879 561 822 588 847 620 812 650 836 683 862 709 889 704 805 720 837 694 768 719 804 628 565 649 578 21 80 38 109 121 168 146 187 157 224 178 245 132 258 154 280 151 263 169 276 406 262 439 292 588 334 603 346 431 421 468 454 634 919 655 948
20150919_174151_image186.png,f64a4937629889e73d7325a0acb517059327850c,100,72 79 91 103 78 103 106 132 71 119 87 144 107 111 123 139 113 98 127 121 80 163 108 189 91 250 118 270 58 289 79 311 40 399 65 418 38 357 64 380 85 836 119 874 131 895 159 923 319 916 371 958 198 745 225 771 132 53 161 85 162 55 188 88 168 86 192 109 158 116 184 150 192 98 213 123 183 130 211 157 203 131 217 151 166 149 197 169 169 169 192 186 229 160 240 178 206 180 228 199 172 236 194 258 204 226 225 241 179 261 194 277 193 265 213 283 208 285 246 318 162 410 198 448 183 442 216 474 231 467 256 494 258 597 302 637 248 677 269 699 323 735 373 778 279 681 289 701 210 366 236 398 255 358 283 388 279 356 302 386 277 296 292 311 295 312 332 345 310 275 345 308 258 77 282 98 285 84 311 110 326 124 349 143 301 162 326 189 294 201 316 226 330 224 347 249 369 264 394 289 461 266 487 283 391 369 410 384 365 551 388 582 411 736 431 764 466 743 501 780 500 829 523 850 523 871 537 887 595 837 605 849 610 834 634 855 670 823 695 847 619 749 632 777 350 140 364 163 360 112 376 128 378 138 412 171 405 76 436 107 397 109 422 141 441 30 461 55 486 66 506 90 432 63 471 100 426 109 445 131 432 112 457 148 450 111 488 155 535 93 547 114 527 115 551 143 539 157 560 192 419 214 447 242 400 222 428 256 528 290 551 310 578 250 617 294 647 213 666 232 706 233 719 254 587 328 627 374 664 281 688 311 689 287 712 313 684 322 710 343 653 421 695 463 681 450 704 473 677 563 702 582 677 499 695 520 557 526 581 551 510 507 544 547 525 464 550 495 546 462 572 490 562 407 584 423 450 154 476 193 446 363 460 381 1 464 22 485 388 519 435 565 479 438 518 459 683 931 704 959
20150919_174151_image191.png,d5aa94e17e883e61f146fee2018292adeb50da72,100,242 127 272 161 267 127 280 150 256 92 276 118 230 81 254 104 224 52 252 85 192 46 225 80 216 112 248 147 224 139 258 168 222 160 252 188 166 108 187 138 138 92 166 133 127 115 151 143 14 124 51 161 1 179 30 225 29 225 57 249 1 235 41 282 129 156 159 190 127 74 153 106 312 67 345 98 343 82 370 110 277 151 305 181 355 159 387 191 385 121 414 148 412 112 435 135 407 141 429 163 440 131 460 158 448 133 483 171 464 106 498 140 478 72 510 105 507 59 557 98 514 20 544 55 563 59 580 87 597 111 625 144 500 101 520 143 507 107 531 148 527 110 567 153 538 90 557 111 593 96 622 114 605 153 634 189 706 221 720 244 653 249 694 297 661 331 710 385 349 199 380 226 392 223 407 249 429 262 457 293 456 220 487 256 480 211 508 244 519 266 557 284 585 291 612 317 593 464 631 503 623 463 650 493 375 274 417 305 362 306 403 344 276 278 314 319 219 235 245 261 240 263 265 287 220 259 244 280 145 240 176 272 126 224 149 254 274 360 304 400 318 357 353 392 343 354 365 388 254 223 283 242 107 284 136 312 223 404 262 450 219 440 236 460 88 350 117 378 14 378 55 414 87 392 119 418 47 460 68 483 27 446 58 468 243 437 286 478 286 462 319 497 440 369 464 390 592 508 627 556 467 521 512 561 444 551 469 585 334 592 395 646 313 676 362 707 394 735 448 785 463 741 497 773 527 749 575 792 668 760 687 795 139 837 178 880 175 892 208 928 250 747 284 780 384 920 444 984 540 838 569 860 653 844 679 871 20 860 62 890 1 835 25 868 2 865 20 895 7 887 55 925 44 158 64 180 248 285 268 301 346 295 362 312 560 427 598 456 563 876 591 900 309 711 330 731 342 712 382 756
20150919_174151_image196.png,ec24d8627fffba12f9ab4ddc2113dccf7d881dd2,98,0 89 18 120 1 124 13 142 18 118 35 139 74 129 96 155 47 172 88 211 65 231 102 274 34 224 66 258 20 276 52 307 0 320 31 352 79 381 111 411 136 352 160 374 148 396 168 417 78 454 97 470 93 468 112 482 7 762 39 785 12 808 48 846 2 931 15 965 27 942 64 979 60 877 91 899 81 895 116 929 91 872 129 894 62 842 95 873 212 843 245 880 239 904 268 935 322 752 350 780 160 287 181 311 196 246 219 270 173 159 199 187 177 75 205 96 191 93 221 127 183 112 200 133 218 110 234 131 247 47 276 79 276 48 304 84 281 81 305 102 311 93 329 114 269 110 297 142 292 126 323 155 281 144 308 167 319 126 330 146 336 157 351 177 275 164 297 183 268 238 288 259 305 224 331 245 272 263 288 281 285 265 305 285 270 368 279 382 295 410 332 442 284 441 304 462 314 435 349 471 351 362 373 393 359 467 386 494 382 354 416 385 345 278 382 313 408 198 430 220 411 160 438 187 362 74 387 96 397 78 421 107 437 122 461 142 461 141 474 161 515 131 551 164 446 221 465 240 435 304 475 348 452 271 483 302 485 263 511 291 428 595 477 636 390 719 411 745 398 681 443 709 487 742 528 791 544 748 579 777 480 942 519 982 597 850 624 871 614 762 653 795 621 890 645 909 536 552 561 578 641 436 659 455 694 464 718 507 685 510 717 557 544 212 571 240 518 219 548 252 677 150 700 191 675 107 699 140 603 102 644 147 582 103 609 138 576 100 589 125 534 102 563 132 542 69 574 99 584 54 621 96 574 69 584 100 637 56 653 74 590 16 612 46 86 167 117 192 469 114 488 130 567 162 600 198 586 262 611 285 557 522 605 564 442 727 467 760 1 893 22 917
20150919_174151_image201.png,2fc002b9b17fbe5208d9c4934534c9569621f198,96,38 46 69 77 42 76 76 100 24 100 65 144 112 132 158 184 97 184 133 225 127 193 170 240 17 191 54 229 79 241 116 276 58 280 97 323 25 330 65 371 131 346 168 381 201 253 232 284 214 125 244 161 225 35 254 67 233 71 265 102 246 58 279 91 307 8 337 49 277 72 294 98 269 53 288 73 182 322 208 345 246 210 274 242 335 10 370 46 340 45 367 72 369 56 388 84 325 72 358 113 308 206 335 232 312 232 333 254 328 235 353 260 338 109 368 138 353 90 383 126 372 88 391 117 414 37 443 65 387 123 411 154 455 47 485 79 496 88 524 117 529 81 549 104 521 114 541 133 325 335 349 357 192 364 221 393 421 242 463 284 351 189 379 217 466 166 493 195 328 123 357 155 475 127 503 160 521 243 565 278 514 277 557 315 550 234 580 265 457 327 494 362 598 99 631 134 589 93 604 123 583 192 615 228 610 182 643 218 613 70 650 104 622 36 658 71 675 22 719 61 662 36 698 73 659 16 687 48 665 66 691 104 674 72 705 114 697 71 720 116 643 134 682 174 656 237 691 269 366 379 408 419 387 411 426 451 348 409 367 441 432 439 456 473 660 281 689 302 425 332 453 380 655 505 710 546 634 536 674 591 384 734 414 766 466 698 492 733 446 614 466 644 523 575 584 626 482 664 533 712 532 744 558 780 582 729 626 778 635 733 666 768 704 751 718 787 65 733 106 766 74 783 115 827 122 820 159 857 151 843 193 882 85 917 129 963 31 911 75 956 47 876 82 912 117 856 152 879 137 873 178 914 287 886 319 923 274 826 311 869 570 932 619 982 680 1 700 19 680 113 720 153 365 219 385 244 550 347 572 367 531 711 551 747
20150919_174151_image206.png,98202dacea07962b4fa0e91f7be593f1add778a4,98,29 0 59 28 25 52 67 97 22 147 58 186 70 242 111 281 32 294 76 335 140 310 176 338 194 328 218 352 91 198 125 218 2 825 17 857 67 887 102 930 111 897 151 939 307 800 345 840 307 858 338 886 147 829 181 851 167 849 203 888 184 823 225 854 153 798 190 832 99 712 131 741 102 761 141 803 413 707 444 733 511 672 538 705 589 719 616 750 639 911 696 957 645 706 689 755 704 710 719 737 530 641 581 668 110 136 142 177 142 149 180 196 128 85 171 134 205 77 231 95 243 168 270 194 210 238 237 263 251 4 281 36 236 24 258 51 279 19 293 47 294 71 311 90 303 160 329 186 310 188 330 209 324 193 347 214 330 81 356 102 330 27 364 59 358 40 393 71 342 61 374 88 394 74 411 100 368 102 393 123 356 147 384 171 360 175 386 195 342 293 364 313 356 408 378 430 447 407 484 436 417 374 458 415 397 342 437 383 488 290 528 323 452 204 493 242 466 1 491 26 509 42 531 68 533 62 551 86 486 83 511 110 475 123 502 151 543 258 554 274 550 236 592 274 567 207 603 236 570 191 596 208 563 308 583 325 654 1 691 22 701 1 720 27 647 26 682 58 702 29 720 61 629 54 661 88 620 49 635 72 669 91 707 124 638 141 666 167 604 150 636 185 686 198 719 232 688 239 715 260 592 557 640 597 705 508 720 543 530 457 540 479 479 580 496 611 380 614 391 632 683 910 713 940 283 555 291 571 629 278 655 301 668 284 701 315 706 323 719 345 681 584 702 623 138 651 166 662 72 854 111 888 521 214 546 240 220 1 249 19 346 0 374 18 416 1 445 15 375 6 394 33 540 32 562 51 369 371 395 405 87 406 110 423 128 400 146 420 567 673 616 719
20150919_174151_image21.png,aaae3956224e30b88725ff1553f6cd0b47665782,100,218 271 260 307 306 348 340 386 355 335 387 366 356 305 383 334 380 303 411 331 251 232 275 253 336 195 365 224 251 156 280 183 240 138 268 170 182 112 204 132 145 85 170 112 146 107 172 129 195 184 220 206 451 223 473 250 507 234 533 249 611 289 642 319 631 332 661 361 109 239 145 276 108 275 131 307 77 253 117 292 65 279 94 316 49 248 70 279 65 223 100 255 143 332 181 363 118 319 150 353 115 348 138 385 77 317 112 356 45 315 80 352 162 256 196 287 21 179 45 205 285 399 325 436 360 424 390 460 298 429 331 450 183 406 217 434 557 327 584 354 581 310 615 347 14 205 34 229 154 381 187 411 176 367 200 395 472 391 495 414 42 352 71 377 79 382 108 411 19 370 43 397 42 369 66 389 7 369 25 392 0 338 23 385 1 196 15 219 384 428 408 455 171 537 198 567 128 168 142 191 47 528 87 569 19 492 58 528 275 566 304 593 281 622 316 653 262 651 290 678 277 661 311 699 526 589 561 620 427 448 453 479 105 634 142 667 29 614 65 646 165 631 203 662 208 616 233 635 198 663 228 698 232 705 262 731 228 737 254 760 328 751 364 787 415 707 442 733 143 741 166 765 240 795 261 816 534 618 573 646 475 629 508 661 487 736 515 767 473 744 488 761 582 656 607 679 603 663 627 686 683 736 710 763 658 800 683 834 672 819 688 838 412 802 432 827 278 883 300 912 318 866 346 894 287 901 315 925 541 764 564 783 554 670 579 693 648 499 665 517 700 541 717 556 706 551 718 571 693 595 713 610 192 443 221 463 41 200 68 219 244 115 267 141 151 429 184 458 47 563 68 589 71 616 105 638 116 586 138 605 175 768 192 791 532 689 564 715 458 733 475 755 436 680 463 695 702 288 720 307
20150919_174151_image211.png,a50a9542e80900f7b2d89b6ad9eaa629da245a25,93,68 0 92 25 66 51 108 98 67 147 103 190 2 230 37 269 36 247 46 270 0 303 17 336 84 301 126 338 6 656 31 686 38 739 57 758 30 833 69 865 117 245 161 289 134 198 171 223 186 310 220 345 233 329 256 350 153 137 188 177 177 83 219 125 183 148 224 195 231 72 262 94 270 16 293 45 286 0 314 32 311 10 331 39 276 163 305 189 239 217 255 234 160 725 191 751 163 774 203 812 125 901 162 942 173 910 213 951 213 805 252 842 206 842 240 865 227 858 261 896 245 833 285 863 362 862 392 891 369 806 406 846 472 710 504 737 422 611 434 627 537 578 552 608 579 671 608 708 605 634 649 671 664 719 696 769 640 675 685 704 668 548 719 598 334 155 355 179 337 182 358 201 355 187 379 209 320 59 341 82 366 68 388 94 365 16 397 52 393 30 431 63 376 52 407 78 427 63 456 93 402 86 423 111 389 135 417 163 385 165 411 190 362 211 379 230 416 171 433 195 437 196 462 216 386 288 408 316 402 406 435 431 422 370 451 400 453 339 493 378 473 371 512 410 502 399 538 436 568 451 575 472 500 510 525 532 498 1 525 18 540 27 571 60 564 50 581 71 573 22 596 38 519 69 547 101 516 111 541 139 505 194 546 236 542 282 580 314 599 296 623 316 678 452 696 473 674 403 691 413 694 5 720 42 676 36 709 72 667 31 682 58 711 80 720 109 679 124 712 155 645 137 678 167 622 190 655 224 605 226 645 262 576 209 599 232 668 264 694 289 689 293 708 321 693 333 716 353 152 459 170 471 158 403 179 418 228 380 251 394 143 387 168 405 412 1 429 21 131 864 169 899
20150919_174151_image216.png,8ba637eba36a3c77b486cc98eef5c482bf040ce7,94,0 37 22 63 13 44 51 74 111 17 130 45 113 71 151 118 32 182 54 205 112 170 151 208 2 248 18 269 9 328 36 359 30 318 63 361 50 252 85 287 86 268 99 294 169 268 211 305 131 321 176 360 232 329 264 361 271 353 295 369 178 407 199 423 163 430 185 446 78 763 98 783 56 680 76 705 0 811 17 833 74 862 114 892 217 750 250 778 216 798 259 838 183 930 219 973 230 941 271 985 268 830 306 871 263 867 295 891 302 857 345 892 284 881 314 923 410 885 441 916 424 830 463 870 526 730 556 758 590 593 602 629 670 652 717 689 641 689 673 727 200 158 236 196 188 217 215 238 232 167 272 211 226 102 270 147 262 94 293 116 311 178 338 207 274 236 294 252 283 254 307 274 290 5 315 26 320 14 351 51 309 37 328 60 353 28 367 53 396 85 421 111 413 1 441 21 397 30 431 71 428 43 464 79 411 70 441 94 459 78 485 103 433 102 456 128 424 152 447 175 362 171 386 192 367 196 388 219 383 200 408 226 411 181 438 208 470 213 499 233 426 304 447 331 529 0 557 26 574 38 598 73 600 59 618 84 608 30 624 50 707 41 720 69 554 81 580 109 550 122 574 148 682 145 711 177 553 205 595 245 666 196 704 239 620 215 649 242 654 234 697 273 644 254 659 285 621 258 643 272 593 293 624 325 633 308 656 327 533 526 557 546 449 420 479 444 467 380 499 418 504 353 546 394 525 385 563 422 565 414 586 449 586 465 611 485 701 272 719 298 188 892 227 928 707 692 720 704 10 117 28 136 354 78 379 98 442 11 461 39 591 146 610 171 388 227 413 249 438 184 464 209 1 304 17 318
20150919_174151_image221.png,f9bb912ed4c4887fea7621e1f711eb00a3103a44,88,11 21 37 54 2 49 28 83 25 87 52 110 10 129 39 157 43 22 72 50 65 30 102 69 91 167 115 195 48 233 66 257 39 296 71 330 108 241 147 283 147 256 163 284 71 328 89 344 83 311 127 353 174 57 212 103 234 46 249 64 173 153 216 199 203 308 239 348 232 250 279 296 269 140 303 182 294 83 340 129 299 151 336 200 336 230 351 241 127 761 139 779 110 672 126 699 191 753 207 766 32 809 69 846 130 858 167 893 0 979 35 1022 290 322 325 357 322 343 351 363 272 329 293 356 289 742 320 778 287 799 331 840 252 934 287 976 299 942 340 988 340 835 381 872 334 870 364 895 350 885 384 927 372 865 416 895 476 892 505 924 497 836 535 877 602 733 632 762 365 22 390 52 382 1 411 36 410 20 425 41 460 22 493 57 489 33 526 68 469 57 500 83 590 1 618 16 635 30 661 65 665 48 683 75 616 70 644 101 613 112 639 141 650 143 676 169 634 192 673 234 707 216 720 233 662 285 700 317 696 297 720 323 491 93 518 119 478 148 501 173 367 172 392 197 412 165 435 190 416 191 434 210 433 196 456 218 459 175 485 198 443 222 461 241 529 203 550 228 489 298 513 327 669 593 682 627 588 525 614 546 520 72 546 98 430 733 449 756 516 416 549 440 539 380 572 412 586 343 627 386 598 374 644 415 628 409 666 445 652 462 666 485 59 107 80 138 450 71 480 101 414 68 432 82 346 0 372 19 472 0 503 14 502 2 522 25 670 21 689 40 485 178 510 202 256 895 296 934 695 241 720 262
20150919_174151_image226.png,c4e3dad02eb7c0f73d5d18e22578d7fd87665299,98,1 22 26 56 48 50 72 87 30 80 63 117 0 124 33 161 14 159 45 190 47 159 77 189 61 118 89 147 76 52 110 79 102 59 135 91 21 229 41 251 91 263 122 288 137 190 162 222 5 304 39 335 24 351 54 381 72 388 98 417 111 430 124 445 0 532 23 558 0 549 31 571 156 711 171 736 152 797 175 818 77 849 117 886 32 929 58 950 44 1029 79 1067 179 898 216 935 278 670 289 680 281 766 304 790 357 775 385 809 355 832 395 876 403 866 445 907 436 893 487 930 396 906 431 931 415 916 448 968 366 982 410 1026 319 976 354 1022 324 934 358 970 533 923 566 955 562 857 610 909 668 758 701 784 80 325 108 360 113 356 137 376 133 339 167 377 151 267 194 308 190 271 223 309 249 330 293 374 290 271 332 311 335 344 367 377 311 344 340 379 361 361 388 387 582 557 602 571 626 540 651 566 550 649 566 667 322 159 351 204 216 79 255 124 267 71 293 96 227 177 267 219 345 169 385 217 400 194 427 218 347 97 392 143 402 41 428 71 412 24 446 56 449 29 460 61 444 188 466 211 508 164 536 190 487 196 512 219 512 198 536 220 446 213 466 232 465 217 486 239 509 0 537 30 558 0 592 25 626 1 657 29 538 14 555 40 498 36 530 73 528 47 560 83 508 72 537 99 486 95 512 115 524 113 551 135 554 81 585 114 672 41 700 71 652 85 683 119 652 126 680 152 566 218 597 244 696 200 720 237 533 313 558 344 603 350 625 374 593 387 628 427 570 430 606 456 592 469 614 491 650 353 692 394 667 387 711 426 688 419 719 457 692 480 702 499 697 588 719 611 0 164 14 193 96 2 120 16 379 214 405 228 700 150 718 173 369 677 391 693 477 791 491 807
20150919_174151_image231.png,bcf0de091d8144531198bf32ecd1ba4ebe0fcc42,101,534 1 571 18 500 1 538 19 535 17 570 47 581 14 611 42 652 10 688 48 622 1 653 26 701 56 720 87 686 98 716 136 689 140 719 171 586 99 614 133 555 63 595 104 525 52 562 91 537 83 572 121 473 50 490 77 513 106 542 138 554 125 582 156 289 78 322 119 393 111 444 163 426 54 456 87 442 34 478 77 535 179 567 208 603 235 641 266 246 90 292 142 200 46 232 75 121 69 160 109 95 60 130 100 262 186 307 238 364 174 398 219 388 180 432 236 427 212 458 240 465 202 488 228 71 56 95 98 14 29 48 66 109 3 146 28 155 87 191 128 50 86 87 132 38 97 51 119 1 45 27 84 20 129 55 172 76 127 112 166 69 170 102 206 34 168 67 205 169 207 198 238 189 280 232 324 229 286 266 323 340 282 384 329 489 234 512 257 465 230 492 247 507 215 535 242 491 257 515 282 533 217 555 244 581 330 609 366 661 361 688 392 117 272 154 308 35 237 63 271 1 171 22 203 0 202 21 225 108 341 142 380 140 354 172 393 164 352 208 397 45 365 75 398 7 356 40 385 27 316 68 352 17 546 52 576 20 566 61 594 2 606 18 626 297 345 343 391 528 338 552 361 378 360 412 394 348 360 384 398 398 377 426 405 652 403 689 443 625 445 667 477 357 495 376 513 631 483 662 512 666 558 699 589 611 574 634 594 295 684 318 705 112 876 157 922 9 904 50 939 428 800 460 841 316 786 339 815 226 925 269 969 655 895 704 945 605 955 640 991 521 926 570 972 477 900 530 946 426 860 476 913 407 880 435 921 462 927 511 970 492 958 528 1004 384 1016 433 1062 437 1023 488 1070 391 972 438 1018 90 1064 131 1107 64 956 106 987 22 1035 51 1063 185 820 207 841 177 734 211 770 124 753 149 774 207 75 238 98
20150919_174151_image236.png,3c28ee8cb1bfcb92be193144847a846316ac334d,97,149 1 183 35 76 57 104 88 55 72 87 110 132 82 156 111 113 113 152 149 159 84 191 114 181 90 217 126 146 154 172 177 95 163 120 198 56 203 77 224 51 226 75 248 0 255 14 295 0 352 10 375 3 367 30 390 94 343 132 376 79 388 105 408 115 394 141 425 101 195 131 224 133 191 165 228 265 67 297 93 266 96 294 117 318 106 357 149 350 94 379 126 225 225 267 263 97 266 125 295 155 429 188 457 28 575 60 608 85 575 116 605 87 598 117 617 58 795 78 822 1 846 50 889 23 976 44 1008 2 1011 15 1033 81 951 118 968 111 971 124 984 133 992 151 1014 151 991 171 1016 166 1101 202 1145 90 1070 113 1091 182 908 225 950 295 959 336 995 500 1008 520 1027 518 831 548 867 245 849 269 873 370 810 393 835 512 891 560 942 571 932 614 973 610 962 657 1002 681 988 711 1016 552 961 592 999 579 989 611 1026 480 1024 510 1047 484 1051 523 1101 530 1058 577 1105 349 706 361 722 181 782 208 798 244 780 267 797 188 295 221 328 174 368 204 400 212 389 242 418 237 375 275 417 262 301 303 342 303 310 336 345 335 205 377 253 371 365 417 408 410 296 461 342 411 379 443 415 443 377 475 407 457 396 483 417 556 1 588 19 590 2 623 22 590 20 618 46 674 1 695 21 636 24 655 44 704 9 720 48 507 55 530 77 530 55 541 82 471 114 515 168 434 187 468 228 460 190 500 240 481 222 508 251 579 348 599 371 643 334 670 366 697 451 719 480 688 494 714 518 550 222 574 248 589 183 616 212 579 57 614 92 609 66 647 103 590 95 625 119 604 132 632 157 561 111 591 143 638 107 665 131 643 143 668 163 657 239 688 267 622 237 639 252 51 634 71 655
20150919_174151_image241.png,912e2a6c2867dbe52ba6d2339f862587109c557f,97,55 152 72 177 1 255 15 281 13 272 29 293 17 251 40 275 60 227 91 264 56 322 84 351 73 334 104 364 99 555 130 585 114 773 143 805 73 825 127 874 26 893 75 935 55 933 91 984 8 986 38 1011 46 987 79 1016 143 1050 168 1075 230 1087 268 1134 249 892 286 930 147 931 175 949 170 942 189 965 196 974 218 996 213 974 236 999 237 763 263 781 318 762 336 781 301 830 316 843 364 950 405 990 127 176 151 200 133 45 165 77 157 27 188 64 169 130 200 164 180 163 212 201 216 169 249 202 215 51 242 84 243 54 274 85 268 62 302 101 197 82 235 123 230 126 257 146 120 199 149 223 167 242 195 268 155 363 183 382 177 320 212 352 192 370 217 398 229 404 258 436 150 552 185 580 154 572 187 595 568 1052 608 1103 619 1059 665 1111 562 1009 611 1052 620 840 643 870 608 897 654 943 664 937 710 982 652 973 686 1004 704 969 720 1005 662 995 697 1032 505 742 537 757 429 798 451 824 403 691 417 708 487 664 502 677 272 270 306 300 255 346 288 379 293 365 324 395 321 355 359 396 351 38 385 63 353 65 384 94 320 196 357 233 351 278 389 322 390 291 434 323 465 346 514 391 512 277 562 328 491 363 530 402 527 358 565 392 534 388 563 403 633 663 660 684 410 80 452 126 438 75 462 113 432 181 479 230 535 162 571 206 562 172 608 224 582 93 625 142 688 3 717 27 674 40 709 73 708 50 719 83 685 71 714 101 700 116 719 138 677 172 703 195 704 227 719 237 663 334 684 357 632 207 652 231 298 90 329 120 614 437 633 453 636 625 654 644 30 267 68 288 25 393 49 412 37 344 57 360 621 257 639 274 621 36 641 60 532 10 568 44 58 709 80 734
20150919_174151_image26.png,900b562b9ebe70a2785bf130cd05ea825ca1bc44,102,2 185 21 209 17 196 38 220 1 208 12 227 8 220 27 240 146 107 166 127 147 127 168 144 184 133 201 153 166 189 185 206 195 203 220 225 241 161 264 188 254 181 277 204 39 213 57 232 45 270 65 288 62 244 95 269 81 272 117 307 114 261 147 295 113 298 146 327 2 356 17 390 2 379 28 405 17 389 36 410 41 366 64 393 49 335 80 364 78 339 111 373 75 405 98 425 120 344 149 377 114 373 141 409 149 351 176 385 125 392 153 421 18 520 58 546 46 550 87 587 29 639 58 669 100 658 135 692 159 657 194 686 165 565 191 591 267 594 289 617 131 764 153 791 160 795 172 815 223 763 241 785 222 733 251 759 194 693 227 723 254 680 284 707 270 693 299 723 276 653 307 680 263 913 284 940 270 935 294 954 302 897 326 920 319 787 351 813 169 280 200 307 174 386 196 415 158 402 185 431 182 428 212 452 147 453 175 479 189 463 210 482 223 290 261 331 333 223 355 247 306 376 339 409 289 426 321 455 297 455 324 475 358 453 385 486 384 454 399 478 383 331 411 352 360 334 383 362 354 362 387 391 407 741 432 761 474 772 495 796 470 661 495 689 522 623 552 657 683 578 700 597 531 648 563 674 585 695 608 716 569 691 589 709 546 703 570 726 525 725 553 746 448 252 467 279 503 265 523 284 606 326 630 352 554 362 577 384 576 346 608 377 606 365 627 388 626 370 649 393 706 459 719 471 130 193 138 208 166 227 178 244 66 295 95 336 254 256 274 276 153 259 177 277 113 610 134 629 62 638 98 660 195 641 222 657 224 819 244 843 349 806 383 843 447 764 461 784 428 712 451 726 661 769 689 798 671 625 693 644 639 843 662 866 453 776 465 789 706 401 720 428 700 303 720 326 695 227 717 251 712 230 720 252 434 480 448 497
20150919_174151_image286.png,3b554ec13fa74ed3d70fd8f5c5cec7b484d9774a,94,443 1 482 23 568 25 609 71 608 12 651 57 683 2 718 24 637 37 666 80 532 76 566 119 536 116 578 158 577 119 614 161 602 100 641 135 585 76 612 100 648 191 688 236 693 227 720 267 529 205 560 230 557 278 597 318 643 310 684 353 458 265 487 297 427 206 459 237 478 71 497 99 498 76 530 97 402 92 434 121 360 136 390 164 70 123 97 153 110 135 132 156 132 131 157 152 290 150 313 168 225 202 245 234 352 182 372 223 355 162 378 177 130 211 152 240 151 218 178 237 176 220 204 236 42 235 60 256 2 231 22 255 1 319 10 346 167 305 199 338 198 306 225 340 223 318 242 346 269 287 287 303 326 222 356 250 286 308 319 334 341 285 369 320 64 398 110 421 94 406 130 438 29 434 72 473 41 395 72 422 351 308 384 335 286 334 318 364 267 354 294 388 485 288 514 302 446 350 468 380 389 336 414 360 502 323 541 360 547 338 587 374 64 477 92 511 132 515 169 544 189 572 223 609 8 694 51 732 80 663 104 685 2 577 21 598 439 772 469 798 40 791 103 848 277 844 329 896 337 785 363 810 262 715 282 742 547 927 606 983 584 855 628 891 685 763 712 804 50 969 81 1013 97 926 139 955 74 1050 124 1091 123 1029 186 1091 127 1091 172 1134 316 1003 353 1045 417 994 437 1018 368 1031 413 1079 411 1031 450 1077 419 1096 436 1124 530 1014 568 1045 580 971 650 1038 664 1144 704 1198 585 1027 631 1049 582 431 617 461 567 437 583 463 535 387 571 420 488 390 518 424 217 227 242 257 43 260 69 277 1 432 32 448 231 124 246 144 292 200 321 219 250 488 264 510 84 769 104 783 229 882 256 926 558 705 579 724
20150919_174151_image301.png,f82325e2d8b294a206ad593ab8d9ff23d90c9a2a,109,81 1 125 41 96 34 133 80 45 73 82 111 106 101 142 138 208 81 235 105 253 89 273 115 272 87 295 113 308 127 330 152 338 103 365 131 369 119 391 147 440 110 468 138 537 95 566 126 560 55 590 83 76 126 89 146 122 189 147 211 168 195 191 213 196 170 214 190 244 174 260 193 271 174 294 194 293 177 321 209 320 177 344 205 378 165 407 198 366 191 409 224 363 225 387 242 98 261 121 280 149 260 193 310 170 218 194 236 43 342 72 375 71 344 112 377 8 308 31 328 16 375 42 394 73 372 120 422 117 371 162 427 148 433 190 462 175 385 217 427 170 346 188 367 233 362 256 393 248 365 266 385 262 355 297 395 286 366 314 410 345 402 357 413 345 269 375 309 375 269 401 306 394 281 423 317 361 307 397 336 424 312 437 333 432 326 458 362 455 299 486 333 457 271 490 297 433 252 459 284 465 206 488 243 455 205 467 224 511 187 543 210 484 225 513 249 612 168 648 203 661 32 696 65 709 178 720 207 525 253 553 287 530 277 564 308 532 310 559 331 617 325 641 357 637 336 663 366 663 351 678 375 664 296 683 317 678 252 708 277 642 238 674 274 656 219 682 231 583 535 609 570 607 552 634 583 361 553 399 593 286 481 328 519 330 436 365 466 399 468 417 483 223 396 253 440 1 512 33 573 28 509 74 543 115 543 140 566 209 514 233 534 223 454 254 486 37 554 85 601 36 609 82 651 170 671 213 712 222 639 245 664 20 738 65 780 83 754 117 785 28 825 73 864 64 940 109 984 51 1069 86 1105 108 1111 135 1147 236 1026 254 1066 221 965 268 1015 258 785 323 847 262 747 323 794 330 809 349 834 293 930 350 1003 373 890 405 913 413 872 441 916 277 1055 331 1113 332 1051 400 1118 320 1115 372 1152 489 1016 532 1058 547 1048 592 1101 596 1006 625 1042 608 985 643 1019 591 1049 635 1089 702 1038 720 1067 482 855 544 910 480 779 498 793 569 771 596 795
20150919_174151_image31.png,298a21f4c7a591b0e8cd7537f331c6576f9dc84b,99,8 185 25 210 0 211 9 230 8 220 25 242 19 190 38 218 39 195 61 217 43 217 61 235 56 225 76 243 62 243 88 266 42 270 65 293 149 107 168 131 149 127 169 145 184 132 206 154 166 191 189 210 246 163 268 192 257 186 278 210 204 207 221 227 95 221 112 241 93 277 125 310 123 265 155 301 181 280 201 308 122 301 151 330 243 144 264 166 88 300 101 336 56 338 86 371 88 342 117 379 127 348 160 378 160 358 186 389 0 361 11 393 0 388 19 409 13 392 37 415 40 372 65 396 74 410 99 432 122 379 150 407 130 402 163 427 169 411 191 435 190 434 218 460 30 526 67 556 58 560 99 595 34 649 66 677 109 668 145 702 168 665 201 694 203 703 236 729 135 779 159 799 177 573 200 601 267 607 289 621 228 742 259 767 229 770 241 795 158 805 170 824 226 834 239 853 266 925 284 952 306 908 326 932 329 800 359 826 271 947 297 967 286 662 316 691 264 690 293 713 280 703 311 734 421 752 441 774 457 773 465 796 482 782 505 808 526 813 559 829 339 227 359 254 236 295 272 335 318 380 352 417 369 368 399 401 397 338 426 360 372 340 399 366 299 432 333 464 306 462 332 483 369 462 399 494 396 466 408 490 430 482 451 512 453 261 473 284 510 274 530 294 619 334 643 363 589 356 620 384 567 373 588 395 638 379 662 404 533 636 566 666 545 663 575 688 482 674 508 703 590 711 613 729 558 718 582 741 539 740 564 760 181 394 205 422 163 227 184 250 112 225 130 249 37 390 64 410 191 471 215 489 461 429 484 449 618 374 640 396 627 676 646 687 664 783 693 810 126 619 142 636 83 653 106 674 0 691 27 719 365 842 393 857 396 852 409 868 644 855 668 880 637 864 649 877
20150919_174151_image36.png,4e33022424c6137668245646d83ed80d240177eb,94,1 205 17 226 12 219 32 236 25 187 47 214 47 190 69 211 46 213 67 230 50 268 70 288 69 243 95 265 155 101 176 123 154 122 179 143 197 126 211 143 174 187 195 204 251 136 273 163 254 161 278 185 262 181 287 203 106 274 138 309 138 264 173 298 137 299 166 331 0 366 22 393 7 385 28 409 23 391 46 413 50 368 73 395 70 338 101 371 101 341 131 380 85 408 107 431 143 346 172 378 174 357 201 387 134 378 166 411 142 399 177 428 176 410 203 436 203 434 229 459 46 526 86 561 1 587 7 614 77 563 116 601 50 653 80 681 124 673 156 710 187 577 213 601 184 670 214 699 215 710 248 739 240 746 268 774 235 777 259 798 302 665 333 694 280 693 307 719 293 707 324 740 343 804 371 831 194 278 218 308 250 294 286 334 274 931 292 956 314 914 335 937 434 756 455 775 491 787 512 812 402 859 416 869 347 222 367 247 467 258 483 281 515 270 537 291 628 334 654 361 600 356 631 388 577 373 600 390 648 382 671 408 626 373 647 397 413 335 440 362 387 338 410 367 382 368 417 398 334 383 367 413 315 434 348 466 319 464 345 482 382 463 415 492 548 640 579 671 557 667 589 691 497 678 523 700 573 721 597 745 553 741 577 767 444 484 467 511 146 782 167 804 168 808 181 831 368 229 387 255 87 299 117 338 172 224 190 234 126 220 141 242 47 385 71 407 198 395 220 421 36 552 57 571 8 534 25 568 6 693 36 724 97 655 117 679 145 621 159 644 205 646 227 661 271 605 295 624 668 782 696 810 230 833 249 858 279 953 306 972 650 858 674 880 632 863 651 878 603 714 620 730 294 189 310 206
20150919_174151_image361.png,1022920d95c7a796f4bbe1172f0ae95124c9b194,73,48 77 88 118 288 31 346 98 328 58 378 117 477 11 531 64 461 92 510 136 390 104 440 158 354 146 404 209 395 156 416 205 648 193 692 234 642 134 677 168 662 4 712 61 679 71 720 121 673 104 718 138 640 220 676 266 683 286 720 332 592 333 625 371 606 338 635 375 300 119 344 171 242 94 284 128 257 213 294 249 233 226 267 274 191 226 226 279 139 253 186 299 99 272 143 312 100 303 131 329 259 415 290 448 494 373 550 443 548 403 592 443 701 556 720 614 658 504 684 531 593 234 624 263 631 49 651 69 12 111 48 151 4 86 25 122 241 12 265 45 203 162 247 187 284 160 323 197 324 224 369 262 226 188 262 227 183 94 216 113 82 51 105 70 357 543 398 582 660 344 688 370 677 329 699 354 371 273 413 310 229 42 257 65 1 177 22 201 76 202 126 244 62 376 96 404 80 392 100 411 97 491 123 519 163 530 192 555 6 401 32 427 12 368 44 387 51 331 81 370 52 429 67 445 52 444 69 461 150 573 180 594 159 602 191 636 235 643 269 673 411 731 449 767 497 709 542 747 583 819 635 871 702 811 719 860 571 871 614 918 700 916 720 954 177 855 218 897 219 798 251 833 280 744 303 768 551 872 579 911 5 857 37 885 328 587 350 612 713 55 720 78
20150919_174151_image381.png,a075aecbbb5e7c4eb6936a1c13a5b40596463226,85,570 133 628 192 635 120 681 171 658 47 706 98 548 5 584 48 467 1 509 22 486 61 541 123 532 94 568 146 462 103 503 158 487 157 516 200 539 177 603 240 324 31 352 67 311 62 341 90 328 103 364 140 362 118 402 156 397 131 431 163 422 124 448 155 483 247 520 289 416 243 456 283 365 151 404 189 390 173 420 202 351 188 405 231 600 329 638 357 161 89 200 128 117 42 161 78 23 47 56 87 1 70 35 104 64 95 94 123 131 127 163 162 13 91 44 119 34 121 58 145 1 142 19 166 29 155 50 182 25 181 41 202 40 178 72 208 86 107 113 133 136 159 169 205 171 151 189 168 282 107 310 130 265 27 301 62 296 35 326 66 356 256 397 304 304 207 343 239 209 159 241 213 107 213 130 232 101 187 126 211 39 227 60 256 64 205 86 224 84 266 128 305 35 252 53 274 22 264 51 293 284 277 331 327 247 297 290 346 354 444 384 476 177 355 213 394 208 321 229 352 241 330 276 361 149 348 174 385 171 399 209 432 46 418 72 443 118 405 147 429 126 390 168 411 63 318 90 348 99 307 133 332 440 346 482 381 524 389 563 418 91 443 118 463 107 461 125 482 151 515 180 544 232 560 256 581 430 624 461 654 497 585 544 623 497 544 520 567 23 584 50 615 11 618 39 645 1 624 12 652 224 601 253 624 239 634 271 665 334 675 372 709 570 781 613 823 669 760 715 797 402 694 426 719 314 841 350 873 271 899 315 940 87 897 110 926 92 368 119 402
20150919_174151_image41.png,c3721518e9497b3bd63ff98f834dc831cbc5a995,99,0 219 11 243 9 222 25 242 21 231 44 252 18 197 33 220 31 206 53 229 56 204 79 224 56 226 78 246 75 236 92 252 82 254 105 280 60 282 83 305 181 197 204 214 162 111 183 137 162 130 183 153 200 138 220 158 262 146 287 165 262 168 288 195 275 186 297 212 303 192 324 214 156 274 191 313 129 284 159 322 212 289 237 321 268 302 309 345 355 227 377 255 381 232 399 262 156 312 189 342 1 388 15 410 14 384 38 410 22 402 44 426 42 406 63 431 68 386 95 411 65 405 88 425 102 421 127 444 90 354 122 388 120 358 153 393 164 361 192 390 194 369 225 395 158 391 188 420 165 412 198 440 198 423 226 447 226 445 252 472 217 594 242 617 4 603 40 640 80 547 120 581 37 556 63 588 80 608 105 636 110 583 148 620 85 673 115 702 158 693 193 728 216 685 250 716 239 661 255 678 178 640 188 658 125 675 150 697 180 798 200 823 199 823 211 843 264 849 280 869 252 720 281 751 273 792 290 812 274 760 303 788 437 341 465 367 409 344 435 373 406 375 441 409 361 390 394 423 341 441 376 475 344 470 371 492 409 468 439 504 299 617 319 634 312 946 331 970 533 272 555 292 654 333 678 359 624 352 655 384 601 373 624 394 674 379 698 400 469 488 492 516 337 678 367 706 316 707 342 735 328 720 361 753 379 815 409 844 353 927 375 950 318 964 342 985 439 867 456 879 471 763 494 788 525 792 551 818 532 684 558 711 584 643 614 675 590 668 623 697 593 748 617 773 612 727 634 748 639 720 652 731 690 865 711 883 707 579 720 597 686 422 699 447 121 232 156 255 75 168 92 186 670 268 692 283 222 411 240 434 36 713 64 741 704 781 720 811 664 866 684 879 287 574 307 594
20150919_174151_image411.png,3e3107cfdec1a87fe2db0c2a886cd477b283d267,84,207 40 241 77 222 5 245 31 251 21 286 53 251 62 279 91 243 87 259 113 271 80 302 116 266 136 290 172 259 166 283 193 246 183 275 211 289 170 311 204 301 114 326 140 288 131 317 164 340 141 361 169 419 151 469 199 346 120 370 141 335 86 367 118 261 352 286 379 339 332 368 359 352 27 384 70 325 4 360 36 359 2 394 25 305 1 342 21 373 40 403 81 461 30 512 82 435 1 488 39 489 21 513 34 534 37 573 54 373 221 397 258 355 291 373 310 383 271 408 294 412 275 438 317 426 200 469 231 557 95 603 141 675 75 716 114 474 247 510 290 448 293 483 324 486 309 529 347 511 255 552 301 545 214 580 263 573 203 611 245 666 357 707 391 625 176 675 226 670 151 719 205 643 216 674 263 335 393 360 415 389 449 417 478 235 426 258 452 520 577 553 610 504 540 540 575 228 572 258 602 153 432 172 449 310 380 333 399 204 505 224 526 257 504 283 530 65 458 85 478 78 464 98 487 44 485 65 505 117 559 143 578 187 401 208 420 155 491 174 515 264 532 292 561 257 568 279 596 2 650 39 686 12 683 36 701 177 505 204 523 488 495 516 519 155 633 178 655 182 559 195 581 175 652 195 674 0 897 24 937 75 768 97 800 17 879 60 915 52 861 82 894 117 846 148 872 149 892 187 925 219 851 241 876 273 765 288 795 239 862 273 896 258 886 290 908 359 858 387 891 581 868 622 911 609 806 658 835 645 627 674 660 656 623 692 657
20150919_174151_image431.png,bfdf251ac42206cbd3caa805942ec92c7daeab65,94,229 4 247 24 257 25 295 59 221 42 251 73 260 64 295 96 288 85 322 121 249 88 280 118 356 90 386 120 218 66 250 85 282 140 312 173 316 118 349 143 366 123 395 150 360 150 381 173 320 147 342 171 308 176 331 209 275 169 302 201 259 187 291 218 384 231 419 265 358 4 394 46 340 0 372 22 418 32 452 76 423 1 464 22 443 45 478 82 572 40 624 92 565 3 609 47 602 26 628 53 553 9 571 51 648 46 678 87 676 51 699 64 682 103 720 155 550 160 602 210 553 213 592 244 659 224 698 267 691 215 720 260 481 227 516 267 453 201 481 225 431 204 456 227 362 292 397 317 397 274 425 299 420 266 446 287 506 261 545 294 527 285 557 322 557 301 599 333 589 315 635 354 408 457 439 488 346 339 375 368 406 302 429 328 438 304 457 327 447 322 459 337 535 340 554 358 570 548 599 570 575 587 614 614 484 706 519 739 333 583 361 610 351 400 383 425 310 384 338 407 260 357 287 385 264 408 283 434 300 519 330 546 118 436 141 461 159 407 184 428 227 433 256 457 232 510 260 538 298 545 322 574 288 581 320 610 264 588 297 623 205 507 234 537 186 470 218 493 143 503 168 530 42 477 61 496 27 470 51 490 3 496 26 519 105 564 134 592 194 650 217 670 60 673 107 714 68 712 96 726 0 715 37 766 3 749 48 781 49 792 78 828 129 791 158 825 331 885 367 916 300 883 324 902 330 910 361 931 659 878 704 918 691 817 720 844 695 2 715 28 233 915 267 954 190 874 218 900 152 883 177 916 138 844 157 866 126 895 155 928 91 913 135 954 57 937 106 973 0 829 23 863 591 256 645 298
20150919_174151_image46.png,796723e4f11fbf0ce6a649694748d52cc5079998,97,17 181 43 206 40 186 59 212 58 191 73 210 69 200 89 221 80 171 102 198 101 172 123 192 104 196 127 217 108 251 129 275 130 225 154 250 36 366 68 396 69 354 86 380 56 357 71 374 73 377 91 398 88 377 111 403 117 357 143 383 115 377 141 399 155 395 179 419 142 324 175 358 171 327 207 364 178 283 190 315 179 254 214 291 213 241 245 281 212 282 242 311 217 331 246 360 267 259 296 289 249 338 280 366 211 77 232 101 210 95 233 120 251 104 271 126 313 136 341 162 328 152 348 179 312 110 335 134 356 165 374 181 210 361 240 391 203 373 217 398 218 382 249 411 251 394 279 423 277 418 305 445 2 606 29 633 24 600 55 623 59 576 93 614 88 528 111 563 43 491 61 514 7 526 44 550 133 520 174 554 167 557 204 593 138 647 168 678 325 270 362 314 402 192 428 224 431 213 451 228 587 238 606 259 494 310 524 339 467 313 493 342 465 344 495 377 414 362 452 396 186 649 207 675 659 343 683 364 683 321 716 356 397 417 432 447 396 444 423 467 466 440 495 476 213 667 247 703 269 661 301 691 232 778 252 797 249 799 257 818 272 570 295 592 347 594 364 610 315 823 327 844 307 695 338 729 322 768 341 790 324 738 355 764 391 653 422 684 369 683 396 712 383 697 416 732 434 795 464 824 360 923 380 950 405 907 425 930 491 844 508 859 526 743 547 767 579 771 606 797 490 460 514 496 589 661 617 685 644 621 673 652 648 645 684 674 674 706 695 728 655 727 678 745 408 598 428 612 370 942 396 965 266 188 279 205 232 165 253 184 175 201 209 220 88 689 114 720 7 710 36 733 292 637 307 651 232 615 244 631 697 698 709 708 618 283 637 293
20150919_174151_image471.png,0c3b030261e201488889a5464dfd457aac15ab92,92,448 1 482 22 499 2 533 37 485 31 513 61 535 23 570 61 610 28 640 58 623 5 649 24 527 88 555 124 520 119 546 147 497 141 528 172 550 132 575 160 565 92 591 117 572 61 598 88 626 67 657 96 620 94 636 119 673 154 701 180 702 150 720 172 634 187 665 219 663 220 690 246 645 232 673 261 598 250 628 281 570 229 595 246 568 306 601 335 471 331 499 360 530 360 556 383 594 372 624 400 575 407 600 423 669 439 702 467 320 387 345 411 434 416 459 443 471 389 492 413 270 425 293 445 178 459 201 480 193 467 211 487 152 491 172 504 92 503 117 528 21 516 50 543 61 506 90 537 20 479 33 495 1 469 16 493 16 445 33 466 59 550 86 577 64 577 88 596 11 601 37 626 86 590 111 603 384 457 409 482 333 494 356 517 400 514 412 532 373 533 393 551 298 560 326 589 366 554 383 576 16 654 36 672 31 659 54 677 32 691 51 716 240 701 282 728 213 676 241 696 473 502 500 530 499 500 529 529 560 493 578 524 577 502 600 533 568 538 597 553 568 580 588 605 482 560 505 597 507 580 524 614 501 618 526 637 569 641 590 655 481 658 505 680 408 690 456 731 363 744 416 797 369 782 416 818 315 794 368 851 45 843 108 904 130 831 177 882 112 890 149 928 204 857 242 894 182 890 217 912 242 820 269 848 255 835 294 861 289 814 321 843 275 773 305 804 359 833 393 862 453 823 488 860 200 939 239 975 296 939 333 970 292 883 308 898 445 998 488 1048 476 975 512 1014 512 941 534 978 555 919 585 949 609 972 640 1013 684 913 720 954 703 950 720 978 450 449 472 467
20150919_174151_image496.png,91f40d934e65307a48fefe396746030e19d62370,81,628 90 663 124 659 68 688 104 672 36 706 74 696 88 714 114 645 190 669 215 666 179 689 202 661 234 681 256 678 271 712 301 653 226 674 247 633 217 653 237 574 289 603 319 634 321 664 349 666 371 694 397 567 350 591 376 526 377 553 406 511 363 526 378 382 345 404 369 320 383 347 405 380 396 400 411 467 421 492 446 1 284 19 316 14 309 38 329 10 352 27 377 20 377 48 407 51 394 72 416 16 421 37 445 1 419 17 440 45 434 72 457 223 415 247 438 239 424 257 445 59 473 87 498 128 463 161 495 157 462 184 488 122 509 150 539 46 561 73 586 117 532 145 558 143 544 170 566 375 526 403 556 411 457 436 484 449 497 474 519 488 481 515 508 500 503 515 521 89 596 108 608 48 614 74 643 72 622 99 642 77 646 101 664 105 661 131 684 72 719 99 742 90 737 119 763 126 742 155 771 180 708 215 737 361 845 427 913 346 820 377 876 347 867 366 895 310 881 340 916 407 940 447 975 454 927 495 963 531 882 561 900 682 1002 720 1051 476 825 508 843 488 789 534 828 465 742 485 767 528 757 571 808 575 801 636 848 620 733 672 811 649 807 678 839 537 817 578 852 291 658 320 684 279 703 326 743 354 663 392 706 458 676 496 714 630 672 684 715 649 638 661 655 400 545 420 567 439 521 456 543 626 537 657 571 651 551 678 591 697 550 720 573 616 469 651 498 651 467 676 496 705 464 720 495
20150919_174151_image51.png,bd96ce58dec32e92e122d131db87b189e13ee988,116,79 162 104 188 103 168 124 193 130 183 150 202 142 154 163 177 162 149 187 173 165 177 186 197 185 184 201 203 169 233 190 255 191 206 215 230 40 441 68 465 0 546 8 569 101 350 119 377 135 357 153 380 150 361 174 387 178 338 203 367 178 359 198 381 216 378 240 400 12 521 32 547 37 557 61 585 66 587 94 618 88 581 121 610 123 560 158 598 15 659 40 685 37 674 62 694 72 699 93 718 142 676 172 704 274 54 295 78 274 75 297 97 314 82 334 100 328 164 350 181 280 219 313 258 247 232 281 271 276 260 309 289 335 235 362 270 207 302 242 336 239 306 273 343 282 309 313 343 314 319 346 347 377 112 403 138 388 133 411 155 418 145 445 166 475 174 497 202 394 248 430 292 658 218 676 237 568 289 597 316 537 291 565 322 274 346 303 374 264 354 282 377 282 363 313 393 316 375 339 405 343 402 367 428 202 633 232 664 251 639 270 659 199 505 241 538 234 541 271 579 334 553 359 577 296 602 306 616 277 654 310 688 331 649 365 678 306 788 315 807 291 766 311 787 368 815 386 838 536 323 569 356 485 341 522 374 472 397 502 430 465 424 492 449 536 424 566 457 371 686 399 715 457 644 488 673 437 673 460 701 448 686 478 719 387 728 415 755 382 757 398 780 408 583 422 597 469 579 489 597 421 916 439 939 461 901 480 921 426 940 449 956 552 838 568 850 495 786 526 813 643 765 671 790 593 736 618 761 130 144 149 158 184 129 201 143 219 179 241 203 239 182 273 202 374 86 402 113 119 172 136 185 496 176 520 207 407 118 426 139 341 359 359 387 588 445 619 472 556 459 584 482 682 523 700 536 658 650 690 678 582 677 599 693 641 627 671 657 691 771 712 783 128 639 154 665 66 517 101 542 60 487 84 510 108 477 132 502 88 506 111 535 154 510 177 529 194 529 213 542 10 451 25 472 24 458 43 473 2 420 15 431 115 333 153 363 79 733 98 753 48 773 63 793 28 805 42 818 477 915 485 929 294 143 316 161 229 264 258 302 220 331 246 350
20150919_174151_image56.png,2f63d0fd0a53d6ba6564214a00bb7e85ace4557b,108,137 149 161 175 158 155 180 178 177 157 189 177 187 168 205 188 200 140 220 163 221 131 243 159 226 159 248 182 245 167 259 185 228 219 249 242 248 190 275 217 51 409 68 419 100 431 123 455 0 378 9 396 24 450 41 473 1 505 9 524 3 516 25 541 34 532 64 563 0 616 20 653 17 645 51 675 43 673 62 691 72 652 94 675 95 664 118 687 126 690 148 711 101 766 115 784 202 670 230 699 68 510 89 537 95 547 120 576 126 581 156 610 145 572 182 601 187 552 218 589 165 465 185 489 338 37 358 61 335 57 358 80 377 64 396 86 392 139 416 166 441 69 454 85 446 93 467 120 454 111 476 140 463 232 503 276 547 158 560 182 402 219 428 253 345 201 378 241 311 213 347 252 343 242 372 274 273 286 305 323 163 339 179 363 155 345 175 366 192 345 212 368 210 350 230 377 645 271 675 299 613 275 643 304 610 309 645 342 558 325 595 362 235 326 262 353 274 367 300 391 235 344 258 367 281 388 305 411 262 626 295 657 265 495 307 530 299 532 339 572 399 546 422 568 464 576 485 591 452 530 472 548 530 570 552 595 312 629 333 652 341 648 374 683 395 642 431 675 283 314 308 336 305 293 336 329 347 293 378 328 379 306 413 335 339 330 370 358 325 334 345 367 344 350 377 380 380 363 408 390 405 387 434 416 350 763 372 783 363 785 374 805 430 816 443 835 436 683 465 713 443 756 460 776 450 725 482 750 541 386 575 417 608 409 640 447 533 411 561 438 629 453 654 474 525 638 557 668 504 669 530 697 516 684 546 719 565 786 596 814 482 917 500 941 485 943 511 958 524 901 545 924 666 434 691 457 668 736 691 759 620 842 634 851 483 126 505 142 171 320 208 349 237 108 264 128 188 129 204 143 471 99 496 128 559 170 584 185 118 479 141 500 125 498 166 537 215 501 239 539 255 518 276 536 649 670 666 695 713 768 720 788
20150919_174151_image6.png,76093ed02eaf0930a02b00e65af0da215e1d8f41,95,0 230 23 252 22 234 47 256 48 247 65 265 54 221 75 241 82 291 102 311 98 293 128 325 126 282 155 314 126 314 146 341 147 208 167 224 170 130 188 150 170 149 190 167 203 153 221 171 194 212 211 231 216 223 236 241 268 264 283 285 177 299 199 320 232 307 268 341 161 367 189 392 139 359 165 386 135 388 151 413 194 398 214 423 203 437 231 460 175 414 201 439 110 408 132 436 97 356 127 389 68 354 99 384 75 386 96 409 9 396 33 421 25 390 49 410 73 403 91 417 53 405 74 427 41 396 67 423 257 176 275 196 270 196 295 217 1 578 15 608 42 526 74 552 68 557 104 590 57 641 88 665 125 656 156 688 189 566 212 592 182 653 215 679 169 759 191 780 207 788 214 805 271 813 287 832 261 756 276 775 252 726 282 751 237 639 259 658 214 687 244 714 294 645 323 671 275 671 302 697 291 685 318 715 306 898 324 926 343 881 364 905 347 773 374 798 386 788 399 805 431 828 449 839 304 593 327 613 428 728 451 750 472 749 486 770 502 757 523 779 360 338 384 363 385 334 412 354 356 366 390 394 312 381 344 412 293 429 326 458 312 453 333 471 368 452 394 482 459 251 479 279 518 263 540 278 562 353 587 377 586 337 611 367 611 318 639 343 636 357 658 386 436 471 457 497 483 651 510 676 533 613 562 644 544 637 575 661 562 697 583 711 539 710 567 732 560 781 574 801 596 672 620 695 619 683 641 702 678 830 696 846 316 921 336 940 674 651 689 663 618 354 637 381 210 165 227 183 177 460 206 486 390 452 412 478 702 754 720 777 1 708 14 730 67 588 93 613 85 316 110 352 97 268 124 286 259 156 268 170
20150919_174151_image601.png,0ea3965b0d3260199df1580bcde71e2a8558cb63,78,118 159 151 192 132 192 168 224 57 290 92 319 104 328 139 364 99 356 120 377 53 374 86 404 8 357 43 387 87 414 108 429 136 380 170 408 154 278 178 304 164 235 197 262 195 244 224 272 222 240 252 275 209 268 237 302 235 268 264 298 172 277 204 313 186 302 228 332 220 331 254 374 254 340 293 385 275 300 301 317 348 266 388 305 300 330 341 368 361 348 406 392 412 318 451 362 286 360 323 404 251 390 294 434 292 399 319 418 295 410 329 445 338 395 375 435 435 367 451 386 458 371 493 414 497 326 515 353 526 319 566 361 566 296 594 325 534 379 563 406 574 407 597 436 597 415 623 444 603 434 631 451 408 420 439 447 443 457 466 481 465 463 492 486 588 474 618 505 614 525 646 555 588 629 619 659 661 630 689 653 391 475 418 506 338 457 369 493 316 457 340 487 179 446 209 485 235 484 270 516 303 483 327 502 75 534 119 575 124 557 159 593 580 669 599 688 599 697 629 731 659 706 693 736 653 725 685 756 315 579 344 607 248 582 289 603 204 614 234 644 285 657 315 687 30 687 55 717 54 697 69 719 101 687 127 723 218 794 241 815 234 808 260 829 284 718 316 741 685 831 715 858 551 870 580 882 557 930 580 960 535 985 569 1023 516 1008 551 1047 499 1038 539 1080 489 1065 521 1103 1 49 33 114 37 30 69 56 97 3 127 28 195 791 213 807
20150919_174151_image61.png,aa2ec84ec06d66ab5541569e51ce88abddbb1a89,107,198 161 225 185 223 165 241 189 240 167 253 186 251 179 272 198 264 149 285 172 286 140 310 166 308 113 329 127 294 229 314 251 317 198 339 225 345 177 369 194 402 40 425 63 403 65 425 81 446 62 463 83 462 140 484 166 18 736 40 756 2 686 25 713 0 654 12 678 11 654 32 674 50 636 86 673 85 664 118 693 53 520 77 549 69 534 92 557 100 551 131 582 164 566 188 593 107 690 123 707 137 670 162 692 160 683 183 706 193 708 214 732 273 686 297 711 520 91 535 118 542 96 565 121 528 111 546 139 556 123 577 140 539 229 579 276 418 200 455 243 478 220 504 252 385 217 419 256 415 245 447 279 43 459 70 479 117 424 134 437 164 445 193 469 143 536 156 552 343 293 376 327 373 299 413 335 52 427 70 448 227 352 249 375 219 356 236 379 242 346 256 359 258 358 278 380 273 358 298 386 305 337 329 364 303 356 325 379 418 299 450 332 455 306 489 337 411 335 444 366 344 377 365 400 393 345 415 375 417 356 452 386 558 939 576 963 421 779 443 798 434 800 445 822 498 832 516 853 563 964 587 979 603 922 624 945 645 805 680 835 185 493 198 514 453 368 483 396 480 392 508 422 641 323 680 362 621 385 659 420 612 412 639 441 699 269 719 294 694 306 719 342 693 414 720 450 516 771 531 792 196 597 223 627 216 590 252 617 255 567 291 604 338 507 380 540 374 542 412 581 336 640 367 672 386 648 406 668 472 555 499 581 533 577 554 598 414 664 451 699 469 655 508 688 510 699 546 730 601 582 625 605 604 650 644 682 584 682 613 712 597 699 631 731 525 742 556 768 89 462 108 487 290 167 312 190 304 172 329 197 360 250 396 292 347 324 377 345 45 392 78 424 127 458 144 478 191 512 233 551 229 480 257 506 267 489 277 506 284 517 313 533 331 530 352 553 696 860 717 871 432 607 447 626 471 631 491 647
20150919_174151_image621.png,0ebd59c19236f3f08627cf037c3c58f6be70d242,87,35 36 67 64 33 67 55 95 43 94 68 120 70 94 97 122 76 48 104 78 65 4 92 26 112 39 141 70 123 1 146 24 148 2 176 18 200 72 265 144 174 136 234 199 76 148 130 209 80 200 132 248 16 265 73 326 1 274 18 325 171 187 230 236 219 208 254 239 258 252 291 292 313 255 345 294 286 262 315 295 298 286 327 321 330 287 357 321 167 312 190 329 264 301 295 335 250 295 275 320 280 321 314 354 211 350 245 388 55 389 99 437 114 387 148 418 147 400 165 423 162 400 192 429 240 404 271 431 358 355 398 399 394 330 417 343 306 476 350 511 402 412 451 454 405 360 447 408 443 381 477 425 450 346 491 388 462 323 486 356 426 318 454 355 473 282 512 324 540 332 580 378 505 365 547 407 480 415 521 454 419 473 447 502 448 475 475 507 493 488 529 518 515 472 544 493 519 448 547 470 558 376 586 410 615 340 638 365 637 309 665 328 651 329 691 371 586 385 625 425 646 413 670 441 673 421 699 445 658 480 687 510 690 527 720 557 220 565 259 603 83 552 123 580 1 516 27 534 90 623 118 650 262 587 298 623 293 588 310 623 344 598 363 624 287 631 318 658 366 603 392 624 395 592 423 619 667 632 700 664 649 672 667 688 395 677 414 694 382 737 411 761 262 732 293 759 83 768 104 791 121 721 148 745 2 719 30 748 112 629 131 652 0 755 30 785 63 763 86 794 680 702 716 734 699 1002 720 1037 680 1024 712 1059 663 1050 700 1096 651 1087 688 1119 692 881 715 891 705 942 715 955
20150919_174151_image641.png,3c1813c044b379bb5e589095a4469da11050052f,89,37 84 107 163 107 87 173 168 250 36 280 65 268 21 296 49 281 1 313 32 213 1 244 12 249 72 276 95 288 49 318 77 328 39 359 70 465 122 521 193 586 106 652 175 621 34 694 111 573 154 636 210 454 177 509 237 321 263 379 332 378 258 434 322 510 249 559 288 533 283 567 316 565 278 594 316 656 344 711 395 706 316 720 337 457 350 498 388 421 396 453 435 489 402 519 428 520 449 545 477 588 472 629 516 614 517 650 547 511 575 559 618 556 593 593 637 578 601 607 639 218 361 279 423 67 294 105 347 162 301 191 331 186 286 214 321 222 316 246 347 1 345 38 399 0 230 25 274 1 377 53 422 54 409 111 471 162 435 219 498 219 492 267 541 227 517 274 559 195 532 236 581 86 474 143 517 217 588 257 624 127 641 170 691 238 673 275 715 218 712 241 742 26 731 68 755 55 808 86 852 92 807 133 836 228 777 257 813 359 565 402 604 281 537 306 568 337 638 370 669 365 638 392 673 422 673 456 711 444 653 476 683 619 613 647 636 340 741 367 770 367 731 400 770 289 789 311 818 276 797 292 823 304 787 320 807 632 756 650 780 593 739 622 779 133 1039 176 1090 85 1045 126 1087 107 1063 134 1092 429 970 450 991 492 918 509 934 572 938 584 954 659 974 677 990 639 1071 654 1090 550 1127 575 1153 537 1155 556 1173 681 1184 701 1212 554 1164 578 1186 438 1036 455 1057 408 1089 420 1110 225 1201 251 1231 372 395 423 445 16 63 65 88 47 6 78 32 2 143 19 174 26 163 63 211 384 1 401 22 512 297 553 326 260 335 277 344
20150919_174151_image656.png,39b5985ed6b0c5da5b8d350af7ee027944bf99b0,61,65 2 118 38 97 75 147 115 54 112 96 148 81 330 141 385 199 47 274 132 273 58 337 143 211 284 255 319 110 113 148 144 135 120 174 157 69 370 125 414 0 213 48 257 4 363 47 385 124 199 161 220 137 160 165 192 236 332 272 357 339 354 403 417 466 182 505 215 597 170 657 231 616 116 679 186 374 1 405 25 455 256 516 324 510 255 570 319 570 260 598 290 558 302 594 328 525 314 557 344 546 331 579 367 471 396 525 450 145 400 210 464 250 436 307 498 151 464 212 520 520 414 553 448 647 481 692 523 498 471 525 494 511 498 531 515 172 548 195 571 250 539 295 580 170 652 217 695 66 747 113 769 151 669 179 705 262 595 308 636 289 683 330 725 303 661 322 694 346 759 372 787 103 828 140 872 147 820 186 859 99 786 123 824 255 759 292 792 284 813 302 835 371 750 405 789 375 648 419 687 655 715 694 756 448 682 484 724 293 495 344 550 409 574 456 615 480 662 515 699 515 675 550 709 585 582 633 625 685 759 709 785 631 606 671 644 656 523 696 552 21 306 67 344
20150919_174151_image66.png,cd32c6888900de4674a503bb1c72b9d067d938c7,108,254 152 281 176 276 156 297 183 294 160 311 178 307 170 328 191 320 140 343 163 343 130 367 158 361 102 389 122 346 161 367 181 369 166 382 188 371 189 396 217 348 221 371 245 403 167 426 187 428 210 442 231 462 28 486 55 462 50 486 71 506 51 526 75 525 135 550 157 455 207 486 252 488 194 524 235 547 212 578 244 593 80 602 106 593 99 614 129 608 85 630 113 619 112 646 138 484 238 519 271 612 222 657 267 23 324 42 345 97 460 122 481 146 466 162 484 169 423 188 434 104 425 127 444 221 442 248 470 242 496 258 515 23 529 49 550 0 683 8 696 7 671 30 691 27 665 46 682 46 656 68 676 64 656 85 674 56 691 78 714 73 737 94 755 110 640 144 680 139 668 174 699 111 522 132 551 127 533 157 566 158 553 192 584 192 672 215 694 214 684 238 708 245 710 270 733 329 691 356 717 409 287 442 326 442 292 476 333 482 290 519 329 524 300 561 336 700 389 720 420 688 412 717 443 520 364 553 395 548 388 577 420 668 584 694 607 684 659 719 694 628 955 646 980 671 939 696 966 485 795 511 811 491 812 511 831 561 844 579 865 222 569 247 598 256 604 284 635 280 598 312 624 321 573 355 610 299 346 308 359 282 345 306 372 274 354 288 374 315 353 335 377 327 357 354 384 363 333 387 359 359 353 384 377 411 326 431 342 404 371 424 398 407 398 431 417 456 343 483 371 477 330 510 365 518 336 537 359 483 355 517 388 404 510 450 545 445 547 483 591 543 560 570 586 400 650 436 682 484 674 520 711 540 665 578 699 661 694 691 725 675 711 711 749 585 784 599 808 596 753 629 784 586 710 619 744 630 980 655 998 181 455 196 477 194 471 208 485 195 527 215 560 252 517 288 556 289 480 313 505 351 517 377 538 395 537 419 578 501 615 515 636 32 434 59 453 2 404 13 413 96 392 132 423 161 689 182 707 597 582 621 603
20150919_174151_image676.png,182d323b5240cd0fb0f1eaece1628cb08600bada,75,562 44 638 132 632 53 691 142 475 30 508 61 446 0 471 14 382 1 425 49 275 1 320 14 269 9 312 42 303 54 348 96 411 79 456 128 386 109 415 153 311 94 342 124 284 94 303 130 199 66 229 86 148 43 187 87 124 79 148 99 145 98 183 140 0 92 42 147 4 217 44 262 13 159 39 185 53 278 99 327 19 287 61 336 114 250 165 304 184 193 227 234 217 146 247 177 241 90 284 133 429 127 471 177 469 252 497 274 520 249 547 283 609 352 674 418 372 321 428 381 279 274 333 321 266 179 295 211 226 197 277 242 217 285 266 336 123 304 160 341 91 331 117 360 172 347 208 388 324 354 379 407 299 355 328 387 407 394 471 461 390 415 410 433 554 391 596 416 564 276 591 312 660 410 698 444 693 413 720 450 487 434 543 494 506 492 554 546 380 453 429 515 356 643 404 691 440 591 482 632 441 540 486 576 577 571 626 616 614 660 652 698 641 670 683 706 576 687 608 718 480 658 516 697 533 649 556 679 461 682 504 721 482 747 507 777 338 817 373 855 295 818 336 868 260 734 301 767 306 666 340 694 384 589 409 603 281 533 313 558 329 1071 371 1122 365 1063 406 1109 119 971 161 1016 49 1012 87 1057 1 1004 57 1070 35 662 69 694 120 374 152 411 46 107 80 139 91 135 105 156 168 265 186 290
20150919_174151_image71.png,9593363d1ab810a1d69ab508209a0b7aee115789,101,338 155 363 185 363 160 384 190 394 176 415 196 405 145 431 168 381 162 395 178 428 131 456 164 448 106 474 129 551 52 576 74 556 28 580 51 596 50 618 78 666 53 691 79 704 80 720 117 671 79 693 110 615 137 644 165 429 164 455 187 449 169 475 193 485 166 512 194 455 193 486 227 431 224 460 253 546 208 590 256 583 195 626 240 646 215 680 252 578 240 616 275 500 291 539 334 495 325 522 349 447 340 478 368 444 360 469 386 415 362 442 392 394 366 418 387 382 335 415 368 367 356 390 386 359 359 372 384 487 376 514 410 537 298 574 340 577 295 616 334 619 307 663 342 568 337 607 373 574 361 615 394 611 367 646 401 638 396 674 432 303 451 335 481 13 460 61 506 114 442 136 455 183 399 213 424 187 432 210 449 248 430 268 441 183 465 207 489 227 472 241 486 192 529 217 563 108 534 128 550 207 542 238 575 322 500 343 529 370 492 399 512 336 532 377 564 239 561 276 599 279 538 302 568 304 577 335 613 365 610 402 641 406 584 443 628 340 614 372 650 188 649 233 692 222 680 259 713 1 559 15 576 2 671 25 699 64 683 88 704 82 673 106 699 104 669 124 691 123 661 146 687 141 663 164 685 133 702 155 723 148 742 172 766 268 680 296 705 290 695 315 718 321 722 348 745 409 704 435 731 487 667 525 704 484 550 510 589 495 521 545 561 534 560 583 609 635 572 668 605 629 683 673 720 574 690 618 733 587 623 608 649 677 729 718 771 681 771 720 808 671 803 690 832 567 810 594 833 572 833 589 853 644 864 661 887 104 333 123 353 695 99 709 132 544 349 571 383 543 410 575 439 442 529 466 548 195 577 220 605 2 615 15 634 387 747 406 767 42 427 55 444 33 553 51 569 537 670 559 696 271 472 288 493
20150919_174151_image736.png,1d2b69d4b7b589e59ac71413341db556425972d1,66,162 119 198 153 150 90 178 121 187 61 210 105 206 59 239 97 178 21 203 54 220 26 254 60 242 74 278 110 261 99 296 138 198 97 230 131 234 115 267 153 200 1 220 24 210 1 249 19 242 1 264 20 312 124 363 165 327 153 380 191 346 225 393 277 546 77 583 123 497 36 526 70 656 160 704 211 591 3 628 35 573 3 608 19 364 376 405 413 614 310 662 362 676 346 720 387 683 389 720 420 647 274 691 313 231 328 264 361 360 53 397 81 369 31 393 53 594 66 629 82 423 397 466 427 541 358 575 391 649 547 676 574 251 457 283 489 227 458 251 482 681 433 716 473 630 535 650 559 568 408 599 434 535 440 570 476 468 553 492 584 407 733 452 777 632 577 657 596 185 490 213 519 104 561 134 587 509 723 559 777 592 791 673 861 313 756 379 827 411 781 443 846 345 796 411 856 36 820 84 859 252 942 326 1006 463 960 498 1008 329 1085 371 1148 396 1071 443 1126 601 1122 638 1167 624 1045 691 1092 638 1096 675 1143 121 997 140 1041 228 960 276 1007 405 505 425 535 627 65 667 102 68 573 102 595 143 497 165 521 174 527 187 541 4 421 22 435 563 110 590 140
20150919_174151_image741.png,a293bdba3c20ba16d0049126b07e911a1ced288b,62,689 63 717 91 654 45 691 79 648 0 690 32 385 129 434 162 401 154 445 183 605 70 646 114 687 301 719 353 419 223 460 273 219 120 250 157 203 94 236 132 237 75 265 107 250 104 279 139 262 63 294 101 240 56 267 76 235 26 263 57 257 1 274 23 270 1 304 22 299 1 317 24 279 31 314 63 294 72 332 113 290 121 318 155 314 105 352 139 551 31 585 68 456 235 480 261 602 350 644 388 477 350 513 379 460 332 487 349 291 330 327 368 137 399 156 416 284 459 310 486 312 460 344 493 424 375 466 415 297 493 320 527 414 507 441 529 488 397 511 429 592 438 625 464 463 506 499 538 512 557 549 584 209 505 249 537 245 500 272 530 229 528 256 546 130 508 159 541 173 572 196 590 17 611 48 631 1 602 20 625 36 650 69 681 140 585 169 604 48 438 74 456 417 760 491 826 445 808 513 857 511 826 539 855 686 789 719 857 111 834 163 892 351 943 431 1013 317 969 362 1016 419 1091 464 1160 491 1078 531 1135 685 1124 718 1171 552 970 576 1005 0 484 14 496 625 116 644 133 523 737 538 761
20150919_174151_image76.png,ade345c1ea29c25aa9242b666c2355b705a230ee,104,0 271 10 299 9 283 31 308 3 315 40 359 1 394 15 421 33 350 73 391 32 389 73 423 90 447 133 491 25 581 51 604 1 662 23 690 27 623 44 640 56 540 75 556 33 804 54 822 124 668 144 691 143 663 163 685 162 658 179 676 190 652 205 671 203 651 222 670 193 685 214 709 207 733 228 752 167 317 188 336 316 415 334 428 375 440 402 466 642 4 658 22 681 28 701 53 630 31 655 50 527 85 546 107 411 135 434 163 435 139 452 165 479 122 504 148 502 112 528 143 451 144 465 164 463 155 484 176 507 147 530 166 530 149 545 173 565 143 589 170 508 208 531 232 532 172 559 202 587 197 604 216 590 150 616 167 637 187 675 236 674 171 719 217 670 220 703 256 588 274 628 314 621 278 665 321 667 282 704 318 712 295 720 324 629 336 653 368 654 319 691 355 658 346 698 378 698 353 720 380 430 344 438 365 436 341 460 368 453 322 485 349 470 358 490 370 490 347 511 371 515 342 540 368 524 324 551 350 565 361 590 389 564 388 589 410 642 829 651 849 644 810 666 829 568 663 606 694 658 691 700 730 624 667 645 690 473 697 498 726 386 713 406 735 353 688 377 709 261 642 301 682 293 671 326 701 266 520 289 549 267 565 286 593 282 529 310 560 314 551 349 585 378 569 406 600 390 490 416 515 444 478 471 499 412 526 448 550 418 607 448 642 446 600 479 629 487 577 523 615 519 523 547 537 572 579 609 622 573 543 594 575 588 511 632 551 624 553 670 599 677 622 691 646 619 399 648 424 160 518 184 543 463 113 481 128 701 119 720 139 613 154 633 173 183 411 212 440 58 604 76 620 12 511 32 526 248 382 277 408 703 320 720 348 330 672 359 698 0 723 20 752 61 661 84 685 455 656 482 681 332 457 350 479 336 438 350 454 129 450 144 473 254 452 272 473
20150919_174151_image806.png,1c14ed7c0f810f5651ff5a3bc6c779c2a7743213,65,61 198 91 226 0 324 17 341 15 349 40 375 4 360 20 379 2 377 22 400 25 365 58 395 56 369 85 395 40 342 75 373 10 397 37 421 235 285 266 317 244 250 270 280 264 276 293 307 291 274 324 304 311 291 343 324 331 258 360 283 368 258 387 271 380 296 413 330 360 300 382 332 342 319 368 340 271 306 296 338 432 383 453 399 108 543 131 564 92 580 116 608 135 611 167 636 414 512 437 542 437 507 466 540 684 473 720 535 625 583 641 621 165 651 194 682 189 652 226 684 217 677 268 726 290 700 339 741 69 740 110 778 190 742 239 792 282 771 316 802 441 652 502 712 497 635 515 645 510 634 573 696 447 799 485 836 484 789 522 828 473 862 502 879 30 837 60 866 1 819 13 858 329 238 353 261 126 354 146 373 7 544 29 564 131 441 147 456 135 415 149 435 165 390 182 413 159 408 175 426 186 418 204 438 195 407 215 423 179 376 193 393 170 322 189 337 215 449 233 462 160 450 176 464 213 431 225 445 275 351 302 377 123 292 136 306 144 274 156 285 85 293 98 307 109 292 123 305 116 302 126 310 115 394 132 412 153 517 166 528
20150919_174151_image81.png,861469a6406a828c5c203462e5d7c2a6ce3ba93c,96,471 137 498 167 497 142 518 171 515 144 532 166 529 154 549 177 528 117 540 131 544 117 569 148 569 110 596 143 590 79 607 107 572 144 595 171 591 150 611 170 601 175 627 204 574 209 598 231 633 144 659 171 660 146 687 171 651 198 674 219 34 399 59 427 46 273 69 294 10 339 29 352 74 289 86 302 74 315 112 359 110 351 149 393 105 391 142 425 221 325 239 342 211 374 232 398 164 450 206 491 249 428 270 439 34 635 51 651 90 585 118 608 66 667 87 695 85 630 96 644 111 608 131 625 1 754 8 771 50 734 72 756 38 760 58 779 81 810 100 833 117 667 137 688 189 610 205 624 177 673 196 693 196 670 219 690 217 662 236 684 262 741 287 760 245 659 264 680 261 658 281 675 250 697 271 717 391 791 405 810 445 723 471 747 416 696 440 720 398 684 415 702 334 646 372 690 367 681 398 711 348 696 366 714 375 421 395 431 390 468 410 488 441 443 471 470 459 495 484 523 518 485 542 507 336 524 359 552 330 574 353 601 352 533 395 569 390 559 424 591 411 585 427 602 452 573 487 613 547 709 572 732 490 530 531 555 498 612 533 646 530 606 565 637 572 582 611 622 714 843 720 863 657 670 697 703 681 511 720 562 664 544 695 586 660 588 685 620 604 526 644 570 492 344 509 371 502 342 528 371 520 326 555 354 537 348 555 374 558 350 582 378 597 325 627 353 590 345 616 371 638 365 663 392 632 394 658 418 692 432 710 453 691 401 718 431 675 272 711 317 713 277 719 311 695 334 716 366 206 529 218 546 217 523 237 543 643 307 674 336 689 218 720 269 4 303 21 323 24 299 43 320 310 460 335 483 2 664 25 685 110 542 128 565
20150919_174151_image856.png,8e7b12904e40ed82b36b29b5b490547be07b05ac,86,59 170 88 206 252 262 292 307 266 248 299 271 302 229 328 257 343 246 360 272 287 264 314 298 296 294 319 331 311 261 335 294 327 283 357 314 363 311 391 347 496 376 515 394 494 289 516 311 350 360 382 387 430 340 458 373 277 342 304 366 311 347 335 370 614 420 644 445 620 409 642 421 477 510 506 541 549 520 579 547 537 571 565 600 640 519 676 554 649 565 686 596 637 669 702 728 706 650 720 702 413 600 444 628 619 478 652 501 604 475 620 500 614 800 656 840 555 850 592 881 442 701 489 759 529 629 571 653 392 691 443 743 318 664 367 708 353 762 400 809 339 777 364 809 310 776 340 814 274 660 321 709 113 837 166 892 139 857 181 906 17 826 70 866 85 841 121 888 73 916 110 953 25 890 78 941 401 913 419 929 94 675 126 706 151 609 182 641 207 631 241 662 260 623 283 649 64 710 91 735 104 706 132 725 107 576 137 609 160 575 179 592 117 537 145 566 38 560 65 581 73 555 99 581 95 553 115 589 53 597 80 625 136 299 163 324 108 404 123 422 121 303 139 322 466 298 491 323 260 650 284 669 181 775 215 795 27 420 41 436 113 430 131 443 159 407 174 423 167 399 182 411 177 417 193 434 222 406 237 419 232 381 244 394 89 262 103 273 59 429 71 444 193 439 206 454 180 434 190 442 203 403 217 415 205 368 215 383 229 346 242 360 137 401 151 414 148 357 166 379 98 341 117 365 100 297 113 307 90 289 100 301 39 338 64 358 28 357 48 382 18 702 47 719
20150919_174151_image86.png,206ab4d29012aa58955c08c8ca422a272e891df4,101,10 297 36 325 10 318 33 337 6 358 21 377 12 334 28 348 31 343 55 357 48 337 62 350 52 305 65 322 75 278 96 304 92 292 108 308 66 406 91 430 91 403 107 427 125 316 162 365 158 351 199 397 150 394 192 432 140 434 159 454 152 450 167 464 203 464 212 481 213 454 254 500 259 380 281 407 6 634 43 667 57 643 76 663 22 672 42 691 2 809 23 839 10 765 32 784 74 742 98 766 110 820 123 838 130 589 161 616 137 618 157 634 106 676 129 704 144 680 163 696 207 619 225 631 244 530 259 548 230 536 244 549 228 546 244 560 256 537 267 551 205 680 226 703 225 675 247 698 243 670 264 691 297 747 317 767 278 665 297 686 295 664 314 685 284 705 302 722 346 691 357 709 376 703 397 720 388 652 428 694 419 685 454 719 458 700 483 726 485 730 511 755 416 801 431 814 595 715 623 741 575 672 600 695 371 576 405 606 367 559 392 579 385 526 406 557 402 540 438 577 445 562 482 595 410 422 433 435 508 577 542 617 564 614 601 651 596 610 635 641 643 587 683 631 566 485 599 510 672 530 711 568 488 441 518 474 494 494 514 521 506 498 536 525 530 518 557 544 548 532 584 556 510 136 537 164 532 144 560 169 556 150 570 166 566 150 585 174 566 114 579 127 581 118 609 146 625 80 654 103 608 106 637 140 613 141 637 165 630 147 653 171 675 143 702 170 701 142 720 174 641 172 670 203 613 208 638 232 694 198 711 217 534 342 550 372 544 342 574 371 564 322 599 352 580 347 606 371 603 356 629 379 637 347 664 371 645 327 676 353 696 312 720 332 687 365 715 394 679 393 708 419 664 370 686 393 214 432 233 453 336 388 372 405 295 420 307 443 676 124 702 142 78 632 98 648 1 547 13 565 420 500 442 512
20150919_174151_image91.png,68e213b9d40bd9bf3a6d442b309eb591ece03734,105,18 291 42 319 16 314 37 334 16 330 32 342 10 350 31 371 58 330 72 346 34 332 64 355 60 422 70 436 81 406 104 430 106 397 124 414 88 272 106 294 104 287 128 301 153 311 194 358 190 348 233 393 176 390 220 428 143 431 160 451 157 444 177 461 168 480 184 492 226 461 242 476 214 459 226 471 244 451 288 497 249 529 266 543 237 530 249 548 233 544 243 556 257 407 268 426 288 376 306 405 14 602 33 633 1 686 26 715 25 765 46 784 86 744 109 768 34 639 68 669 74 641 88 657 116 822 133 842 115 639 132 651 132 676 158 707 150 614 170 631 159 591 188 616 214 613 227 627 220 683 240 701 240 675 262 696 260 668 280 688 298 663 317 684 316 663 337 683 301 702 322 722 318 745 340 767 395 697 419 721 429 797 446 813 369 470 391 481 522 124 547 152 544 131 568 156 567 132 583 151 578 145 601 167 574 104 590 120 595 108 622 135 623 99 651 131 638 64 664 93 711 91 719 114 676 97 697 116 626 130 655 154 644 137 670 158 692 131 719 157 657 163 688 196 630 198 655 222 707 189 720 207 392 550 422 577 371 538 397 558 403 573 434 601 428 652 471 694 460 685 497 716 488 698 511 720 515 727 539 750 420 524 444 555 438 535 474 571 626 711 655 739 609 668 631 692 486 559 526 591 550 572 583 609 454 498 476 512 515 489 537 511 536 492 569 521 518 436 550 464 561 509 591 537 589 528 637 550 613 613 650 651 649 605 687 637 695 581 720 627 599 476 631 503 671 313 701 344 712 360 719 383 703 385 719 410 663 337 691 360 623 339 651 370 602 338 626 365 589 313 620 345 567 335 595 365 556 339 570 362 602 300 626 316 464 461 488 472 358 384 383 397 370 392 396 407 339 408 367 433 376 419 396 431 694 112 714 135 36 309 57 326 57 294 74 309 82 429 99 442
20150919_174151_image96.png,9504e956ef06f1289a0096ab38ed1e003bc48f86,101,2 365 17 381 10 331 29 356 34 370 54 394 42 312 65 339 41 334 63 353 58 352 87 374 83 346 100 362 87 313 103 324 133 303 153 314 91 437 110 453 109 420 137 447 120 397 133 413 163 450 183 467 176 461 196 475 189 495 206 511 224 443 243 456 225 460 239 474 229 476 249 492 197 330 237 376 234 364 277 412 290 468 331 514 269 542 286 558 258 550 269 563 371 426 390 451 9 555 30 570 4 656 33 684 52 624 76 654 0 736 22 776 40 710 65 735 77 661 114 690 1 835 20 866 27 839 42 859 22 801 38 826 52 787 77 807 117 763 137 785 147 842 161 860 135 681 151 698 144 652 160 668 171 693 195 728 196 610 227 633 246 697 263 718 265 691 291 712 287 684 307 703 347 761 368 783 328 677 348 699 332 716 351 735 346 676 368 696 424 710 442 728 452 809 471 825 550 735 572 760 400 403 424 417 383 398 411 407 490 470 511 487 396 551 417 572 427 561 460 589 437 582 470 616 474 666 515 708 505 695 542 731 667 717 691 740 646 674 669 701 697 608 720 645 666 623 703 659 593 581 631 618 530 570 570 604 459 536 484 567 479 549 515 584 492 509 517 524 550 444 584 475 547 499 563 520 569 493 597 526 596 518 628 548 637 482 667 510 668 489 689 504 634 534 675 561 583 347 599 370 595 340 623 370 615 318 649 352 630 307 652 322 632 344 656 370 651 346 685 371 706 314 720 347 540 131 565 162 565 136 590 163 588 136 602 159 598 145 622 170 619 114 643 140 658 70 686 95 643 104 671 131 648 132 673 159 651 201 676 224 677 167 711 194 713 139 719 158 54 577 65 590 680 743 701 760 63 318 83 345 137 419 157 440 268 476 283 488 595 106 610 122 664 137 693 163 410 480 427 496 219 404 262 445
20150919_174730_image1.png,2f9ba9d7ff1c1dde51c57b59d076912e34e84620,33,335 116 374 172 238 231 266 264 254 233 280 265 375 264 412 303 403 311 432 338 409 349 446 378 282 385 312 415 488 310 511 340 470 312 490 340 440 311 461 332 320 328 342 355 305 358 325 382 267 404 290 426 112 404 137 429 111 425 138 451 266 384 284 402 280 341 307 355 441 527 465 549 244 506 267 537 585 600 612 624 357 670 386 696 298 719 342 754 269 737 298 777 326 743 368 785 469 770 505 810 590 623 617 644 271 361 292 382 444 509 457 517 638 417 671 439 659 661 698 692 360 275 383 301 299 331 320 353 358 646 393 678
20150919_174730_image101.png,2a5cf291d30a66f5cd9ac268d8d2a796c6adddc0,8,257 439 287 464 71 387 91 410 299 542 332 572 330 541 353 562 69 421 85 439 286 452 313 464 64 409 81 427 1 482 10 503
20150919_174730_image1046.png,0a9527237ffa1ca01fe13efc69d592b0612d8b99,88,482 688 527 737 581 613 633 664 490 642 518 687 624 369 659 404 590 144 624 172 633 86 668 121 519 3 550 35 694 164 719 192 524 199 558 231 535 682 569 715 677 683 712 718 288 590 316 615 148 681 177 709 297 533 322 558 271 439 298 461 264 457 287 475 421 334 448 362 450 354 474 375 482 257 511 285 433 299 466 327 444 674 472 704 449 700 483 729 325 677 350 700 324 697 348 716 312 712 333 734 548 168 582 196 559 89 582 121 528 89 561 118 194 507 214 528 137 573 157 598 140 654 161 673 69 476 94 496 598 74 621 95 370 372 399 394 362 359 386 375 501 204 518 224 444 237 480 261 705 246 720 263 697 295 712 313 694 267 710 284 444 415 472 443 439 441 458 459 230 542 252 564 192 581 212 603 67 608 87 627 1 602 11 619 72 722 92 744 91 722 114 744 95 650 117 673 80 630 98 652 100 672 116 682 304 736 328 760 325 728 348 745 347 690 370 710 367 652 388 674 358 673 380 691 431 681 451 708 684 735 717 763 692 767 720 801 549 644 571 668 480 582 524 623 584 547 609 571 607 575 625 595 539 588 558 610 346 566 365 584 380 557 407 592 349 498 371 526 218 650 251 677 62 455 85 478 1 363 13 377 1 410 13 426 507 396 529 417 489 386 511 410 537 261 558 283 518 301 538 320 612 377 628 407 589 487 613 511 663 479 685 497 459 648 481 677 635 594 662 619 234 594 253 615 393 495 415 513 371 453 389 470 357 390 375 403 192 471 219 490 450 271 479 301 106 410 124 429 3 703 17 714
20150919_174730_image106.png,9db181e20bece86158edfccabd98388c57fa0085,6,309 573 331 604 337 568 358 587 259 464 289 494 67 417 89 441 276 480 307 501 68 453 85 472
20150919_174730_image11.png,fa49b9fb0452fef85c18dfbf48e582530aaa2d60,31,441 264 482 308 527 781 567 818 344 389 372 423 305 232 334 269 363 722 401 759 382 746 427 791 465 312 499 343 377 334 409 364 562 316 584 344 369 364 392 386 421 650 453 681 648 604 679 632 324 235 350 269 404 126 445 174 360 332 380 346 354 344 378 359 336 365 357 387 330 391 348 408 329 407 356 427 175 426 203 451 428 278 447 303 477 352 512 382 504 313 531 339 539 317 564 344 181 405 205 429 500 531 522 554 499 515 517 526 306 511 332 540 654 632 677 647 412 675 448 701 327 737 358 781
20150919_174730_image111.png,8c32a5c3f93a23b67a5cda405f81234f8d86444d,8,88 395 110 421 288 449 318 479 337 559 367 592 368 553 390 574 89 433 108 448 306 464 337 487 75 417 91 429 0 495 27 516
20150919_174730_image1146.png,3426a48e65d84a63aec5288776ff35e064c3a6cd,107,476 848 525 901 106 54 145 95 25 86 65 128 76 136 113 172 127 127 154 161 37 31 74 64 116 201 143 234 89 248 119 277 89 227 120 250 86 202 116 230 285 235 320 273 185 184 217 214 211 100 241 132 178 101 207 136 140 230 166 258 122 229 145 249 253 314 280 339 167 234 188 252 27 1 54 32 72 3 99 21 137 350 163 370 511 433 546 463 558 429 598 469 544 434 562 459 628 506 658 534 646 471 687 505 676 490 717 529 464 490 483 512 101 621 128 643 91 478 114 501 173 822 209 858 24 769 56 796 316 706 346 734 453 356 482 384 491 370 519 394 483 403 518 433 72 253 97 282 200 398 228 426 17 540 38 564 40 539 66 564 504 755 536 793 290 625 308 646 107 644 128 656 277 163 295 188 422 314 449 353 420 353 443 381 626 703 657 734 1 99 24 136 85 118 114 144 94 70 127 103 64 49 77 79 297 284 328 312 399 371 434 399 434 424 460 446 421 441 441 462 12 475 38 502 2 526 28 546 9 546 28 568 31 499 51 521 2 502 25 525 128 632 149 646 4 779 34 804 0 815 20 852 69 828 87 850 143 809 175 840 162 795 190 812 209 819 244 847 229 794 260 829 349 749 383 788 635 785 657 809 579 765 607 796 536 743 555 757 694 841 714 865 679 895 699 912 514 850 527 877 320 633 334 651 595 637 627 662 554 524 579 549 578 519 598 538 669 662 691 689 699 692 717 711 670 733 682 747 705 726 719 752 18 589 38 611 202 429 224 456 183 435 200 449 262 586 280 609 254 606 263 621 284 539 303 559 358 564 372 587 349 577 368 597 67 405 86 421 76 190 103 218 231 180 261 202 449 302 472 326 534 364 546 386 509 338 524 363 204 343 221 366 164 347 185 369 530 487 543 514 578 494 597 516 251 395 275 419 399 566 408 584 396 543 408 564 545 650 568 674 64 536 77 556 133 311 151 330
20150919_174730_image116.png,2f96c123ebba9eb19473f7856491f6493727c0a8,8,320 465 347 492 372 574 403 604 401 572 424 589 118 414 135 435 25 512 54 530 335 475 368 501 100 434 119 450 122 449 138 462
20150919_174730_image121.png,fa1c2b9a872ea9edcc6c5684c92a27d711e969a6,8,411 573 442 603 443 571 465 591 359 464 380 489 370 474 410 502 54 507 79 529 129 431 145 453 149 409 165 428 6 599 22 621
20150919_174730_image126.png,252bf2823e14fb1fa06859edfb711f2a35f0ab0b,9,443 592 474 625 390 479 411 505 414 496 431 514 150 454 166 478 167 434 184 454 478 592 497 609 401 506 421 527 70 531 98 554 27 628 46 646
20150919_174730_image131.png,34349e10a8fd6d018a552eeb134ebfdc07d429ee,10,65 520 89 540 465 592 493 627 402 478 426 510 420 490 450 514 497 589 512 609 156 419 180 442 142 438 166 461 154 452 168 467 382 509 405 529 21 617 34 638
20150919_174730_image1331.png,15f5fc311380b8ea4b3c8a3f8e494bd73c92aab4,82,407 54 435 91 445 96 466 125 465 91 490 126 492 85 518 119 539 77 567 106 540 100 577 129 232 164 264 198 292 154 318 186 266 174 305 213 310 205 347 238 364 200 391 232 390 197 412 230 434 180 466 216 337 174 371 193 490 153 512 192 524 109 543 135 385 268 420 302 392 310 419 349 515 359 549 391 582 381 616 415 617 307 646 337 619 126 642 152 457 162 499 201 348 383 378 412 391 383 412 414 446 368 466 393 467 390 492 410 485 275 507 304 580 443 609 476 368 456 398 490 253 518 284 554 220 656 254 690 576 661 614 700 523 691 561 718 117 450 143 481 265 564 292 593 324 482 355 513 505 340 524 355 546 337 571 354 250 232 277 260 272 251 298 281 297 243 324 271 243 439 265 465 210 390 230 409 89 400 112 420 126 422 147 444 185 401 210 419 4 492 27 519 1 506 11 532 166 512 193 530 127 668 150 697 165 667 192 693 136 624 162 640 3 575 20 590 29 620 55 644 238 615 258 634 380 628 409 655 641 672 669 695 676 733 720 769 451 569 477 590 317 548 344 572 606 360 632 387 465 356 491 385 467 315 488 346 414 366 447 394 622 445 653 467 621 401 650 426 442 396 462 414 443 327 467 359 687 319 716 348 696 267 720 296 680 296 705 315 632 248 668 276 518 244 537 276 302 185 335 211 572 200 586 217 458 286 486 323 190 610 215 629 560 375 583 397 553 395 584 421 521 437 534 449 557 161 576 178
20150919_174730_image136.png,73162ef94ba1d8c94c010583254433e660ddc929,11,63 508 92 528 487 573 509 603 142 425 162 448 155 403 177 426 431 467 459 496 410 453 434 479 1 598 18 616 19 615 30 630 152 437 173 451 395 485 405 505 508 561 531 584
20150919_174730_image141.png,a0bd5e67b095ca7104c7cfbd804aa6a0554195a2,12,17 572 48 600 111 483 142 504 203 377 225 402 191 401 211 423 551 564 567 591 490 455 518 482 1 394 17 420 200 415 223 428 465 434 494 466 8 563 32 580 44 571 64 587 572 551 592 570
20150919_174730_image146.png,29c622da0834ef332be160ce0cd9174d81f4359e,12,72 591 102 621 159 503 189 523 251 400 272 419 238 420 256 442 546 472 572 496 256 432 271 445 51 416 71 437 64 583 88 602 97 589 116 609 606 581 625 603 631 566 647 587 510 447 543 479
20150919_174730_image151.png,3c2bb2e4d57d72839144a01a6cfe938d6ab89876,14,127 581 154 606 306 390 331 412 294 411 311 434 304 421 325 436 118 571 139 591 608 464 640 496 104 403 123 429 574 448 604 478 700 568 720 590 681 581 696 598 594 477 613 503 150 578 172 598 219 490 242 515 209 491 223 511
20150919_174730_image156.png,c50f3c5becda487d533075672ab9180aac59dd86,11,132 397 150 418 155 579 184 604 233 489 267 510 334 382 356 406 320 407 339 428 331 415 353 432 616 445 634 465 657 460 682 487 640 477 656 497 177 574 199 594 146 566 175 584
20150919_174730_image16.png,bcb8346684efdc9231d1d8054e51e842bfd576a2,30,431 746 477 793 411 722 453 765 577 788 620 824 469 650 503 683 224 426 254 451 229 404 255 427 360 232 395 269 465 123 504 171 496 261 536 306 433 334 462 361 399 388 426 420 522 310 556 345 610 316 640 346 384 408 406 426 531 356 562 381 417 360 441 385 380 389 401 408 388 366 410 387 407 330 434 359 383 238 405 268 483 276 499 306 558 309 576 332 566 318 589 338 594 317 615 346 8 369 30 393 357 509 380 536 550 533 571 557 697 610 720 651 459 672 496 704 377 738 407 781
20150919_174730_image161.png,d39ffb973511083908a6bb0f21a2e02bed65418f,11,198 567 224 593 370 373 391 394 354 398 373 415 365 407 388 424 170 387 185 408 665 438 688 457 187 555 209 576 218 564 239 583 280 476 299 500 270 476 282 499 688 450 720 489
20150919_174730_image166.png,5d77b99615313937919c90e35f38ffc97b53d3e0,10,222 567 248 593 390 367 412 390 375 391 391 408 381 403 404 417 704 436 719 453 193 383 205 401 209 553 239 575 241 562 263 584 286 472 301 498 295 472 319 498
20150919_174730_image171.png,7319432b015d65056367b84ae1e4c05179fb44cf,9,238 549 257 571 245 560 273 587 270 560 285 576 408 354 430 377 392 380 409 400 405 392 424 408 209 374 223 395 303 463 319 487 315 463 337 488
20150919_174730_image176.png,5eff650f868d5471852af760d137b4b62358e13a,9,448 357 468 381 444 394 464 411 286 564 314 591 313 566 326 579 278 549 301 574 428 382 450 404 249 377 264 402 352 469 375 491 342 464 354 483
20150919_174730_image181.png,c4fa8a16e4d8fca983da9c8ca182be04d9611901,8,339 577 366 606 405 483 424 503 326 566 349 587 500 370 527 395 482 394 501 416 491 407 519 430 361 575 380 598 393 478 407 499
20150919_174730_image186.png,579615de9f9bd25584939d9612513135b44f7116,7,362 560 393 588 524 347 547 371 507 373 524 396 517 383 543 407 352 544 376 565 386 558 402 576 422 460 446 484
20150919_174730_image191.png,850f8ebfbf3877527a3c19bfbbc67673c964c29e,8,393 559 420 590 552 343 572 368 529 371 550 391 541 379 568 402 380 542 405 573 449 461 473 484 334 372 348 389 413 556 432 581
20150919_174730_image196.png,73716b32b41b43176f8dff6292489a83c32b6552,7,577 342 600 365 553 366 576 391 418 561 448 594 405 547 431 574 569 379 587 400 441 559 460 582 358 369 377 387
20150919_174730_image201.png,86306776d037f1bea350a20d33ed2b1a9ee739ba,7,599 321 623 346 579 348 603 369 591 358 616 379 439 548 471 582 423 537 450 562 460 545 481 567 374 347 393 367
20150919_174730_image206.png,8883b5dc4505fe4e00360ccd0c440c4a4ad3a311,7,495 549 524 582 480 533 507 566 653 308 679 341 630 336 654 361 644 351 669 372 515 547 537 571 446 324 463 346
20150919_174730_image21.png,2c5c74fde07c85d5d72154207564f07b7455a0cc,29,547 121 582 168 511 749 554 798 299 402 326 429 483 727 528 767 507 331 534 359 600 311 634 342 467 391 498 417 608 356 640 382 691 314 718 344 544 653 573 685 449 742 479 786 293 428 325 448 456 406 476 429 463 233 481 265 439 230 464 265 491 364 515 385 654 794 693 831 638 312 662 333 476 343 499 360 557 275 576 301 570 263 611 303 672 316 693 344 456 390 472 405 490 331 503 344 84 373 101 391 426 510 451 537 618 536 643 559 612 517 643 531 460 362 494 388
20150919_174730_image211.png,690a383f1b444275c7d7b11e25e28684737d4e80,9,542 566 572 599 528 550 556 577 570 567 584 585 681 349 696 370 0 430 15 447 468 357 489 377 492 336 508 354 691 361 720 395 702 323 720 352
20150919_174730_image216.png,e70a33a1d408a9f61f550ce0a7110414e040ddfa,6,576 553 602 581 588 569 624 603 619 571 636 589 517 347 537 373 541 333 558 350 17 414 47 439
20150919_174730_image221.png,603dd41b66ecb2c429ca887cd43f22b9c53427d7,6,599 559 628 587 617 574 650 607 645 575 662 594 537 348 561 368 634 454 649 476 19 419 51 439
20150919_174730_image226.png,602e24583e9ba41b1a0a6ee0149ccb61ec530360,6,612 566 638 593 626 582 664 619 657 581 675 601 544 354 561 374 635 458 663 484 1 431 26 450
20150919_174730_image231.png,8985fb4e39765eabf409afc74322d0dd678388c8,4,655 597 690 634 638 579 667 609 681 597 702 625 1 440 26 455
20150919_174730_image236.png,03d51643a1a2e70e88f3742df93b4a2c49887e9e,3,699 592 720 625 682 573 711 604 30 437 49 456
20150919_174730_image241.png,79f37c8be3f855c738a97151d58003b2269b60e3,2,63 418 78 435 1 369 9 386
20150919_174730_image246.png,82c8ab3fd0e5f4ae60ff7170af73cbdf51773686,1,50 423 65 442
20150919_174730_image251.png,5ef2d415a5788b929c4dc38bd7044baf7b70fd5e,1,701 588 720 615
20150919_174730_image256.png,bf315e45067b3fe5ac66ba85a7d960fa82621704,5,18 371 35 387 1 380 19 394 7 458 30 477 91 422 109 439 116 433 132 444
20150919_174730_image26.png,1873f0a7fabd1f010b14a2c1559ad2e76aaf4a80,30,503 229 535 270 527 236 547 267 357 407 380 431 350 428 380 451 568 332 594 362 548 332 565 349 550 361 574 389 529 391 556 421 513 408 537 431 131 368 152 396 513 384 534 407 667 312 698 343 673 355 709 381 638 265 676 303 624 272 642 303 612 117 653 169 480 512 514 542 601 661 634 692 591 678 627 716 549 734 591 777 515 748 557 789 571 764 617 802 674 541 701 563 666 520 683 541 683 523 700 533 705 319 720 337 526 364 547 382 526 364 546 366 704 306 716 326 533 348 554 361
20150919_174730_image261.png,de8d692ba532c89472eb3272600642f4c9f1717e,7,27 453 52 474 52 432 71 444 4 480 19 499 34 347 59 359 60 341 77 357 135 392 154 410 162 405 174 416
20150919_174730_image266.png,c174d2be2f4f07bebc83da477eb3e3f749d460e0,14,5 363 24 383 3 390 21 414 27 365 41 381 107 467 124 483 60 517 77 534 28 467 45 481 17 455 32 470 91 383 106 397 186 431 205 444 81 488 100 503 18 337 34 351 86 495 110 515 112 379 126 393 470 509 494 529
20150919_174730_image271.png,8c2a789f5920de0aef4e52eedee37663ca1cefa6,17,4 362 24 382 57 385 76 411 37 411 55 430 108 539 125 557 153 492 171 505 76 390 91 408 54 417 72 435 16 387 31 409 45 350 60 360 45 390 59 408 156 402 173 419 75 493 101 508 70 482 85 501 526 540 545 562 236 458 250 472 210 495 223 505 141 520 161 539
20150919_174730_image276.png,1f2aa30eba843b918282458ad716021c860f57dc,14,66 423 87 447 44 443 65 466 63 451 82 473 164 524 184 540 153 548 173 568 13 399 35 418 24 424 42 442 86 425 99 440 53 384 68 397 12 430 27 444 101 529 117 543 96 549 113 561 1 314 13 328 88 520 103 538
20150919_174730_image286.png,b8ae4ca37b08bbcbf1a1a9c84c3ad0c8ed33d1b2,16,48 427 68 445 73 406 98 428 17 379 41 400 32 407 53 426 70 434 92 456 6 410 25 426 91 502 112 520 178 511 190 528 37 390 55 406 1 284 12 302 243 473 262 486 58 409 80 427 156 417 173 432 228 513 245 527 118 517 139 549 557 545 579 572
20150919_174730_image296.png,a9ac7f949514d388d721617db3b3d663b62cdd9c,20,18 584 38 608 1 635 12 656 155 418 177 441 125 442 146 460 149 449 170 469 70 481 86 496 83 424 97 438 101 394 120 411 115 420 132 438 10 277 34 304 79 297 97 316 64 345 82 358 144 379 156 393 306 529 318 542 320 486 333 499 1 640 22 665 7 559 16 583 174 517 193 535 206 573 223 598 216 451 235 464
20150919_174730_image301.png,64d4ac5df8b7fdd760984e07314643e29a41acf3,23,18 262 41 290 166 407 191 427 111 381 134 398 91 412 108 428 137 431 157 450 126 411 145 426 91 286 109 304 22 574 51 599 159 435 183 458 150 365 168 384 78 471 97 486 3 631 20 649 320 517 333 533 71 330 88 346 328 475 348 490 229 443 244 456 33 593 55 612 0 616 18 633 9 630 34 657 189 506 206 527 257 515 274 527 217 576 238 590 346 479 370 496
20150919_174730_image306.png,0332ef9817bd7df9bc5ce726b72690c7c3984cc4,24,116 407 139 426 93 436 111 454 133 432 152 453 171 432 192 455 142 454 160 473 167 458 189 483 12 664 33 682 32 604 57 630 89 308 112 331 353 495 371 514 334 496 350 511 266 537 285 557 89 501 104 514 76 354 91 375 19 291 44 318 328 539 338 550 157 385 176 414 6 649 32 667 21 665 41 689 265 569 278 587 154 582 173 592 237 464 254 479 39 623 62 643 227 593 249 616
20150919_174730_image31.png,a3a4bb30d7f8dd78688cbc307ea8e0c437572e41,21,617 749 659 793 640 776 688 823 580 760 611 807 665 674 696 705 658 697 691 728 584 400 613 428 569 416 590 440 410 415 432 437 401 436 426 457 627 342 657 370 607 372 636 396 569 239 597 276 596 243 614 275 676 130 720 176 704 273 719 313 600 342 620 361 536 524 567 553 183 377 201 395 691 286 714 313 577 371 600 396 574 399 591 417
20150919_174730_image321.png,13275c9f81c05179390dd4a1ceb06c2f9faba4c4,32,112 274 136 298 17 249 48 274 61 370 85 393 45 354 69 372 46 371 60 388 10 418 28 437 99 659 118 680 267 424 291 452 180 427 198 444 178 496 196 509 369 571 385 592 232 451 252 469 261 456 284 478 230 429 250 445 211 399 237 417 163 345 181 362 120 608 145 627 116 603 130 616 191 299 209 315 421 542 436 552 364 539 379 553 294 535 313 545 443 493 464 515 332 462 349 478 64 465 82 481 95 646 112 665 125 621 147 640 107 664 129 689 327 597 340 612 252 381 274 399 425 494 442 508 37 599 59 627
20150919_174730_image331.png,5a9d615bbee366612214511e28aaf7023b925423,35,131 267 159 293 135 613 155 632 130 603 146 622 47 242 70 262 81 367 104 391 69 365 81 389 235 396 260 415 293 425 317 452 253 424 276 447 251 449 278 469 197 427 216 444 283 456 307 481 197 496 218 511 214 295 240 311 395 578 419 596 463 498 483 519 64 347 82 365 30 235 51 261 277 379 302 393 187 340 203 358 21 411 45 433 5 341 22 358 25 438 41 457 42 468 61 494 73 463 90 480 25 525 42 540 336 604 350 621 366 571 388 586 386 547 402 562 444 550 457 560 358 462 378 486 107 648 130 668 114 666 134 687 121 672 145 698 137 622 160 646
20150919_174730_image341.png,c9007404c72c4180d43789bb1f2fade38c09197b,36,297 418 323 445 119 668 138 690 240 390 265 410 261 420 284 443 252 443 278 462 292 450 313 476 190 418 211 437 229 401 243 425 67 604 87 632 207 494 225 510 80 358 102 382 131 257 157 282 40 226 64 247 22 219 42 238 9 403 33 426 61 336 86 361 62 357 79 378 350 600 369 614 215 284 236 302 186 332 198 344 370 460 388 479 1 331 14 351 2 428 27 450 26 460 49 484 56 457 75 473 284 371 305 388 447 490 460 507 415 578 435 590 444 567 467 598 464 493 481 513 122 582 151 603 126 602 159 633 138 625 160 645 110 654 132 671 126 674 147 696 226 733 243 753
20150919_174730_image351.png,230c5e45a64c5c6bb8eee5689be9f7f1bd1b0385,34,143 226 172 255 91 334 117 356 73 311 94 338 76 335 92 351 304 431 324 455 312 396 337 424 254 367 279 388 280 400 299 422 261 421 284 443 198 394 216 414 239 381 258 401 230 257 251 278 19 383 44 407 33 441 49 457 386 438 401 458 131 654 151 676 145 595 165 618 58 526 77 545 59 197 83 221 464 473 479 494 45 191 64 206 4 403 31 426 197 304 209 320 295 347 319 368 252 400 281 421 223 471 240 489 81 589 101 617 142 566 166 595 352 585 374 602 461 553 488 574 121 635 141 658 137 656 160 684 209 502 231 519 303 397 315 415
20150919_174730_image356.png,7ff295213c3a21308bbcbe04e74a46db7777932e,40,186 244 212 274 105 211 127 240 133 351 157 378 116 326 135 355 118 351 133 373 62 398 81 421 293 385 320 410 237 412 254 433 350 414 373 443 343 449 366 476 320 416 339 440 303 441 325 461 276 398 296 419 390 598 413 623 168 667 189 694 274 275 292 292 120 603 142 631 91 542 109 561 109 543 124 560 69 453 87 476 293 416 313 437 424 459 443 481 500 495 519 514 338 368 358 386 48 325 65 338 35 404 56 422 36 422 47 439 262 491 282 507 173 236 190 264 216 319 246 342 91 207 105 217 344 416 356 432 159 653 175 676 174 674 197 701 181 608 206 635 183 582 206 606 191 625 204 646 330 583 350 601 505 574 532 594 237 450 256 464
20150919_174730_image36.png,6048616972a5939556b0a99f8ca7ebf9906b5409,17,611 247 644 282 640 252 660 285 437 422 460 448 427 445 457 469 623 414 655 439 603 428 627 448 663 352 697 380 648 386 669 405 664 765 707 802 623 775 657 825 687 792 720 838 635 350 660 379 609 411 627 429 618 382 637 402 207 385 219 405 703 688 720 718 695 708 720 741
20150919_174730_image376.png,7a609d736e845906956168d59a005bfbe7e84f6f,39,295 234 322 266 226 204 247 229 247 349 275 375 229 323 254 355 229 350 245 370 164 401 189 430 54 400 76 423 416 379 443 401 379 389 408 421 479 406 503 437 445 414 468 434 465 443 494 473 520 602 545 625 392 259 415 282 123 427 152 446 166 549 188 571 295 688 319 712 290 613 313 638 301 624 319 647 209 559 229 576 192 549 205 568 401 413 422 432 423 438 439 460 554 447 578 470 165 465 183 483 67 484 86 497 535 478 563 501 0 387 16 410 1 422 20 442 319 319 337 344 349 414 358 431 254 621 273 639 283 668 307 692 300 695 323 719 122 637 139 658 470 588 496 608 526 529 547 554 388 529 403 541 300 597 335 621
20150919_174730_image386.png,bec7b67c49e71dabe5626e5322513eb1c8aa106d,56,311 207 339 244 381 242 415 269 404 322 422 349 315 330 344 365 334 361 360 388 486 264 509 292 240 412 264 440 236 332 252 353 505 388 535 416 464 398 496 427 537 425 565 450 566 422 597 454 555 458 585 488 545 448 571 477 484 426 507 447 456 435 474 452 553 365 579 395 124 410 147 432 57 427 86 450 199 432 223 456 187 440 201 452 140 492 163 511 238 477 258 496 246 551 266 576 230 556 248 579 236 574 254 590 265 564 288 587 346 537 371 554 398 614 432 636 58 391 80 411 38 439 57 465 3 458 28 485 361 232 387 260 509 425 529 445 497 447 529 472 359 681 387 710 377 637 405 668 366 626 389 653 199 646 216 672 602 619 634 648 566 603 597 632 342 516 358 530 159 522 187 546 611 549 647 585 623 486 655 515 647 449 689 492 690 494 710 525 677 367 699 391 279 198 302 232 338 638 363 662 314 361 335 385 97 529 116 542 361 564 375 579 639 551 663 576 372 707 402 730 375 727 402 738
20150919_174730_image396.png,4c8848e07961e9cb446035f0245eb243f7e84c0a,47,406 725 434 751 266 575 284 591 641 636 663 664 410 652 429 679 437 628 467 654 586 471 619 499 604 432 630 465 572 434 601 461 573 458 596 474 464 440 484 462 485 406 510 437 539 398 567 422 506 434 533 454 528 461 550 481 582 379 610 402 410 245 441 274 423 328 448 358 347 336 376 369 362 362 392 393 343 367 363 388 518 270 541 298 262 415 289 443 204 442 225 461 127 414 152 437 32 463 47 483 34 445 49 463 67 434 89 453 350 542 379 561 431 431 448 455 666 566 689 586 311 200 340 220 190 445 207 459 155 499 176 518 253 479 272 503 2 467 19 481 235 661 250 689 237 583 252 597 369 575 386 594 422 526 441 547 393 707 415 730 382 657 404 673 395 648 413 664 404 743 435 760 647 507 666 524 687 477 711 501 668 514 684 530 529 436 554 453
20150919_174730_image41.png,b8c80fa23e7c8ef836d18f7f434c9fcc89ee27a3,16,640 269 674 306 662 272 687 309 456 441 479 465 447 464 476 489 686 373 717 404 665 405 693 427 652 386 677 398 662 372 684 392 641 431 673 462 637 404 665 425 624 444 650 472 676 363 700 376 659 799 703 853 700 794 720 831 222 400 231 421 591 557 622 585
20150919_174730_image411.png,22a6a0d2de8baf0595e25c82de83723a318e6e19,48,381 389 410 419 360 359 397 395 356 390 380 413 262 440 289 470 182 466 199 483 100 437 125 463 151 531 170 549 432 454 457 477 485 431 514 457 558 420 593 450 606 493 635 525 626 455 653 490 601 461 625 486 506 454 530 482 425 354 454 380 428 268 454 288 328 222 357 252 429 759 456 794 256 700 274 733 577 456 595 476 147 493 170 512 537 484 563 508 534 462 561 476 605 407 631 424 40 461 63 482 38 444 64 462 7 419 27 435 1 488 8 510 157 471 178 487 183 523 202 539 240 513 257 530 364 489 382 508 382 487 398 510 53 562 65 581 229 602 245 621 361 570 383 584 346 602 363 621 404 675 430 698 425 691 445 709 412 740 436 768 465 661 496 687 528 400 556 413 525 410 537 429 589 477 605 497 702 529 720 556 526 550 556 570 423 436 449 455 545 290 562 314
20150919_174730_image426.png,ceb618bd0dcabe46b546b851257a0319e669665c,47,506 765 535 801 447 341 479 377 498 335 528 362 424 190 448 220 463 370 494 401 436 367 464 398 499 440 522 465 482 445 500 470 557 418 584 449 646 411 680 439 651 443 678 467 612 473 641 498 431 476 447 498 147 420 171 443 42 398 63 416 25 451 44 472 200 514 229 537 524 239 542 260 456 197 483 220 343 426 362 452 552 661 587 691 487 741 508 770 476 675 502 702 577 443 602 468 215 448 246 469 613 541 646 565 288 496 315 520 88 446 103 465 82 422 105 441 35 472 43 490 110 520 131 540 193 477 221 494 229 507 252 522 266 483 283 496 598 383 625 404 563 469 586 491 612 450 642 467 692 452 715 478 714 450 720 483 696 391 720 417 654 467 674 490 688 485 720 518 413 561 432 575 480 689 507 714 330 699 353 735 295 694 315 729 256 591 276 610
20150919_174730_image436.png,9084cec03bb625a3d1a3b49617749493de248fd0,45,630 795 667 832 607 445 631 477 588 378 621 412 571 350 606 386 562 374 588 406 674 425 700 456 693 452 717 479 613 711 635 741 242 429 269 454 12 618 35 643 83 716 110 744 56 727 74 754 116 485 131 501 319 458 340 482 394 509 421 532 318 537 334 556 193 535 219 556 217 548 232 563 79 488 99 498 21 560 48 579 499 480 523 508 523 487 543 510 112 462 132 482 130 403 151 430 288 492 315 507 690 692 719 719 620 335 643 362 553 192 572 220 586 197 602 226 584 235 616 266 441 447 455 471 451 731 476 765 85 300 113 323 170 440 196 475 31 531 50 552 7 597 27 619 89 671 120 697 417 724 439 756 320 518 343 539 363 491 377 510 512 575 537 589 438 341 467 361 597 437 622 454 591 719 617 750 615 775 641 804
20150919_174730_image441.png,18fb022454d6daff1d4e12078f6c9ec5fd4a280f,49,135 727 168 754 112 735 133 767 150 702 160 722 147 680 178 701 517 740 542 779 482 736 498 766 700 809 720 847 680 724 707 753 662 746 695 763 62 621 88 649 56 604 78 626 22 561 51 586 71 563 99 583 80 535 97 557 227 568 245 588 569 582 594 594 264 552 285 572 244 540 271 561 22 498 48 516 18 406 41 425 130 493 154 506 169 487 187 508 162 468 185 489 291 436 322 463 342 493 369 517 368 464 392 489 353 467 373 487 372 543 393 562 371 525 397 543 285 562 307 579 531 583 550 605 450 511 479 537 502 450 526 479 412 498 436 518 630 379 661 411 659 383 697 419 672 456 703 482 629 462 646 481 582 491 603 515 559 486 582 510 663 442 689 460 144 308 162 328 181 413 202 429 502 344 538 371 641 355 680 392 677 336 713 372 654 249 686 267 663 200 686 236 626 192 649 227
20150919_174730_image456.png,186de943745bfe1c1fd90eb7df11fea63e44a9af,35,549 527 577 556 379 447 406 474 452 477 476 500 127 638 153 665 257 749 288 779 229 758 252 790 317 552 337 578 347 575 368 596 201 531 221 555 138 574 163 595 88 575 116 594 236 480 254 499 242 502 258 521 35 327 60 352 38 290 56 307 615 766 642 797 668 776 686 811 613 601 636 616 665 599 684 614 641 506 661 526 663 513 684 529 703 478 720 498 87 415 110 433 127 617 141 640 77 505 94 527 241 312 261 337 45 369 55 382 246 425 265 441 207 503 227 518 147 547 163 567 334 565 349 585 422 509 451 530 623 462 640 493 631 352 666 380 260 700 291 731
20150919_174730_image46.png,427f48073163dde21528e1539a74ff827cc31957,12,460 452 489 481 661 421 692 451 709 351 719 390 645 435 663 459 688 389 710 416 472 431 492 455 669 355 701 385 658 388 688 407 665 259 696 293 690 260 711 295 613 545 646 574 696 794 720 842
20150919_174730_image471.png,0d28e98133cf462355272dac2ed7940b1010b559,51,251 679 274 705 438 799 469 827 417 814 433 843 520 635 543 662 543 634 560 651 563 651 582 666 517 477 542 502 565 535 587 554 588 504 610 527 210 617 234 640 259 616 284 636 263 590 284 609 328 570 351 591 331 542 353 558 418 617 441 636 437 751 466 784 363 456 386 476 354 517 376 536 370 537 381 556 383 350 402 374 1 586 28 609 155 374 174 401 102 390 124 415 86 293 110 316 95 270 116 292 212 463 229 477 703 550 720 583 251 665 267 678 1 228 17 252 151 336 167 352 30 314 45 329 45 462 61 479 187 400 202 419 13 596 35 616 74 419 89 435 1 263 14 276 72 327 99 344 112 437 132 449 85 489 103 502 111 499 122 511 98 597 110 619 109 596 121 608 376 764 394 776 531 662 546 671 361 601 374 616 296 580 323 600 321 583 344 601 456 513 471 529 382 466 402 479 557 540 573 560 485 585 497 601
20150919_174730_image486.png,b1859d3850c795d2f8d14cab04ff4e61ae9ab5f1,51,105 584 133 609 307 622 333 642 356 621 383 640 664 647 684 668 643 637 660 660 522 614 544 638 438 566 458 594 466 449 490 471 639 469 666 496 474 533 488 557 460 513 482 532 441 540 463 554 251 369 272 390 208 429 229 447 198 386 221 406 26 368 50 389 35 352 54 371 691 533 715 555 391 579 414 601 511 335 540 364 88 219 106 241 180 282 201 309 193 263 211 281 70 191 92 212 55 202 72 223 50 221 71 241 242 326 263 344 361 586 375 607 577 504 598 523 0 224 17 247 110 602 137 617 5 419 28 439 37 241 52 260 44 259 62 276 91 249 111 264 42 178 56 196 175 316 200 340 123 301 141 313 278 395 296 415 296 402 313 411 314 456 333 472 674 478 690 497 357 667 367 684 349 686 376 709 626 639 644 665 681 536 700 556 694 501 712 514 453 600 469 618 479 586 497 608 487 458 499 476 551 479 586 506
20150919_174730_image491.png,b111419d1ef07f1d2d9114fcdc9542e3a0d33d43,66,36 176 62 202 77 194 101 216 57 203 84 229 50 221 78 250 84 215 106 230 95 221 122 250 97 249 123 274 46 261 70 285 31 278 55 303 1 221 14 249 12 230 28 252 1 247 20 266 136 306 156 325 144 264 162 291 201 261 229 290 189 286 216 312 69 331 106 361 39 356 66 384 32 378 61 406 10 421 37 449 2 445 10 465 63 461 87 483 59 407 79 428 183 323 205 347 251 326 280 357 210 384 237 413 260 366 291 399 293 394 315 420 223 428 255 456 334 456 357 480 122 592 157 620 328 622 358 652 381 593 404 616 381 625 410 651 378 695 403 720 466 570 492 600 552 616 580 645 569 599 599 627 629 627 644 647 489 450 519 477 484 516 513 540 466 544 491 565 492 536 521 565 589 478 620 510 610 496 643 530 679 468 710 500 502 592 526 613 651 641 678 670 673 641 694 662 692 650 716 670 231 599 246 620 712 478 720 502 516 460 527 482 614 854 648 890 650 829 688 872 638 776 677 811 548 330 578 364 183 366 202 385 302 443 324 464 326 435 341 451 315 398 329 419 223 540 249 566 236 518 249 531 308 559 332 577 420 580 443 606 135 612 157 632
20150919_174730_image496.png,0826cf4acb0235d89684d8f7508bd3950d5463c2,56,22 214 44 234 3 231 26 258 0 187 21 205 2 160 26 183 104 183 125 204 122 212 146 234 294 368 318 395 250 427 272 447 82 214 104 238 156 592 181 621 71 353 93 372 62 368 87 386 38 417 60 441 17 434 38 458 240 382 260 400 114 328 134 351 220 275 245 303 232 253 254 274 590 332 616 358 518 449 543 473 496 573 521 602 353 625 380 655 398 699 417 721 403 631 430 651 579 624 602 647 514 519 536 538 12 387 31 406 494 545 516 562 533 540 546 565 337 400 351 412 211 314 229 338 76 250 93 269 408 591 423 616 442 583 461 607 86 191 105 212 461 583 473 603 485 593 507 608 165 612 184 631 90 453 104 473 59 268 79 291 24 235 45 252 37 218 56 242 1 218 14 236 110 205 130 219 124 243 152 262 174 300 184 314 177 255 190 269 281 324 304 345 624 486 652 511 644 507 676 532 710 472 720 499 532 597 550 616 615 613 634 634 673 645 712 668 365 457 382 477 67 234 86 252
20150919_174730_image506.png,22874f51662b55ae70cde2196d5e92c82575beb1,68,261 586 289 612 505 701 531 730 613 578 639 605 40 598 70 629 637 447 660 474 635 517 658 541 512 629 536 649 510 596 532 615 458 628 486 651 78 570 107 597 88 461 112 489 76 400 101 426 356 414 380 439 126 190 149 214 106 213 125 238 60 231 87 254 72 208 100 234 37 134 59 157 1 184 16 209 35 180 55 196 213 156 236 185 230 191 251 212 188 191 209 216 108 162 132 186 109 139 132 158 112 372 142 399 401 357 430 381 549 586 572 612 613 546 638 565 641 543 668 570 126 420 148 444 169 350 194 368 193 170 211 193 176 258 204 275 317 297 342 324 175 332 200 353 341 237 365 260 181 229 199 252 6 339 29 364 16 590 42 618 2 605 15 623 89 217 108 241 102 194 117 214 37 238 60 255 5 235 25 263 42 210 60 226 55 211 73 234 158 252 180 270 170 213 191 235 142 198 163 220 124 209 142 230 232 228 260 244 211 309 241 337 137 396 155 425 249 445 269 470 151 547 177 570 496 700 512 721 575 588 589 609 694 631 720 658 629 480 645 500 477 455 492 471 420 384 440 402 443 391 459 407 186 440 203 458 186 387 198 402 396 309 412 323 329 265 353 287 284 238 302 263
20150919_174730_image51.png,28d6f39b823a903b3cef99fe0ebf0b001e700fd6,11,468 436 491 462 457 461 487 487 665 264 699 299 659 425 690 453 699 367 720 396 638 412 666 438 641 441 663 462 681 398 704 419 691 265 709 300 664 381 686 395 676 358 695 374
20150919_174730_image521.png,e8996ffe13f8ac9a39401e8848ae4d942cf06805,70,328 618 358 646 561 727 590 759 563 655 592 675 512 654 540 682 564 621 584 638 606 608 629 635 80 635 113 668 120 602 146 633 27 634 53 658 58 630 82 655 145 487 169 518 133 425 163 452 183 442 203 470 272 465 293 491 462 371 483 390 297 418 325 443 167 394 201 424 685 603 715 637 699 468 719 493 701 539 720 561 100 246 124 272 55 152 84 175 16 198 44 223 59 192 82 213 2 219 25 241 27 253 53 284 3 301 26 320 21 366 46 386 163 206 186 230 109 224 137 252 248 173 271 199 267 204 290 230 144 173 167 198 205 273 232 296 133 234 152 260 219 208 246 230 229 184 250 203 388 253 415 277 438 326 455 346 171 266 204 288 70 254 93 277 217 529 236 548 325 296 342 318 206 245 232 267 46 246 73 257 1 363 24 382 191 330 209 353 212 371 237 392 262 326 290 356 267 238 297 266 176 210 200 236 131 148 158 170 140 127 160 146 140 208 154 233 151 230 164 248 88 204 114 240 336 253 352 277 363 317 388 343 430 374 450 389 391 391 420 408 483 407 500 422 685 502 709 521 379 630 393 647 563 708 585 725 551 726 567 749 644 613 662 633 650 572 662 591 686 572 708 589 707 564 720 586 284 485 307 508
20150919_174730_image536.png,261012497425cff217b1b46b171459e5b13d4621,77,132 645 163 678 112 638 136 662 78 643 106 670 164 611 197 636 232 582 261 604 202 489 230 525 195 429 224 459 293 469 316 491 255 531 274 550 391 624 424 657 619 738 644 766 563 667 593 687 613 662 643 686 653 612 681 638 447 438 472 461 440 392 464 418 513 375 530 396 234 396 265 427 321 417 343 441 324 321 348 355 202 197 232 225 138 240 168 269 87 141 107 166 44 191 71 218 63 248 81 273 89 182 112 203 283 166 306 196 303 196 329 225 307 231 333 259 229 272 257 288 197 258 224 284 186 165 207 188 163 136 183 156 257 178 283 207 614 624 636 648 444 515 467 530 423 279 439 304 230 244 257 263 224 224 252 248 32 294 51 313 27 213 55 230 48 358 69 380 172 116 190 135 101 251 120 279 434 251 456 276 149 150 172 170 152 218 179 247 169 202 192 229 176 227 190 249 131 195 147 207 80 233 102 251 23 353 46 378 131 370 151 390 150 450 170 476 244 447 266 474 199 349 219 378 343 257 364 280 375 248 397 280 324 253 348 277 379 297 391 319 379 366 394 382 407 386 431 409 411 313 432 338 487 325 501 344 199 540 219 559 60 537 78 562 17 524 38 548 618 716 633 738 564 724 575 741 604 743 619 761 710 620 720 644 708 578 720 594 670 621 701 649 444 640 460 657 116 245 138 269 133 231 151 247 113 211 134 225
20150919_174730_image551.png,06339f9920867d11a37c930b9ab94d7b60e0a357,78,556 658 591 692 353 511 386 549 343 449 375 481 262 669 295 704 243 667 265 695 209 667 241 699 59 593 83 617 83 549 108 571 1 561 29 591 295 634 324 665 363 608 386 634 584 461 615 488 654 396 682 426 579 411 608 438 471 337 502 369 434 443 456 465 390 415 418 444 135 368 158 394 159 376 181 402 337 211 364 239 350 284 374 311 277 254 304 281 286 228 311 253 169 197 195 229 208 151 234 177 154 308 176 327 181 265 205 292 218 270 241 294 245 260 268 282 414 182 437 210 435 209 463 237 438 251 465 275 593 547 618 564 356 257 379 280 319 273 340 300 212 193 235 216 151 222 176 242 72 250 94 277 58 253 74 273 482 277 501 293 324 176 341 206 285 147 315 176 260 210 288 231 229 216 254 238 264 243 288 261 232 241 246 261 201 240 241 264 292 130 322 151 272 161 296 180 389 191 418 222 388 216 405 236 343 244 366 268 349 218 371 244 327 372 347 400 234 387 260 410 314 446 335 467 400 468 419 495 521 399 533 430 515 265 533 285 135 548 157 562 0 498 11 527 202 619 221 638 205 581 229 609 319 561 337 584 375 557 397 580 426 553 442 571 382 618 405 635 707 706 720 725 709 767 720 779 598 680 615 692 547 414 557 430 576 397 599 414 623 346 643 371 436 347 452 375 450 314 468 325 455 270 486 287 97 373 124 392 41 576 56 597
20150919_174730_image56.png,eaf44e3a5602144fbf85c799cca485e80279623c,5,528 441 553 466 521 465 543 490 707 419 719 435 708 449 720 467 676 558 707 573
20150919_174730_image566.png,a5e8cfe9ce8ebf99339a77c6fb759f14ab11a179,76,400 722 430 755 505 555 541 599 489 652 519 682 426 685 454 709 346 716 375 747 381 719 403 742 499 489 534 525 165 628 188 653 191 586 218 606 117 595 144 622 109 533 139 564 56 567 77 589 2 555 23 578 463 399 495 434 434 472 454 499 628 372 655 409 618 307 641 330 654 295 684 318 471 237 502 267 568 242 593 269 546 207 571 235 293 223 322 256 326 173 354 203 337 219 360 244 182 275 208 302 306 292 326 317 420 257 449 289 336 297 366 320 355 272 377 301 412 285 435 315 464 313 492 338 269 407 294 428 277 336 302 361 271 251 298 270 346 244 371 270 414 176 443 203 414 153 441 174 378 286 404 316 522 220 541 245 475 288 496 315 396 188 414 208 33 599 53 615 320 279 345 296 335 257 357 282 390 235 426 264 453 200 478 234 567 275 597 308 586 297 617 317 593 349 616 362 433 305 454 329 459 266 484 298 371 246 393 258 248 401 273 429 208 401 233 414 228 393 253 413 36 408 57 427 11 399 23 412 445 459 465 474 342 415 370 438 441 340 459 358 654 444 674 470 690 430 715 442 652 433 665 445 549 450 580 488 553 512 571 535 149 607 168 631 251 581 274 608 313 659 331 678 317 622 341 647 434 602 454 623 464 568 489 592 490 597 510 619 516 607 528 622 661 661 700 698 539 410 551 427 441 366 456 387
20150919_174730_image581.png,47895446e957d8d0729cc3edc3c31f1fd2ba348c,79,594 538 636 578 590 469 631 508 537 638 571 666 460 709 493 746 411 707 448 741 165 607 193 636 197 564 227 590 122 581 152 610 141 511 175 547 46 544 70 567 513 374 545 413 457 446 481 479 278 562 305 589 275 378 305 405 181 239 207 262 312 187 341 218 341 133 369 161 434 135 463 166 352 182 380 206 328 258 348 290 356 264 384 289 372 236 400 265 466 222 497 254 456 253 486 276 605 212 633 241 668 283 697 308 626 271 649 288 611 253 635 274 511 204 545 234 470 323 490 349 518 504 546 528 449 312 468 335 354 206 377 240 394 227 412 251 416 151 438 172 577 175 604 205 485 549 510 572 343 387 369 410 303 304 323 329 287 206 315 234 432 197 462 233 491 259 517 284 337 603 361 627 475 671 513 702 339 242 362 261 318 222 336 239 425 256 454 287 411 233 439 255 251 371 277 395 262 391 283 405 2 376 17 396 160 237 184 264 202 370 230 393 225 366 244 383 1 574 16 596 67 530 86 545 152 588 178 616 326 637 347 662 350 664 368 681 340 691 361 715 447 703 473 733 466 584 483 605 529 528 555 547 398 490 416 517 445 336 472 360 482 284 510 310 575 401 605 419 652 426 679 472 699 349 720 386 651 317 674 345 711 270 720 293 559 186 580 211 493 165 518 192 520 161 546 179 376 210 407 236 474 433 500 459 543 387 563 421 545 420 562 430 556 570 579 588
20150919_174730_image596.png,b8fcefe3d67697a3aaf1c6b5a3cd3f8452b6dfef,69,289 621 319 646 582 720 618 759 624 723 658 763 324 573 352 596 293 527 329 557 250 590 284 619 87 545 117 571 167 554 195 581 588 445 612 476 635 496 662 527 664 369 697 409 688 646 719 671 646 579 673 604 643 680 673 710 414 571 446 604 613 553 632 574 398 378 426 401 372 369 398 396 301 237 330 263 484 258 514 283 467 122 497 151 443 180 472 215 421 198 448 230 464 249 480 278 432 298 459 326 538 220 562 249 661 193 691 223 616 213 646 241 603 240 638 269 550 267 575 293 568 121 598 155 542 133 565 161 484 171 514 197 504 221 534 257 584 319 604 340 579 187 606 220 472 200 496 230 101 380 124 399 560 304 585 324 277 596 302 624 229 549 244 559 96 583 124 605 13 481 32 495 314 598 334 618 468 609 494 638 599 589 617 606 520 490 539 511 452 646 479 672 474 669 498 692 664 447 686 471 695 414 715 431 603 433 627 464 386 391 404 405 319 371 347 400 341 368 360 385 284 237 311 260 70 371 89 385 463 388 484 410 463 420 489 446 563 330 583 353 518 330 539 345 502 205 529 228 469 238 488 255 447 248 464 268 561 100 587 129 570 247 602 276 691 169 714 192 712 170 720 191 658 148 682 167
20150919_174730_image6.png,8e6d084a212b1e80c23c0886eb24b5d8a8420490,36,381 109 420 165 280 225 310 258 295 230 322 262 419 257 456 296 444 306 473 333 455 346 492 376 323 384 352 410 531 305 560 336 514 309 534 337 484 306 505 327 362 323 387 354 344 352 364 376 311 399 334 421 156 398 181 423 150 418 181 444 308 382 326 400 339 326 356 343 482 524 506 546 287 499 310 530 625 597 654 622 397 665 426 691 339 714 383 749 307 723 338 774 360 738 404 783 507 766 548 808 628 621 655 642 316 358 337 379 682 413 715 435 405 268 424 296 329 337 351 353 449 513 451 515 477 505 499 517 399 641 431 672 702 658 720 693 657 883 687 902 651 910 676 932
20150919_174730_image61.png,cc8c60c36ed937765beba065d3849c741ce71cdc,4,594 427 616 451 580 451 612 478 0 470 19 494 1 393 14 417
20150919_174730_image611.png,0e067c7eeffed3bfdd6655acc94566cca8dc00c7,62,563 126 593 158 673 121 710 157 549 187 580 220 593 176 621 203 643 226 669 260 612 229 644 271 646 275 677 305 389 253 417 287 523 214 557 245 593 267 625 299 573 262 593 289 549 315 574 345 495 396 525 426 427 611 454 639 427 562 461 594 393 661 421 695 357 630 387 659 165 628 193 649 168 586 198 614 45 610 71 637 659 312 688 339 259 602 284 626 162 416 184 438 644 138 674 166 683 326 710 355 368 257 388 282 599 211 625 238 538 607 570 634 570 688 593 714 385 635 405 666 2 428 21 451 466 396 493 421 658 100 690 132 707 188 720 215 571 208 595 235 536 265 552 283 559 264 569 279 578 248 593 268 704 249 720 272 710 236 720 250 689 307 712 333 702 285 720 317 661 340 686 369 559 442 579 467 635 512 662 541 707 466 720 498 132 406 149 425 35 432 58 452 433 387 457 412 411 398 434 423 547 404 575 436 523 575 537 593 523 596 554 619 586 657 611 675 596 702 621 731 588 740 608 753 157 605 177 628 186 604 203 622 213 510 234 529 23 487 56 514 20 476 33 486 8 596 32 621
20150919_174730_image631.png,44e3dcf9ba3c09cc0c892c96eebaf9763257d209,50,511 668 545 703 557 617 591 648 605 568 646 613 485 639 518 672 368 594 399 625 265 582 293 609 151 603 176 635 248 620 274 647 106 586 129 616 63 588 92 618 119 475 144 499 85 406 112 432 246 398 270 420 526 230 560 262 635 387 666 412 604 379 635 413 535 385 568 420 667 202 692 237 216 384 241 404 55 599 84 630 237 596 255 619 510 645 536 673 538 643 557 657 669 584 690 599 678 604 706 632 698 621 720 655 684 628 712 658 707 703 720 732 46 409 65 425 126 411 150 432 113 457 126 472 29 336 54 362 27 399 47 413 44 394 54 411 1 346 13 367 563 368 592 401 622 403 636 419 149 515 172 533 498 232 530 269 0 181 19 208 1 255 16 279 15 376 29 397 691 189 720 222 705 227 720 246 676 237 710 269 680 407 701 424 271 553 294 570 257 495 276 510 223 495 244 511 262 471 275 490
20150919_174730_image646.png,c46e229c01197203767fd143450c4c1de5f6dea8,44,1 635 24 663 126 607 152 636 165 604 197 635 577 646 618 682 440 608 473 639 321 593 349 620 163 488 190 510 125 416 154 438 582 224 617 260 596 382 624 415 667 377 698 413 634 622 671 650 273 402 300 422 246 389 265 408 174 519 193 538 171 421 191 439 582 679 627 708 1 257 30 284 0 229 21 257 551 231 580 255 34 257 52 279 13 180 37 198 23 218 32 231 18 351 32 373 44 342 68 366 59 403 77 419 42 397 62 423 56 418 80 434 153 466 175 484 115 617 144 647 168 531 184 548 278 474 292 496 276 500 295 514 292 498 315 514 198 567 227 588 216 633 238 657 224 625 258 656 274 607 290 623 297 603 318 626 282 635 311 658 469 588 494 607 619 363 647 396 677 401 702 421 697 382 720 416
20150919_174730_image66.png,c7a82a08fb70328a1deb9a1ce7759bfcf259f2e1,7,44 469 68 494 67 460 88 479 26 371 43 386 659 447 683 475 670 423 693 448 38 378 72 399 58 389 81 410
20150919_174730_image666.png,5182d53601dc1516dd4dd50ff589f1ab70e2cec2,54,40 146 67 170 18 182 44 210 1 385 27 409 0 267 13 293 1 262 14 279 73 255 95 277 50 377 73 400 122 390 141 413 128 255 153 288 163 250 179 277 2 216 10 248 1 185 13 211 43 191 76 221 98 228 124 262 113 226 142 260 149 351 175 369 90 203 117 231 65 173 90 196 123 178 150 202 156 409 182 427 18 443 41 468 1 428 11 451 72 485 97 507 153 424 180 442 57 541 73 555 1 483 15 499 0 488 8 505 169 499 186 524 250 423 282 454 277 534 302 559 288 498 319 526 278 477 300 499 79 593 117 624 80 623 115 658 269 541 282 560 292 426 318 452 363 395 384 417 393 411 420 438 379 487 394 507 328 584 364 610 597 630 633 668 120 650 162 683 239 635 269 670 255 625 284 656 297 622 335 658 359 651 381 686 372 648 406 683 451 614 485 648 690 658 714 677 615 615 640 638 414 623 428 645 374 515 394 531 388 518 408 534 399 667 418 681
20150919_174730_image681.png,5ae6d2732c130dbcc4ae2baa9f3eb538e7e43234,65,254 677 292 710 381 646 412 676 427 644 464 675 520 670 552 704 453 595 485 625 217 648 250 680 47 728 84 763 210 610 244 646 83 485 110 516 178 495 199 514 372 429 401 454 406 506 437 533 502 407 529 433 36 75 64 104 19 111 43 135 5 108 17 132 13 148 35 168 17 180 44 205 65 171 93 203 89 213 114 241 127 175 150 201 149 184 181 213 144 129 174 156 225 220 254 249 206 229 229 253 239 249 262 278 92 265 114 291 50 165 72 194 46 140 64 161 1 249 20 273 92 387 123 406 86 429 108 454 202 191 225 219 165 163 191 185 410 432 433 454 112 444 142 474 151 492 177 515 6 773 38 801 365 656 398 688 95 176 113 195 253 410 272 426 258 430 271 441 61 459 84 475 582 628 616 665 396 487 419 501 174 248 195 270 46 311 64 326 25 237 48 261 230 165 250 192 281 249 298 269 26 288 49 307 213 388 238 413 229 412 245 431 137 479 157 491 116 480 132 492 119 539 138 560 145 545 175 567 373 539 396 560 470 488 491 510 467 514 488 532 477 520 499 536 509 512 524 529 21 733 54 768 502 674 522 709 245 349 274 372
20150919_174730_image701.png,d8bfbcf8043df40cd88cdfdaab3841a85c39029a,77,315 304 342 338 301 272 335 304 83 113 114 143 58 189 85 220 58 222 92 256 216 231 245 262 187 219 217 250 129 217 159 249 110 210 135 238 105 176 128 202 66 148 89 174 49 148 66 169 278 278 303 305 273 246 305 274 155 255 179 282 160 220 176 242 75 257 95 275 32 293 60 320 153 311 171 340 131 437 162 462 245 443 265 465 268 447 293 473 453 490 488 517 240 551 264 574 208 552 236 578 138 546 166 573 3 572 31 602 383 756 428 794 347 724 381 760 95 858 124 883 141 807 177 843 28 789 52 816 3 745 28 776 467 732 504 767 489 718 524 753 544 718 578 757 656 749 694 786 566 739 593 764 558 672 590 697 498 565 530 596 420 603 450 624 493 490 521 518 287 213 314 241 264 464 280 486 279 480 299 494 116 514 142 537 63 283 88 305 225 211 243 232 89 187 111 210 203 178 229 200 254 221 278 242 315 254 333 270 340 306 357 332 93 354 106 374 67 333 98 356 186 440 213 458 284 464 301 483 292 405 319 432 260 408 279 433 139 484 165 514 125 493 147 513 159 502 189 525 142 534 166 548 177 604 198 624 311 569 322 589 306 585 324 605 37 619 59 635 195 635 219 648 1 700 14 720 0 655 29 690 113 811 126 834 319 684 363 720 689 717 714 743 488 551 509 570 532 579 556 592 569 472 589 498 364 584 387 605
20150919_174730_image71.png,b0bcfd4f9a37bfc632a1a6b42b393918bd96d4dc,5,105 500 131 528 133 495 154 514 88 405 105 421 104 412 131 434 122 425 145 439
20150919_174730_image736.png,d33893f4623b6fb7beac37b0b692ab1c4014799c,76,14 776 51 816 100 551 132 580 312 58 345 88 288 95 319 124 281 142 312 176 277 178 314 210 292 213 316 239 237 257 262 285 379 175 421 212 352 161 380 200 313 142 344 165 343 131 374 163 271 246 296 271 432 175 465 209 462 187 493 221 529 242 562 276 535 207 567 234 564 239 604 270 574 272 613 307 557 268 584 294 614 275 642 302 521 176 551 212 426 133 461 163 332 418 367 444 357 467 389 499 460 427 481 454 389 413 419 433 438 547 464 578 473 543 499 576 652 702 698 748 258 755 290 794 233 705 269 740 244 642 279 673 244 677 265 704 114 511 138 533 89 497 105 511 242 517 263 539 342 502 371 525 365 531 391 567 359 600 389 614 475 440 497 468 466 465 494 476 524 557 542 587 467 385 495 410 404 219 423 246 385 281 403 309 267 91 289 123 372 203 396 238 289 300 321 332 299 328 331 348 432 267 459 291 580 214 604 243 480 181 507 209 450 446 475 470 439 424 463 448 505 381 527 412 281 516 304 535 347 477 374 504 23 426 43 446 9 759 35 787 30 760 59 782 75 726 97 756 36 733 62 759 165 730 195 753 387 887 417 929 392 831 421 863 433 835 471 874 377 624 409 644 460 570 484 591 496 447 511 462 614 588 632 607 610 606 628 634 643 597 654 623 665 563 686 583 683 570 708 586 694 542 714 565
20150919_174730_image76.png,66b5d85a484d267a4ba54151bfb1279e1f403ccc,4,46 515 75 546 74 514 97 532 24 420 48 435 45 423 78 458
20150919_174730_image761.png,9787eb261b53448a53bd29aa68c1125b83e1cc2f,74,383 91 417 124 362 132 392 163 339 128 363 158 356 181 391 218 390 179 425 213 299 298 332 328 336 284 364 314 361 252 393 281 355 215 390 254 428 166 469 202 449 194 486 237 478 207 514 248 467 239 496 265 501 165 536 197 519 211 555 248 552 222 587 258 489 256 529 281 606 281 636 309 591 210 623 242 460 318 492 348 499 298 531 328 391 369 406 391 28 473 50 494 368 343 401 371 408 456 440 485 462 448 492 475 490 464 514 486 629 274 666 307 638 239 671 270 684 247 707 267 669 270 707 307 684 303 719 340 628 305 657 328 535 421 563 446 558 415 583 443 104 543 118 566 158 560 183 587 160 606 191 638 277 564 302 586 319 559 342 585 341 555 364 581 458 509 489 540 428 528 444 542 538 473 556 497 514 462 541 488 503 477 534 501 546 582 575 617 580 581 608 613 0 694 13 729 156 636 186 656 352 619 390 653 380 708 419 742 613 590 639 624 1 748 45 792 42 730 89 779 204 858 247 900 205 830 242 863 265 784 299 818 378 779 432 798 349 664 381 680 678 613 708 637 638 893 677 930 683 635 718 665 700 621 720 651 688 590 716 609 419 818 453 844 582 951 619 979 473 882 513 906 580 895 613 920 393 729 434 772 521 490 546 517 118 704 135 725 463 691 494 736 450 824 481 856
20150919_174730_image786.png,1d8d44b223912a8409eebea9ded59939294fcdb1,51,350 665 401 716 380 731 430 781 617 861 668 912 328 863 376 910 341 730 383 770 430 575 459 600 428 711 464 762 597 828 653 876 183 643 204 669 136 500 160 523 255 428 278 444 524 526 548 548 574 520 600 551 603 517 624 543 615 233 646 267 656 220 689 248 690 183 717 209 689 140 720 181 700 98 720 136 673 43 703 70 39 297 65 324 85 397 116 436 136 357 162 387 4 253 34 280 0 158 22 185 7 196 33 223 113 354 138 375 59 419 94 457 1 430 11 450 70 478 95 500 153 480 178 500 44 601 70 627 94 616 108 635 465 786 484 815 349 809 377 835 577 779 610 809 402 664 420 683 321 505 334 525 411 524 439 552 417 601 451 629 558 551 579 571 704 46 720 81 704 272 720 304 711 305 720 327 705 593 720 625 686 640 711 661 694 673 720 701 622 726 652 753 668 695 684 713 577 686 607 705 98 468 128 485
20150919_174730_image81.png,87ac07d83986dbd0a86fd3fbdac9f0dba8106f2d,4,126 522 149 552 147 517 170 535 103 426 128 444 123 436 147 461
20150919_174730_image811.png,0e57d093d687603e6eecc4e6726bdf42070423f9,54,619 667 673 719 643 739 706 789 596 729 644 776 603 879 657 916 449 685 483 711 5 649 44 690 265 639 292 668 525 559 560 593 11 268 44 294 98 277 126 304 61 227 92 255 159 391 185 418 7 120 37 148 51 167 73 193 34 127 62 155 219 487 247 514 288 412 313 436 169 446 196 472 496 507 522 532 590 511 617 529 643 507 668 536 667 502 693 530 118 596 150 623 600 823 651 866 68 307 88 328 20 181 41 210 0 176 12 208 1 414 17 436 107 328 133 356 138 342 156 367 151 339 173 362 179 343 205 367 147 379 171 407 131 404 160 432 121 418 147 444 120 472 145 496 157 492 178 515 219 510 248 537 139 616 154 630 19 753 44 776 1 776 26 801 633 784 674 824 692 719 716 762 514 663 528 678 557 601 578 612 565 566 590 591 618 540 641 556 656 548 674 568 682 584 704 603 213 577 238 594 366 496 384 511 88 414 95 432 4 255 19 274 31 241 47 267
20150919_174730_image86.png,87270638df50dd9e84d92e9f3c63ed21999cb5f8,5,12 368 33 389 186 524 218 556 213 517 239 543 193 437 218 461 158 420 196 441
20150919_174730_image861.png,17e73ef3eb8713e6b2d2fb9e2b149e4bda31460a,74,553 716 589 749 325 589 357 619 319 613 344 639 273 824 304 855 613 445 647 476 677 479 713 514 571 505 596 529 123 557 152 585 127 592 153 616 150 599 171 619 237 378 274 408 296 250 331 287 407 259 440 297 425 282 459 320 359 314 381 338 381 313 408 346 370 343 400 368 395 334 421 362 507 127 538 159 480 184 510 216 512 187 540 214 571 241 605 271 528 283 561 314 610 293 639 326 582 315 605 344 626 370 649 394 645 434 675 468 679 420 711 460 600 356 632 387 445 328 477 360 191 380 220 415 347 674 384 705 329 458 353 487 298 433 337 463 151 524 176 544 326 727 351 748 155 477 179 507 161 403 192 426 421 314 442 334 334 196 358 225 326 221 348 257 338 228 358 258 519 261 531 274 528 175 560 202 565 84 595 113 406 319 423 339 587 365 607 392 707 448 720 470 603 422 636 453 626 412 652 425 615 487 646 514 653 535 689 556 193 368 221 389 228 411 259 436 269 406 289 439 222 454 242 480 188 466 212 483 124 497 144 516 342 454 374 478 374 445 399 465 320 550 347 571 345 547 374 575 278 623 301 644 19 500 38 516 11 516 31 540 1 504 10 523 633 649 664 684 199 764 216 794 191 706 213 739 574 829 596 838 557 849 604 886 602 845 638 887 152 580 175 601 395 614 418 630
20150919_174730_image91.png,afb71bc9c93828fec1af5e3ac116a1e8c9496e6b,7,244 545 273 577 275 542 294 564 213 440 234 463 253 465 273 481 59 391 78 406 238 452 259 468 42 407 65 423
20150919_174730_image911.png,465585684a417d92cfdfcfc77a1e014584f60f93,72,54 759 85 789 46 142 70 163 27 183 48 203 20 198 39 219 515 625 534 650 533 636 549 655 509 588 538 614 571 502 600 527 667 418 695 448 597 476 621 501 246 690 275 715 233 671 254 695 209 473 232 498 216 427 238 454 184 427 202 447 102 451 126 479 84 467 110 490 39 630 66 656 286 643 306 661 345 548 368 567 293 325 317 345 228 373 246 393 318 211 340 239 133 207 152 225 194 158 216 184 219 162 233 179 148 176 172 201 173 178 188 199 110 189 130 213 453 495 473 510 323 531 341 554 101 407 126 423 48 326 68 347 294 289 313 310 198 312 220 337 68 654 92 671 259 275 278 289 0 168 19 188 31 139 47 163 51 131 71 145 87 306 105 323 253 252 277 275 45 252 61 275 44 282 67 301 7 471 28 494 51 695 78 707 93 713 117 741 81 750 104 776 288 656 311 673 196 459 220 478 238 433 257 456 353 529 371 549 50 569 63 590 267 643 284 661 339 639 362 661 339 659 362 673 289 509 310 527 195 511 215 526 401 425 421 447 491 423 511 439 703 384 720 428 511 527 529 542 556 511 576 539 651 471 682 500 499 637 523 660 533 603 556 637 560 550 585 575 406 588 432 605 428 571 442 586 664 759 687 794 685 765 720 806 158 250 182 270
20150919_174730_image96.png,3709e5fa704ca8b81ce9d7e153470feeaf3eeeeb,7,279 563 307 594 306 561 327 579 242 456 266 479 270 469 297 485 70 406 95 429 64 429 86 458 1 496 12 518
20150919_174730_image961.png,99d109b7176712af1c83d23df8f053280888ae76,113,98 621 142 658 264 553 286 582 337 647 371 674 440 836 466 870 646 759 678 785 630 733 658 759 555 663 585 691 400 687 437 717 420 475 449 507 508 447 533 470 560 449 582 471 546 500 570 519 421 451 443 473 368 333 390 360 500 149 523 173 528 149 545 168 337 129 360 152 309 176 337 199 252 62 277 90 263 138 283 160 296 197 317 218 237 228 256 247 155 304 181 327 111 553 146 598 19 573 51 599 58 561 81 591 630 328 660 354 540 380 567 406 648 205 677 238 586 276 615 293 501 323 529 346 475 172 496 190 447 167 472 190 428 197 448 223 399 181 422 209 589 250 609 274 105 361 128 382 147 334 166 356 253 267 274 287 183 610 209 630 414 421 443 452 617 473 638 496 173 542 204 575 291 491 313 511 401 488 426 516 174 284 196 309 264 350 292 377 164 421 185 436 165 258 184 272 253 235 267 254 219 226 243 252 273 159 294 182 304 126 325 155 327 119 351 140 354 113 366 131 266 76 284 99 638 293 650 315 408 311 424 332 358 292 376 308 353 256 376 276 163 432 183 449 265 401 280 422 326 369 348 388 190 350 212 369 206 340 229 361 126 393 139 408 146 493 164 509 180 473 197 487 269 456 290 471 96 572 129 602 90 558 104 580 71 587 105 628 681 443 705 466 483 440 500 456 411 356 435 380 304 511 324 525 537 479 565 504 583 537 603 549 635 562 661 590 658 579 681 604 710 558 720 578 682 506 701 525 523 543 543 562 543 531 567 552 2 647 31 667 48 493 64 511 176 588 195 614 198 585 218 604 215 560 236 588 286 546 315 566 279 571 297 599 259 610 280 628 170 614 189 639 162 637 184 653 179 645 198 663 161 654 181 673 243 629 262 649 336 615 364 633 380 613 425 640 451 710 479 741 486 783 506 811 462 828 486 853 433 816 450 834 492 600 516 626 601 667 622 697 583 683 606 703 549 690 574 709 555 708 574 720 540 697 553 713 692 692 717 715 685 708 715 726 191 389 213 412 33 393 53 409
20150921_131234_image1.png,f925c1ae0072d4fbcaf5d36c713d3e73c475563e,72,423 510 450 541 275 536 305 570 282 38 316 70 301 45 324 77 279 62 313 92 337 40 360 74 352 79 383 104 308 93 336 127 344 93 357 113 315 113 346 142 355 108 379 137 287 156 311 187 362 212 388 246 289 239 318 269 327 209 351 234 372 163 407 198 225 282 256 313 319 235 344 261 307 275 331 302 377 302 401 321 391 313 415 336 376 317 393 335 164 322 202 364 271 330 294 356 454 504 490 544 443 497 471 528 451 536 474 558 287 347 306 367 173 472 199 505 219 470 252 499 258 422 272 441 404 458 436 493 404 489 438 518 391 654 429 685 227 601 259 638 250 592 276 628 405 747 433 783 315 480 332 493 319 493 332 504 325 614 353 642 389 803 429 842 369 884 405 918 258 803 286 826 624 583 651 602 668 571 694 590 692 382 711 401 331 135 366 166 358 176 388 210 417 572 438 594 6 893 51 924 302 172 333 202 307 192 334 210 272 219 294 244 280 243 303 270 377 239 388 255 328 333 343 353 330 351 345 370 485 400 505 415 522 478 533 494 282 468 296 484 300 406 313 418 420 546 442 572 475 675 497 703 269 299 289 319 209 475 220 504 388 622 401 650 352 614 381 647 242 748 257 763 400 880 432 915 319 817 339 835 239 864 256 877 475 530 504 563
20150921_131234_image11.png,3558c40cefc5b366d95aacd48adad6662f0cdb1a,75,235 319 269 356 299 278 327 306 289 465 321 491 246 470 266 496 524 498 560 531 523 527 540 548 513 490 547 519 474 451 505 483 478 478 505 505 298 595 329 627 326 596 347 621 450 879 483 912 478 874 507 907 69 874 91 904 96 885 124 915 398 606 424 635 357 30 386 61 376 49 394 69 356 57 383 83 419 37 431 62 424 68 455 94 379 86 406 119 388 103 416 128 417 82 429 106 360 147 383 179 374 164 406 202 280 469 294 499 351 532 375 560 329 795 354 818 495 495 517 529 492 537 513 563 482 560 513 589 463 649 496 681 392 810 413 830 356 593 379 609 362 231 390 260 445 154 478 187 432 204 459 233 379 267 403 293 475 744 503 775 462 593 474 612 559 389 578 407 464 304 486 328 448 292 472 315 448 307 465 324 433 176 453 201 360 343 378 361 348 339 366 352 393 227 414 251 398 204 424 233 415 29 426 42 408 129 436 162 433 97 447 125 347 217 365 238 434 230 459 247 336 282 355 308 461 797 500 834 423 609 440 634 456 619 470 638 264 323 280 343 401 326 416 346 402 346 416 363 309 851 330 869 544 663 575 699 392 474 405 486 394 488 404 499 373 399 384 412 46 570 81 595 553 538 577 555 351 238 380 270 331 415 344 437 595 469 607 487 592 494 606 510 491 645 506 675 536 513 575 540
20150921_131234_image16.png,90484997aff6891ce23c35cb2b3dc1b6f85704e2,71,403 8 429 39 401 36 426 61 417 18 440 48 459 10 477 40 471 48 501 68 424 62 452 99 461 59 477 83 432 83 460 113 474 79 492 106 452 109 481 139 401 127 428 159 490 132 522 166 475 152 502 181 476 186 502 214 440 182 470 218 486 209 502 229 438 200 458 234 383 194 410 218 402 210 431 244 425 248 447 274 378 261 404 292 340 254 369 285 491 276 514 303 503 282 531 310 274 301 309 337 440 315 459 346 445 304 457 327 401 322 421 341 386 307 407 332 413 381 425 400 600 370 622 388 513 434 548 468 516 465 547 490 430 458 448 472 434 471 447 485 368 399 383 422 328 447 361 474 284 448 307 481 567 480 610 523 556 473 585 508 538 475 561 516 563 503 581 530 534 524 558 547 523 540 558 575 500 575 520 598 495 606 510 623 387 520 414 547 434 591 467 623 335 578 367 613 366 582 383 604 514 633 540 668 76 546 123 570 514 726 543 762 497 783 537 821 517 859 549 894 488 863 520 899 425 791 453 814 366 776 393 801 340 836 369 856 129 862 162 894 105 854 131 885 577 655 617 687 416 137 451 184 395 211 415 251 393 577 417 598 530 626 543 641 590 510 618 543 383 225 396 243 468 606 494 624 635 423 651 440 318 452 330 485
20150921_131234_image201.png,11d39c77cf1a5de6549f90cea1f9ce56f7ef02da,43,247 162 271 196 218 167 242 186 202 214 221 237 137 305 172 341 234 279 259 306 645 117 686 158 641 95 672 130 578 255 608 292 611 283 639 318 578 301 606 335 187 327 215 350 225 371 245 394 359 397 390 423 382 407 404 430 642 458 680 497 626 465 653 500 659 356 684 385 673 281 684 303 703 375 720 406 309 407 330 438 317 473 345 493 226 474 260 494 558 405 585 429 696 492 719 508 662 502 684 522 492 545 524 571 569 616 605 642 254 600 287 638 217 703 235 725 81 523 107 546 33 490 59 517 361 546 399 576 406 532 438 563 566 799 596 832 56 791 94 824 220 214 247 240 270 235 301 264 613 261 640 283 704 330 719 345 553 479 575 506 151 610 171 637 546 676 579 702 0 679 19 694
20150921_131234_image206.png,9b20c349338b2fe2844a7d0a2cc8186b1407fd04,40,240 170 264 204 217 172 241 191 195 221 215 244 129 312 164 348 231 291 256 318 653 137 694 178 650 114 681 149 584 271 614 308 621 307 649 341 583 318 611 352 179 336 207 359 220 382 240 405 350 407 381 433 374 417 396 440 648 473 686 512 632 483 659 518 664 374 689 403 678 299 689 321 301 418 322 449 306 486 334 506 213 485 247 505 561 421 588 445 674 518 696 538 490 560 522 586 572 633 608 659 242 615 275 653 205 721 223 743 64 534 90 557 11 500 37 527 349 563 387 593 399 549 431 580 566 821 596 854 33 808 71 841 215 219 242 245 266 245 297 274 618 285 645 307 706 347 720 362 551 494 573 521 136 625 156 652 546 695 579 721
20150921_131234_image21.png,08c463a0b71c92508f211beeb18d80f71e768ea0,68,520 849 556 884 551 849 580 880 534 781 551 808 551 766 575 786 457 777 493 802 399 763 425 788 379 814 402 836 164 843 194 874 138 833 164 868 550 714 576 748 539 616 581 658 465 575 506 613 370 561 406 596 399 566 418 587 426 499 450 530 368 430 401 459 322 433 346 463 469 442 481 458 469 455 483 468 410 381 441 405 451 363 466 376 319 281 351 321 379 232 410 266 418 242 448 275 425 288 448 317 441 304 462 329 481 296 501 332 488 283 499 304 547 263 574 291 532 252 559 285 606 465 647 505 593 453 624 490 577 462 599 497 602 493 625 522 570 509 595 535 562 529 597 560 539 560 556 581 536 587 557 608 555 417 592 453 555 442 588 478 646 353 671 377 118 532 160 553 465 229 489 257 446 192 475 222 477 184 502 215 430 167 451 198 460 119 495 162 445 105 470 137 479 161 510 195 519 160 549 196 528 110 568 146 491 86 526 118 474 60 507 89 467 39 497 75 507 23 545 64 461 0 483 23 444 1 464 20 444 18 472 40 518 133 538 160 622 648 657 673 1 336 35 372 0 555 16 578 432 195 459 230 517 57 536 80 509 0 521 18 358 435 370 464 506 590 528 606 632 491 655 526
20150921_131234_image216.png,80f1c82db053b4d88a8ee5e2dcb36f4da48ba6db,51,564 127 604 167 559 100 593 137 649 135 691 178 133 151 158 189 85 197 118 224 110 154 134 170 13 298 47 332 80 222 98 255 152 221 187 257 71 320 98 346 134 278 151 300 131 371 155 394 497 262 531 290 539 276 559 292 501 303 530 335 541 290 573 330 259 396 289 425 271 410 303 435 630 380 661 414 111 471 146 497 207 405 225 437 645 350 671 379 152 609 186 645 11 531 26 551 502 616 535 647 126 719 147 742 44 624 60 645 245 474 272 507 263 554 290 578 298 530 329 557 476 408 499 435 559 469 587 500 575 462 610 503 628 496 654 514 597 504 621 532 620 517 645 537 466 479 494 511 503 799 537 833 487 678 507 707 494 502 515 523 156 433 175 450 538 243 569 281 586 287 603 309 628 336 644 355 686 382 703 407 664 420 683 432 13 581 28 600 649 481 664 500 688 470 710 500 415 550 439 576 17 852 48 883
20150921_131234_image221.png,0daf10caf034ff8bbf1a3019edd63f688a0bf7ad,49,581 123 621 163 577 96 611 133 665 131 707 174 153 138 178 176 109 185 142 212 127 142 151 158 31 285 65 319 99 207 117 240 168 211 203 247 88 307 115 333 155 267 172 289 153 360 177 383 520 256 554 284 539 276 559 292 518 300 545 332 558 285 590 325 273 387 304 416 283 402 315 427 646 378 677 412 126 458 161 484 220 399 238 431 658 345 684 374 171 598 205 634 26 520 43 540 518 611 551 642 146 711 167 734 59 616 75 637 254 462 281 495 280 544 307 568 317 523 348 550 492 400 515 427 576 464 604 495 597 458 632 499 615 498 639 526 641 513 666 533 478 473 506 505 515 795 549 829 503 674 523 703 507 497 528 518 170 421 189 438 552 239 583 277 599 281 616 303 643 334 659 353 696 379 713 404 680 414 699 426 32 565 47 584 653 489 668 508 29 841 60 872 704 463 720 491
20150921_131234_image231.png,3fdce9771a97da5d2344d0a2168e7649758a7f2c,58,265 158 287 190 241 155 260 172 220 203 252 231 281 233 305 260 206 226 228 258 137 302 172 334 152 320 171 337 226 479 254 504 374 407 400 433 385 418 409 443 270 619 303 651 277 640 312 660 242 722 268 753 275 442 296 458 330 419 343 443 135 533 148 558 265 286 277 306 198 320 226 349 261 376 278 404 319 488 333 503 366 456 377 472 375 564 400 589 415 545 448 573 703 835 720 863 623 831 650 858 627 636 661 671 595 424 618 446 631 322 658 350 672 308 704 345 639 445 655 461 708 482 720 518 685 491 709 504 700 502 718 519 692 119 720 155 697 146 720 183 632 281 664 308 579 497 609 526 36 469 57 491 55 525 87 554 1 495 24 514 33 541 49 563 28 513 51 532 360 483 373 497 361 498 374 513 75 498 91 521 252 477 263 498 152 627 174 652 51 514 62 528 183 534 198 562 117 862 144 887 514 659 543 682 0 471 24 486 223 357 233 369 670 255 694 305 707 255 719 271 707 304 720 324 608 709 631 729 39 815 76 848
20150921_131234_image236.png,c1d2c571807a376dac3c21869785b2ca0da8726d,40,313 178 335 210 289 177 308 194 266 222 298 250 330 257 354 284 255 243 277 275 186 320 221 352 201 339 220 356 271 497 298 522 419 425 445 451 430 437 454 462 317 641 350 673 328 662 363 682 291 747 317 778 312 398 333 414 378 438 391 462 183 551 196 576 314 304 326 324 245 341 273 370 326 461 340 476 460 565 493 593 677 855 704 882 682 654 716 689 644 444 667 466 684 341 711 369 691 463 707 479 685 298 717 325 108 546 140 575 46 515 69 534 69 538 92 557 371 506 384 521 125 518 141 541 296 496 307 517 196 646 218 671 163 881 190 906 558 671 587 694 662 729 685 749 84 833 121 866 418 584 448 607 626 513 653 541 80 561 97 571
20150921_131234_image26.png,6db9c8b6caf3201913a73291e8ee6133b168e7c4,68,487 0 510 21 469 12 496 37 469 0 489 20 542 18 572 42 493 39 525 72 501 55 532 83 520 83 552 112 474 103 500 137 558 106 593 142 489 116 519 157 544 159 573 198 510 158 541 192 500 179 527 213 456 170 469 196 469 190 500 219 491 224 513 251 544 121 569 156 442 239 473 269 407 229 436 264 340 279 376 320 560 250 583 281 576 260 601 286 511 280 524 304 509 304 528 329 467 302 488 321 449 289 473 316 479 359 491 375 472 402 489 414 488 440 503 457 488 456 500 465 390 429 424 454 346 430 370 463 586 418 617 451 585 446 616 474 435 381 450 399 634 462 672 503 623 455 657 486 604 465 627 496 630 495 653 522 450 497 472 528 391 560 424 596 423 566 441 589 492 574 527 606 597 507 619 533 588 529 618 556 562 561 594 581 559 586 583 608 562 618 599 654 643 649 673 674 577 713 604 756 576 768 598 785 560 779 576 807 485 776 512 805 418 760 451 785 572 850 601 880 539 851 573 884 155 837 181 864 184 843 214 877 0 145 23 176 0 217 13 242 23 338 56 370 1 548 36 580 144 533 183 554 2 200 35 225 547 55 565 76 461 193 486 226 671 349 693 368 655 489 685 523
20150921_131234_image286.png,d80405d4d4683c67383b73d538fda343f904db6f,60,74 189 106 217 106 207 139 235 112 233 133 248 138 211 162 238 161 206 188 233 145 260 172 285 83 308 119 335 89 336 121 361 177 342 199 364 444 320 480 352 522 380 548 414 521 238 556 271 74 352 97 372 591 345 627 369 526 334 547 358 561 211 592 239 585 198 613 234 570 162 601 194 602 159 632 184 454 345 478 362 148 391 168 414 125 405 146 430 167 385 193 413 153 413 181 435 464 570 503 612 524 510 551 531 645 399 693 436 623 515 647 539 655 523 675 546 630 672 670 708 577 721 617 762 577 666 592 688 236 775 265 806 139 596 166 634 7 585 40 626 108 571 142 598 622 791 673 839 374 535 391 558 449 534 465 548 278 532 304 555 82 656 123 696 366 889 395 920 195 316 215 337 606 237 636 277 569 187 590 213 557 202 571 219 355 563 374 589 330 546 347 566 318 498 340 524 266 498 293 519 242 497 258 513 79 794 98 818 22 827 51 852 261 755 280 771 467 823 482 846 626 603 644 630 696 489 714 511 712 445 720 473 677 445 692 468 160 443 174 462
20150921_131234_image306.png,32eb0ecf963e535d02f22f2c74f09d26a64cce44,67,261 172 289 200 298 188 329 220 328 196 350 221 350 188 375 216 348 243 370 270 335 255 350 266 300 216 318 234 277 327 306 350 267 298 299 326 301 364 322 386 356 342 374 362 366 330 386 352 376 293 393 310 257 346 276 366 251 344 262 363 341 382 360 406 362 379 386 407 342 406 366 428 361 404 378 429 306 670 339 704 291 667 320 684 356 606 386 640 468 494 487 513 464 518 478 536 471 529 498 553 263 812 291 832 201 607 226 628 180 597 202 622 440 799 461 820 454 790 472 809 452 767 479 794 443 761 461 784 434 791 456 809 598 679 625 705 565 566 591 596 582 537 602 559 545 566 565 586 519 499 541 523 703 570 720 601 671 533 692 548 219 551 244 578 316 558 348 583 520 588 549 604 496 770 513 788 342 434 354 456 400 247 412 259 664 300 699 331 668 327 698 344 687 518 700 536 358 209 372 224 277 453 298 472 0 217 19 249 0 312 17 325 0 323 27 345 0 343 18 361 49 672 76 701 97 723 119 747 87 725 102 746 73 748 97 771 98 549 123 575 122 549 149 576 111 614 138 636 589 911 622 948 685 841 708 854 698 851 719 874 233 568 254 590 591 598 614 617
20150921_131234_image31.png,dabc2af35f8c0dae3bce2a2d190a89203335fb43,74,14 153 44 184 32 206 56 236 7 204 33 225 2 226 32 250 41 343 73 380 3 496 25 527 17 553 53 589 176 838 203 873 200 845 231 882 156 542 190 555 0 316 10 335 508 5 529 31 490 0 513 23 484 15 515 46 558 0 570 24 563 29 592 54 516 47 544 80 519 66 554 96 542 95 571 125 492 111 516 141 507 125 537 157 509 147 537 170 579 117 612 151 566 134 590 165 564 168 592 201 532 165 558 202 527 193 546 220 492 198 518 224 475 177 489 205 517 233 532 261 575 261 600 290 594 271 617 296 425 239 454 273 361 288 393 326 408 436 441 463 364 440 385 470 468 511 488 535 411 567 442 602 439 571 461 594 513 581 545 613 604 424 636 458 601 453 635 481 653 472 690 510 643 465 674 492 623 473 649 505 652 503 673 525 615 516 635 543 608 543 634 566 579 571 594 589 579 596 594 614 596 723 624 764 599 776 617 794 581 790 594 816 582 627 618 659 667 655 693 680 432 771 457 794 499 789 526 809 593 863 622 892 557 861 591 896 487 310 508 330 472 293 494 316 531 304 545 330 533 294 543 311 671 499 709 534 688 361 714 381 470 258 489 280 479 199 516 238 577 192 591 210 553 48 583 90 574 502 586 525 452 382 465 410 399 440 411 473 411 830 430 846 612 621 629 650
20150921_131234_image341.png,4082af6d4bd03b9b4ba0b7f812c634db32940d57,64,68 118 98 149 112 130 142 161 113 156 143 183 158 187 187 221 165 297 194 324 164 323 189 348 94 644 120 666 114 659 139 680 210 685 239 715 278 743 298 769 259 767 286 795 291 745 307 769 262 551 290 578 288 553 315 578 308 627 337 652 411 554 438 580 430 560 463 594 348 694 365 705 378 606 409 634 411 595 432 617 100 869 134 906 0 598 17 620 143 675 164 696 571 690 598 724 597 696 633 732 535 841 559 868 497 134 529 168 538 159 571 193 571 165 596 191 595 156 622 182 587 181 615 206 528 182 551 204 600 217 626 244 580 229 601 240 495 283 520 307 505 309 537 337 527 352 550 373 509 280 530 300 575 325 598 357 612 314 641 338 531 388 558 417 581 369 608 397 567 396 600 419 597 407 621 434 561 436 584 464 538 429 559 453 488 449 509 478 512 451 535 481 471 331 491 354 455 330 476 354 413 617 442 649 428 655 452 677 504 587 534 615 705 829 720 860 693 819 709 849 652 567 688 609 580 619 604 644 576 591 593 614 242 764 266 790 335 633 352 649 689 632 715 659 715 805 720 824 702 787 720 820 617 749 648 762
20150921_131234_image36.png,76936a8e00fdbb140348814c2be54ce2ee344b68,72,33 161 62 192 53 214 77 240 31 233 56 257 34 196 54 232 67 351 98 385 0 312 34 345 29 503 54 533 47 561 78 594 202 843 228 875 229 852 261 886 184 544 216 561 531 6 552 32 515 0 537 25 508 18 539 48 578 0 593 28 585 30 615 53 539 49 568 83 567 94 599 129 517 113 541 147 531 125 561 158 535 147 563 169 605 121 638 152 590 137 612 168 589 170 619 203 560 170 581 203 554 193 573 222 517 198 547 232 501 181 516 206 542 234 558 262 453 241 480 275 389 292 424 330 601 262 628 294 621 271 642 297 565 307 574 330 496 297 518 318 436 439 470 469 390 444 413 473 483 392 499 413 443 572 476 606 473 576 489 598 496 514 516 535 601 504 615 524 542 585 573 621 633 425 664 458 515 310 536 330 617 629 654 659 628 453 667 483 688 473 720 512 677 464 707 495 656 473 680 506 683 497 702 525 649 516 667 546 641 546 664 565 608 570 623 589 609 595 630 618 631 726 664 767 637 778 660 796 618 792 636 819 596 862 625 898 625 858 658 892 458 771 484 799 479 767 503 793 0 499 25 521 501 260 519 280 505 205 531 233 568 50 610 93 545 65 581 99 579 583 615 615 698 657 720 680 525 788 560 813 492 715 520 735 442 828 464 849
20150921_131234_image361.png,f94003a912ff490b2ab71375109704d476979da9,48,242 82 274 119 285 93 321 126 55 192 79 215 47 290 75 314 25 193 52 219 0 285 21 310 4 265 24 288 1 306 11 332 287 123 320 151 1 59 10 89 330 155 365 195 656 299 682 329 342 270 374 304 338 300 369 327 672 300 703 333 709 242 720 272 698 203 719 226 49 433 78 463 106 473 139 501 98 524 124 548 70 535 97 561 80 572 103 599 76 511 101 529 151 588 183 614 262 638 290 663 283 656 307 678 430 469 453 497 436 539 466 571 460 542 493 573 499 622 532 651 528 626 548 651 694 426 720 461 601 544 625 571 626 554 656 584 575 597 611 633 380 685 408 718 607 593 637 622 706 518 720 533 616 613 653 644 655 621 670 638 546 694 563 712 622 651 644 671 462 747 497 776 443 779 460 801 287 881 325 924 311 879 343 897 696 225 706 242 275 907 296 930
20150921_131234_image366.png,591285050f19af102610b83e191b97b119ebeb77,45,238 67 273 107 287 81 324 115 286 113 319 141 333 144 367 164 342 260 374 291 340 291 373 319 669 287 696 316 688 288 718 322 704 419 720 453 436 533 465 570 463 538 494 566 505 618 538 649 607 537 632 565 634 550 662 577 624 609 660 638 579 595 619 633 615 585 646 614 556 692 572 713 536 623 556 649 466 749 488 776 480 748 505 777 444 775 468 806 377 682 405 716 279 656 305 676 261 642 290 662 429 464 455 495 286 884 331 927 323 881 346 900 566 921 589 954 102 471 134 506 86 523 119 552 143 591 172 613 73 573 98 599 60 535 93 566 37 433 70 460 34 281 64 312 1 276 14 304 19 182 44 213 45 184 72 209 76 404 91 423 0 259 16 280 630 645 651 669 658 613 675 635 674 548 695 570 712 190 720 226
20150921_131234_image401.png,ba16105939b34398946d814462a90889fe14bbc9,56,80 188 109 215 109 190 130 210 53 290 75 313 10 305 25 333 108 290 135 319 137 448 162 474 44 39 72 73 40 19 59 41 1 0 18 32 11 59 37 89 0 64 15 88 43 310 62 335 56 270 80 291 167 411 189 436 203 486 229 517 190 540 214 568 157 525 181 548 157 557 187 586 173 597 200 622 178 622 197 643 252 611 285 635 300 612 316 630 158 320 173 338 92 394 102 414 18 754 43 780 25 723 48 745 87 778 114 800 88 798 118 816 381 654 411 680 399 671 430 695 516 694 550 728 570 539 602 572 599 539 630 574 563 464 588 493 454 663 468 690 651 759 678 787 485 920 527 963 468 286 499 313 474 256 498 288 689 623 720 651 406 69 442 105 405 99 441 130 459 131 485 149 348 59 384 104 306 462 330 486 52 169 68 186 215 435 239 458 452 152 484 176 209 715 229 733 690 783 719 807 360 417 375 434 332 730 359 749 538 951 561 972 629 931 653 964 665 958 692 979 510 910 538 937
20150921_131234_image406.png,98ebf14c18da3e7f40f0f88d8cf191ca2cd8ece9,53,77 216 106 243 107 218 128 238 51 316 73 339 9 330 24 358 107 317 134 346 139 477 164 503 44 69 72 103 40 49 59 71 0 32 17 64 11 85 37 115 0 90 15 114 53 296 77 317 173 442 195 467 202 515 228 546 191 571 215 599 158 549 182 572 158 583 188 612 175 625 202 650 181 648 200 669 252 639 285 663 299 641 315 659 159 348 174 366 94 421 104 441 23 786 48 812 32 753 55 775 93 808 120 830 94 832 124 850 385 682 415 708 402 699 433 723 521 722 555 756 568 567 600 600 598 566 629 601 561 498 586 527 456 693 470 720 651 759 678 787 497 955 539 998 469 317 500 343 474 288 498 320 406 101 442 136 405 133 441 160 459 164 485 182 347 91 383 136 307 490 331 514 451 186 483 210 211 743 231 761 690 783 719 807 359 445 374 462 546 988 569 1009 629 931 653 964 665 958 692 979 524 946 552 973 41 336 59 356 38 322 54 338
20150921_131234_image41.png,04f21251ede4a52588f6073b8ee80b19145ef94a,73,56 174 85 205 75 224 100 250 53 243 78 267 56 205 76 241 89 364 120 398 22 319 56 352 53 512 78 542 70 571 101 604 227 852 253 884 250 862 282 896 193 559 225 576 553 13 575 39 540 3 562 29 529 24 560 54 599 4 614 32 609 38 639 63 564 54 593 90 589 99 621 134 542 120 566 154 554 134 584 167 558 156 586 178 629 126 662 157 610 144 632 175 613 176 643 209 584 176 605 209 577 202 596 231 545 204 576 238 525 187 540 212 570 240 586 268 479 249 506 283 417 300 452 338 619 270 645 302 639 277 660 303 513 301 537 322 461 445 495 475 413 453 436 482 505 396 521 417 465 577 499 611 497 580 513 602 517 522 537 543 624 507 638 527 565 586 596 622 660 432 691 465 543 316 564 336 642 632 679 662 674 517 692 548 659 555 682 574 630 574 645 593 631 602 652 625 659 730 692 765 668 785 691 803 618 792 636 819 627 867 656 903 656 862 689 896 476 777 503 805 500 770 524 796 6 517 31 539 526 268 544 288 530 209 556 237 591 595 627 627 698 657 720 680 542 788 577 813 468 723 496 743 459 834 475 855 568 87 583 106 592 60 621 95 591 310 600 338 440 465 452 486 702 477 720 508 710 508 720 528 645 464 691 491 677 475 706 511 502 654 517 673
20150921_131234_image416.png,9fdfdc82f0169d5b024338a76ff9cec564f0f48c,51,27 57 57 92 3 62 28 92 3 1 38 37 42 16 75 50 64 40 92 75 89 192 125 225 121 195 144 224 381 67 412 112 435 80 474 121 433 116 465 148 486 149 514 193 504 277 532 311 495 306 530 337 118 303 148 333 59 301 86 326 63 276 91 297 45 309 62 323 49 323 70 353 18 314 31 344 190 430 205 455 593 484 612 524 592 566 625 606 625 567 657 604 152 463 185 498 216 505 247 539 173 576 203 603 208 568 231 591 189 619 220 647 275 634 302 658 402 680 434 711 421 704 448 726 476 693 488 722 540 723 575 762 523 964 573 1016 687 795 717 828 696 939 716 965 105 807 134 833 226 737 248 761 39 785 62 814 43 753 71 775 110 828 138 851 550 957 580 982 169 334 192 353 105 405 127 435 373 85 393 121 176 545 192 565 671 975 691 1008 405 713 430 740 343 773 370 788 462 570 472 601 491 587 524 611
20150921_131234_image451.png,e4653dee1d0a16a4fde6b45654275d844cae13ed,61,111 157 140 192 174 138 195 170 202 112 235 153 173 63 197 84 138 2 161 25 139 96 164 136 263 98 280 128 281 124 314 160 307 127 324 158 626 21 665 65 638 7 679 51 713 33 720 54 700 61 720 101 90 253 115 282 119 280 154 315 183 255 205 289 232 239 262 268 298 247 332 279 365 285 393 309 388 387 416 418 280 358 306 389 108 367 145 398 53 402 96 438 143 399 169 421 46 437 91 480 344 427 382 465 405 475 442 511 36 479 78 518 18 483 43 505 356 555 393 584 395 545 427 568 380 594 413 629 464 620 505 649 611 674 648 711 623 701 657 726 184 748 209 773 286 801 318 827 246 743 272 764 394 731 424 755 573 706 604 735 488 672 517 697 508 751 542 784 285 823 314 844 380 899 406 931 388 983 409 1016 113 416 128 435 14 524 37 537 48 546 57 562 374 628 402 648 269 479 292 495 110 349 132 367 224 1 246 10 143 305 163 324 413 423 432 436 703 579 719 601 671 697 684 723 551 710 571 725 239 772 262 799 68 581 91 606 310 382 333 407 93 271 114 296
20150921_131234_image456.png,f8e55b4f049f376fa06d3227bd25a0d1013f3a0f,65,165 58 185 77 192 104 228 147 167 133 185 166 127 93 153 125 275 124 299 150 294 119 311 149 255 102 269 117 98 154 125 187 111 282 143 312 82 255 101 274 170 250 193 282 106 364 142 392 52 437 94 482 58 404 81 437 43 481 79 515 22 483 43 505 223 233 249 262 291 238 320 270 276 354 303 381 358 276 387 307 346 418 380 455 389 381 414 411 410 466 439 502 422 413 454 436 415 410 435 425 481 371 506 388 387 592 415 620 363 548 398 576 398 535 428 561 144 396 164 421 102 348 121 370 136 300 156 319 81 272 105 294 77 586 100 603 298 798 325 821 297 816 325 838 377 620 406 642 403 721 429 743 141 730 163 756 254 740 284 757 203 748 217 769 19 529 44 539 509 739 541 769 470 604 507 638 615 659 653 692 629 685 663 710 573 693 599 717 547 697 572 717 525 440 561 472 506 418 524 434 256 784 271 798 260 770 274 780 619 5 657 48 637 1 668 35 707 14 720 50 694 46 720 83 671 681 685 703 649 558 663 571 494 660 516 679 409 974 430 1007 398 889 421 921 122 1 142 18 311 376 334 395 269 477 292 496 700 566 720 587
20150921_131234_image461.png,cfde8aa6aa36997c81139ed5bc906345889f360b,60,228 66 248 85 255 115 291 158 230 141 248 174 187 100 213 132 329 134 353 160 349 126 366 156 255 102 269 117 154 160 181 193 170 289 202 319 139 262 158 281 164 373 200 401 116 444 158 489 121 410 144 443 104 491 140 525 82 488 103 510 227 258 253 287 279 238 308 270 332 363 359 390 415 284 444 315 402 427 436 464 448 390 473 420 467 477 496 513 462 415 494 438 488 429 508 444 540 380 565 397 444 603 472 630 419 557 454 585 453 546 483 572 202 405 222 430 161 354 180 376 192 309 212 328 140 282 164 304 142 594 165 611 356 807 383 830 354 827 382 849 433 629 462 651 460 732 486 754 313 750 343 767 82 534 107 544 562 751 594 781 526 612 562 646 674 672 712 705 687 695 720 720 628 703 654 727 598 705 623 725 587 451 623 483 678 15 716 58 649 558 663 571 469 986 490 1019 461 908 484 933 184 2 204 19 364 385 387 404 325 486 348 505 700 566 720 587 693 2 720 42 346 247 376 279 397 518 411 530 16 752 64 794 197 739 223 762 258 756 274 776
20150921_131234_image476.png,8a07d103d6f3360115483fc15e6c51f3a2f988de,63,395 1 410 12 310 202 342 234 400 173 428 210 347 138 381 172 372 130 391 152 340 37 368 67 407 1 421 16 469 1 502 37 436 4 466 33 450 1 485 11 386 174 402 204 429 142 472 189 400 98 427 121 290 254 305 276 53 363 73 387 41 379 66 403 288 300 316 323 289 322 317 339 383 296 408 330 331 327 368 364 35 429 50 458 322 396 348 420 328 410 369 444 437 275 467 307 506 279 539 312 372 444 394 470 108 511 144 545 123 482 150 493 270 530 307 565 290 488 328 533 289 454 321 489 493 394 527 427 520 406 546 441 583 317 612 350 537 422 564 441 76 629 119 668 289 601 310 616 571 462 614 500 486 516 513 541 622 421 648 451 635 510 672 550 589 593 626 626 208 801 239 826 616 640 649 672 605 668 632 693 630 585 655 607 653 655 688 680 702 668 720 686 492 794 525 816 365 788 392 813 523 855 555 880 521 878 551 898 631 966 667 990 642 1046 671 1081 633 777 652 802 35 718 60 737 434 76 453 90 51 521 68 541 248 533 278 552 225 602 240 620 229 680 250 691 646 453 677 479 489 138 511 166
20150921_131234_image481.png,2710750229dfbf294eb04ea6fd2a91ba24772353,55,385 176 417 208 481 147 510 184 423 110 457 144 451 104 470 126 415 6 443 36 467 150 483 180 516 113 559 160 484 68 511 91 363 229 378 251 125 340 145 364 111 356 136 380 364 274 392 300 363 300 391 317 463 271 488 305 413 303 450 340 108 404 123 433 403 376 429 400 412 389 453 423 515 251 545 283 587 255 620 288 459 426 481 452 185 492 221 526 202 464 229 475 356 512 392 547 376 469 414 515 373 434 405 469 575 373 608 406 601 383 628 417 667 293 696 326 613 406 640 425 157 609 200 648 382 585 403 600 659 446 702 484 574 500 601 525 681 578 718 611 309 790 340 815 590 789 623 805 455 775 482 800 614 848 646 873 611 871 641 891 642 1046 671 1081 115 701 140 720 514 43 533 57 125 499 142 519 337 515 367 534 311 585 326 603 229 680 250 691 489 138 511 166 576 109 593 130 1 326 33 360 709 402 720 424 707 630 720 659 693 661 719 682 292 810 320 842 570 827 584 848
20150921_131234_image486.png,6e15c0312337434770798698102007fd09981cad,49,568 1 603 18 459 15 488 50 469 123 499 158 487 112 514 147 534 76 561 102 426 188 460 222 530 157 563 196 511 165 531 190 569 50 590 67 568 119 611 175 632 263 665 300 36 353 72 385 162 364 183 387 149 382 171 404 406 244 419 269 410 294 434 317 410 317 430 334 457 319 492 355 133 429 157 459 450 389 475 414 467 406 501 439 562 263 590 294 504 287 532 317 621 385 652 415 645 399 672 428 712 301 720 320 428 450 463 488 708 455 720 485 425 485 469 530 231 514 258 548 614 512 649 536 201 633 246 674 409 530 448 565 439 604 460 626 659 415 696 436 353 817 407 870 161 719 190 747 667 867 697 890 639 810 679 828 91 330 108 354 553 101 566 117 664 371 686 388 168 527 184 543 238 480 276 495 624 847 643 870 500 795 532 821 661 888 691 911 365 601 386 627 411 580 427 594
20150921_131234_image536.png,04356870f2f1092a54ef0053075e303f9d3d8d43,18,322 343 357 387 416 378 441 406 429 362 454 390 516 488 547 516 681 534 711 563 585 655 630 705 618 892 670 939 395 437 409 462 158 475 186 498 225 474 245 502 138 594 160 618 501 767 520 782 655 852 675 867 525 655 551 673 546 629 562 647 545 555 565 571 564 550 581 564 429 665 452 684
20150921_131234_image541.png,9dcc64a37a0b1b751385a911cc183a4e2637f169,13,179 479 196 509 237 491 263 520 345 355 383 392 438 386 463 415 451 369 477 395 422 444 432 470 549 496 575 516 579 560 614 582 579 639 596 663 451 673 474 700 557 666 580 684 625 671 671 717 668 909 715 956
20150921_131234_image546.png,c07c820295f4dac7c26f716ff624c88b052c2f64,10,671 647 693 674 667 567 704 592 630 501 662 526 254 480 279 507 322 492 346 511 427 356 466 393 522 389 546 414 537 371 558 398 502 444 515 474 640 678 666 695
20150921_131234_image551.png,699653b944794ff397ac57414666d6f6630a4695,10,473 367 508 407 563 404 588 429 578 385 602 410 545 464 556 485 676 519 707 540 450 721 462 736 684 698 708 714 288 496 318 515 362 503 381 524 649 749 673 770
20150921_131234_image556.png,ec9b064cdd35b09faa8525670aa8b6751b96785e,9,305 484 324 507 378 494 403 515 497 358 536 399 313 575 336 596 566 451 580 485 588 395 610 423 601 378 626 401 697 516 720 539 674 748 699 766
20150921_131234_image56.png,e06bb9f3fe1277c333d7c7eb2a0f8acd254118fd,37,241 110 262 149 215 145 230 174 229 191 252 218 252 174 273 201 267 316 296 347 198 272 219 290 124 288 155 322 108 297 129 326 178 471 201 495 231 467 258 500 246 524 279 559 709 129 720 159 662 203 694 232 602 247 634 286 707 204 720 231 699 250 720 273 639 398 675 435 587 404 612 435 643 539 676 574 670 539 691 565 616 422 630 451 669 613 707 640 636 690 662 708 635 755 655 773 387 811 416 842 410 822 443 857 610 795 633 823 229 151 260 192 686 350 711 375 684 455 708 476 687 475 714 505 689 542 708 568 0 525 18 555 106 710 134 739 139 811 153 830 654 744 676 766 679 686 696 707
20150921_131234_image561.png,d0e768fbc25d41e10d05fb1894b96e6a18c06213,8,694 758 719 790 332 587 360 604 327 486 344 525 395 506 416 531 583 469 594 498 518 370 556 412 601 410 627 442 616 392 641 422
20150921_131234_image566.png,9f520e900a53f01aa0e458c8701e8de81398a7b2,7,349 586 376 603 334 490 361 523 412 508 430 533 598 470 609 500 538 370 577 413 622 411 646 442 632 393 657 422
20150921_131234_image571.png,7a7ea13d833ca3cd956d85cc0968e857da82ddee,14,586 376 628 419 664 415 691 444 675 400 703 428 451 518 476 536 404 596 423 618 554 745 565 758 649 713 676 737 176 673 198 691 3 762 43 791 1 812 30 869 26 796 56 839 6 912 26 930 54 591 74 625 644 471 655 500
20150921_131234_image576.png,afcc8f1acbe321228f5d7ce13f6a9b645db1a26e,15,622 369 660 412 695 410 720 435 712 388 720 406 481 506 509 531 676 467 687 493 409 491 425 514 440 590 454 611 685 708 710 729 497 758 514 776 78 588 103 613 35 749 75 785 9 779 45 816 55 790 86 831 30 816 64 859 47 900 64 920
20150921_131234_image581.png,9c680357f57640e0db1d72b7d109b8ac9de273f6,12,675 389 715 430 535 530 560 548 461 513 478 536 484 612 509 631 117 579 153 616 125 615 148 633 543 780 558 797 87 772 125 804 63 799 95 840 102 831 130 851 76 851 116 881 100 921 114 939
20150921_131234_image586.png,db764384d9a80901f5c09f4a7bb19f5f144c11e0,10,586 776 611 800 540 607 557 626 583 529 611 555 160 573 181 606 160 607 181 625 107 792 140 831 132 765 168 794 146 827 169 843 123 840 157 871 142 913 155 937
20150921_131234_image591.png,f7a9200616883778532456a7d7d3d2518b635f95,10,176 586 195 613 175 620 202 642 612 530 637 554 573 610 589 631 615 789 642 811 160 779 197 814 133 810 168 849 175 837 203 860 157 858 185 889 172 936 186 954
20150921_131234_image596.png,774aca969c4d53226dde956f5f42878b481c099e,13,165 594 184 621 161 627 188 649 624 537 649 561 590 622 606 643 628 800 655 822 165 795 202 830 135 826 170 865 175 857 203 880 540 526 565 541 137 881 190 908 180 953 192 978 186 968 217 1001 689 784 713 806
20150921_131234_image6.png,ee1b7aa9aab0c6c2b55b4e619ba3aba8f78c6ef8,67,319 36 352 69 338 42 361 75 314 60 348 90 372 35 395 69 386 75 417 100 343 90 371 124 380 92 393 112 350 110 381 139 391 104 415 133 322 151 346 182 395 207 421 241 324 236 355 266 361 208 386 241 407 157 444 192 260 280 291 311 307 216 330 243 355 234 380 260 342 272 366 299 414 299 438 319 428 310 452 333 411 313 428 331 199 321 237 363 309 329 331 353 491 499 527 540 479 492 507 523 487 532 510 554 324 342 343 362 208 472 234 505 255 467 286 495 294 421 308 440 439 452 471 488 439 484 473 513 458 504 485 535 313 534 335 568 426 652 464 683 261 598 293 635 287 594 313 630 443 744 471 780 353 478 370 491 356 491 369 502 361 612 389 640 426 803 466 839 409 882 443 916 440 879 472 914 296 797 324 820 660 580 687 599 700 568 720 587 394 178 422 208 367 136 402 165 336 163 368 195 342 186 370 207 423 620 441 645 354 814 378 832 277 859 294 875 56 884 85 926 31 878 53 912 304 295 325 318 315 244 338 274 408 234 422 258 363 344 381 373 367 330 379 349 522 393 545 413 243 473 255 504 455 540 477 569 448 568 478 593 510 530 541 566 512 675 538 701
20150921_131234_image61.png,26f8060790ecf046b774d707fa5a24d42f76a949,28,184 275 213 307 166 283 189 314 285 180 310 205 302 104 325 133 310 156 331 185 274 138 288 158 289 143 309 171 291 164 310 178 251 261 277 281 326 301 354 337 301 515 335 549 289 457 313 487 227 461 253 484 181 796 202 818 441 809 465 837 467 815 497 848 653 396 679 426 670 236 707 275 709 535 720 566 697 681 717 707 690 751 715 768 683 412 700 434 708 395 720 423 665 793 691 817 154 694 184 719 164 719 187 738 44 518 66 537 72 449 83 471
20150921_131234_image626.png,ce8f76a72daeef0c567faa9d9451c8966e9e6a90,10,219 853 255 889 188 894 221 928 190 989 208 1012 318 707 348 727 251 908 262 922 656 540 681 562 619 786 640 809 641 799 666 819 485 581 497 593 236 965 260 997
20150921_131234_image631.png,0cd5718837f34067cb37b8137733b79f07d751fb,11,317 703 346 726 92 795 123 819 192 892 231 926 226 856 266 891 254 876 279 919 249 962 274 1005 621 781 640 798 641 791 667 807 704 775 718 795 658 530 682 560 247 381 265 398
20150921_131234_image636.png,63d018ca8eac3b88f9a6e783b20d8f011f21a2ca,8,340 694 371 714 636 772 654 790 655 782 681 801 257 844 297 878 288 864 307 906 282 949 309 991 224 877 259 914 117 782 155 808
20150921_131234_image641.png,26df0cfc69e6a97abc3230109bdaa9e21f5ff865,10,0 678 10 693 149 799 186 831 371 712 401 732 664 788 682 804 678 796 713 817 620 535 638 551 293 866 333 899 320 885 346 929 255 895 299 932 323 966 348 1011
20150921_131234_image646.png,cb63f61e2018cd6b3e4153e04ce49286a5f56dd0,10,380 701 406 719 632 526 659 539 673 782 698 798 695 796 720 808 301 856 351 886 158 786 194 817 0 659 21 701 265 883 304 920 335 866 360 915 329 954 359 998
20150921_131234_image651.png,9f57bb0e9769fbb699355c485a0d7fb674539747,11,1 669 34 712 167 796 207 829 392 705 413 727 330 859 369 888 317 877 336 892 278 891 317 928 331 880 374 925 345 969 377 1007 687 782 706 800 707 796 720 811 648 522 674 542
20150921_131234_image656.png,ceb2619921a082cbb336d7afa1101c88831cca35,9,673 533 700 549 415 716 426 738 13 684 41 730 180 809 221 848 294 908 335 950 344 901 358 911 350 888 385 909 352 896 391 940 371 990 401 1030
20150921_131234_image66.png,2f14b9b686baf1ebe4749ad0bf4b71219692e913,23,206 304 235 336 189 313 212 344 308 209 333 234 326 132 349 161 334 188 356 217 294 166 308 186 272 291 298 311 350 329 378 365 326 543 360 577 312 484 336 514 247 490 273 513 205 831 226 853 468 840 492 868 497 845 527 878 689 417 715 447 709 535 720 566 177 731 200 750 61 553 83 572 85 481 96 503 312 171 335 205 704 255 719 293 16 521 39 542 701 816 714 843
20150921_131234_image661.png,2737887e111a61dcfb4eedecfd7ef367c80734d9,6,29 720 55 736 198 808 240 848 317 907 360 949 376 898 425 950 404 880 418 920 402 990 430 1032
20150921_131234_image666.png,3f8d00040632a33a17904b4c8eb7fb395a351bcb,8,50 199 85 233 18 67 35 79 111 736 128 749 65 830 90 855 275 826 314 873 402 935 444 980 463 931 507 963 492 1025 526 1070
20150921_131234_image676.png,6e36d4e5282b4f2c7efff8769ebf23fcbf2394d9,11,103 156 133 193 76 11 90 30 1 346 17 358 17 655 62 685 13 898 39 925 112 808 132 828 311 810 353 848 435 924 481 965 506 883 529 916 508 917 560 968 532 1026 568 1059
20150921_131234_image681.png,2c96d2ee999854dea7b2ae9ad5d55395a7025b28,9,10 134 50 175 45 303 66 320 246 799 292 838 451 865 477 903 376 904 422 949 452 899 508 950 486 992 524 1041 1 385 35 417 42 803 68 824
20150921_131234_image686.png,a0f4e203fb397471957f31bb0fda0954f33a5755,5,188 814 230 853 327 912 365 956 398 875 430 912 400 908 450 958 433 1005 463 1041
20150921_131234_image86.png,de58c0be111a6025180f266a5e457d8a3ff38125,35,516 204 538 232 418 302 446 335 468 287 504 310 514 168 545 205 498 147 526 184 557 332 589 369 540 182 565 211 540 121 567 155 80 250 98 276 94 259 118 284 157 250 180 269 135 254 160 268 110 276 133 292 394 312 430 346 122 442 156 473 74 430 110 466 95 517 133 554 515 495 545 534 147 571 177 599 27 598 59 632 197 517 221 545 62 637 90 662 528 556 567 595 167 557 185 577 140 650 172 679 237 550 262 571 424 490 453 516 68 608 93 626 97 601 130 622 364 742 380 765 520 776 541 795 378 847 408 868 624 548 643 568 167 633 188 652 113 641 127 656
20150921_131234_image91.png,11613c0117b869fb24143e994e0e9e4edb1daf95,56,131 259 152 288 119 250 138 280 194 251 219 273 172 251 196 269 147 279 167 295 440 311 463 346 461 304 493 338 513 284 551 311 561 200 584 229 554 161 579 198 543 140 569 179 589 118 615 157 586 182 615 212 602 328 642 367 563 495 592 533 463 490 493 524 571 557 611 595 666 545 692 575 109 429 146 468 154 444 191 476 128 518 162 551 62 599 93 638 91 638 118 669 181 576 211 604 229 524 252 544 277 554 299 574 173 651 210 684 77 804 99 827 45 840 65 860 23 829 49 848 4 855 31 875 41 859 73 881 94 880 124 900 122 864 148 886 225 896 248 917 247 959 272 981 336 964 356 982 347 1020 375 1043 522 833 548 851 410 850 442 877 388 749 421 775 288 843 313 859 335 801 351 816 240 496 272 522 183 355 204 373 692 504 714 529 206 557 225 580 283 515 297 534 296 481 314 504 128 562 150 592 94 607 124 634 126 592 163 628 143 645 163 661 134 304 148 318 702 882 720 911 200 634 224 660
20150921_131346_image1.png,67bab38ba0c5850f49f955f36c72c034ca3a336d,67,354 30 385 67 377 47 402 86 355 72 386 97 326 78 356 113 298 100 316 135 305 131 340 163 336 134 370 171 360 136 381 171 377 186 402 221 288 189 322 225 327 174 355 204 352 207 383 244 388 244 418 274 329 229 366 268 294 268 319 292 266 316 296 348 259 331 278 357 441 330 465 358 369 279 398 312 163 437 187 459 353 432 389 467 480 367 515 393 496 382 521 415 382 417 401 435 463 495 491 528 271 523 306 553 283 502 308 528 382 363 419 383 502 517 529 547 441 514 478 550 461 526 493 557 244 595 281 634 209 588 248 625 377 570 412 602 253 677 293 716 220 725 252 753 374 774 404 802 365 785 379 803 273 701 305 732 282 671 312 688 394 594 425 627 427 631 449 660 186 688 206 709 379 677 405 703 394 645 422 676 386 754 409 780 407 765 432 786 363 867 399 903 451 851 464 870 387 920 414 960 432 870 449 887 316 927 342 949 429 1015 458 1057 360 381 383 413 382 381 405 410 224 457 242 472 314 662 328 686 396 903 417 921 673 962 716 990 45 486 64 502 25 471 37 487 3 428 22 444 2 533 24 551 12 582 39 604 11 603 36 628 35 602 59 627 224 552 258 580
20150921_131346_image1001.png,b553c0af69656335f411762e0ad2c87a26c85ff4,4,559 864 601 911 47 1125 71 1159 1 1088 27 1118 431 269 452 287
20150921_131346_image1006.png,20d6206d39b7e1c401ad28a488eac029fe4cf73c,4,565 856 610 902 51 1111 82 1144 1 1079 24 1107 446 259 464 278
20150921_131346_image1011.png,d8a05ba82a1ee54bd4af953d2de3f9aa95446811,4,439 263 461 282 557 864 599 912 39 1120 70 1157 0 1084 18 1114
20150921_131346_image1016.png,a2fbd1d3c001af7a58bd484680c3285a052af677,4,555 869 591 907 35 1119 68 1154 1 1084 19 1114 439 266 461 285
20150921_131346_image1021.png,322470a63901badd65da179d79750c7fdbd46ea7,5,432 271 453 288 548 867 588 913 36 1130 64 1159 138 1095 145 1110 1 1089 18 1118
20150921_131346_image1026.png,28a924118af7932ad1a3cf274a4112aec9fc9d39,4,552 880 588 923 30 1147 59 1177 429 283 445 303 144 919 171 942
20150921_131346_image1031.png,def623a23c2b0fc5f3688b08bd4ba6403f33e955,3,422 290 439 310 542 887 582 934 23 1154 54 1189
20150921_131346_image1036.png,17a75458e43c8e2445eb8e8850d26ab3ec6e2c67,4,426 324 442 342 545 918 588 965 25 1189 62 1226 127 1152 139 1170
20150921_131346_image1041.png,69e6a0bedea192513b3feea68d12b57972536278,4,424 327 439 344 548 923 589 970 27 1188 62 1227 130 1156 148 1175
20150921_131346_image1046.png,ffa17da6b18b645a6644197e4a6938f50b0ae8a6,4,425 338 441 356 548 930 594 981 30 1205 63 1249 132 1170 151 1190
20150921_131346_image1051.png,21a4063762b2a345b75fceda63290f5ba7f77475,3,422 386 440 402 551 977 590 1024 25 1257 58 1279
20150921_131346_image1056.png,7d483df3bb484e21cbb79a19e573c9488b89608f,4,417 366 434 382 553 957 599 1007 592 1088 615 1108 25 1226 58 1262
20150921_131346_image1061.png,8939bcadf1366ee2f6300841e1bafa41f19df0c2,4,417 251 438 267 15 638 31 655 552 848 593 892 40 1100 68 1137
20150921_131346_image1066.png,095120bea76d368d05e0c370b7437c277517a5d0,5,412 142 434 162 540 750 587 794 460 949 480 969 40 1000 68 1038 1 972 19 993
20150921_131346_image1071.png,d9155346b8dff8e01c8de56d292ad1e373c71560,5,419 78 442 96 542 690 591 737 460 893 482 911 38 938 67 973 1 911 17 933
20150921_131346_image1081.png,a46e4e5b911c22039752a4263280248761285159,3,520 594 557 632 13 834 39 857 704 980 719 1005
20150921_131346_image11.png,8fd99de975e6108ca29efc92a05dd22a234b389f,59,355 14 386 49 380 28 407 67 358 51 388 79 329 61 365 92 301 81 321 116 343 115 375 152 293 173 323 213 332 212 366 251 369 118 387 153 379 173 404 202 358 191 390 227 332 147 354 187 392 233 418 260 442 313 468 344 486 352 514 380 498 374 523 398 270 299 298 333 389 346 421 370 384 370 405 394 353 418 389 454 363 368 384 387 166 422 184 443 301 249 324 273 376 263 404 300 259 320 282 339 467 481 495 513 507 502 534 532 445 504 476 545 379 559 413 586 393 582 422 614 400 633 422 659 426 618 451 640 274 509 306 540 250 580 280 620 213 575 253 607 258 666 292 701 362 760 402 793 274 688 303 716 380 666 408 688 388 741 411 766 409 750 430 772 226 712 252 734 362 850 397 885 383 904 410 948 427 1005 458 1041 382 398 401 422 310 109 344 145 474 505 500 546 224 536 264 568 290 487 310 515 298 660 311 673 430 859 443 875 449 837 462 857 674 955 718 981 454 1004 488 1040 314 914 339 937 401 891 423 907 187 670 212 695 185 727 209 745
20150921_131346_image1121.png,01960ee9a0a63fc4a690109d1b84a3912e48a743,14,573 777 613 807 608 746 659 796 590 668 611 704 604 648 650 689 647 658 681 702 660 596 694 626 643 604 660 633 692 585 710 601 701 549 720 574 410 394 452 438 590 524 629 555 650 464 687 501 702 475 720 501 653 412 710 455
20150921_131346_image1126.png,30bb16492fecd51299596a6bee95767977b1633c,14,412 379 459 425 664 397 717 435 658 449 692 492 594 514 637 538 666 587 698 613 609 637 654 674 655 648 689 686 596 661 617 687 623 741 665 780 580 766 615 795 708 457 720 492 700 534 720 558 646 593 668 621 614 729 642 750
20150921_131346_image1131.png,2bd8d4af911dcf4cb5310322df6554740f9c48e4,13,401 341 456 406 657 368 720 424 650 415 703 478 591 477 635 530 665 547 709 599 642 556 661 598 603 593 665 661 578 638 616 672 650 615 690 674 601 705 663 766 565 730 620 777 703 430 718 479 694 512 720 576
20150921_131346_image1136.png,abe9855c34817edb92759e57fdcdfccf2a66f740,14,389 372 429 415 637 384 690 428 633 436 673 476 686 443 720 482 572 496 607 529 681 522 716 562 622 581 643 608 642 571 672 604 672 563 691 576 580 624 630 664 567 645 594 679 626 635 665 676 585 720 639 770 551 755 594 784
20150921_131346_image1141.png,f260cb9744b54f088fe24d46e49a5c3d4c3bfb2a,13,383 358 423 402 631 378 684 421 677 433 720 472 626 427 660 464 670 515 715 559 562 484 598 519 634 553 675 593 616 565 636 599 620 628 654 665 579 615 622 653 563 636 585 667 585 716 634 758 547 741 587 772
20150921_131346_image1146.png,d76cd62973b44ce28966276815d77ca128c166b4,13,555 739 595 772 586 710 643 760 568 634 594 668 581 610 628 654 624 625 658 666 618 570 640 600 638 558 670 589 665 512 715 565 566 486 603 517 383 355 430 403 632 374 688 418 631 427 668 467 681 432 720 472
20150921_131346_image146.png,2f4dc5bdb0af52edb9f132c04183138d3cf85d44,50,55 86 101 138 65 136 94 167 107 137 141 177 79 150 126 198 104 205 131 231 573 265 595 289 134 326 171 353 222 368 255 397 625 240 648 277 573 303 600 333 649 302 682 331 635 268 657 298 588 248 613 281 682 291 720 333 642 396 684 437 681 398 715 436 598 371 639 404 93 572 137 606 216 580 265 631 492 519 527 561 671 464 704 489 703 495 720 520 529 567 573 609 448 631 475 656 476 625 505 656 455 608 491 635 497 590 522 624 521 599 557 633 654 613 685 650 694 549 720 591 688 620 720 654 302 846 357 900 658 679 701 707 687 652 718 691 520 716 551 741 549 736 588 766 673 704 714 740 700 733 720 767 60 1153 94 1172 302 955 355 1005 371 929 391 955 307 935 339 961 550 940 586 974 522 266 545 296 700 373 719 391 55 385 81 413 564 465 583 492 527 485 548 500 554 497 565 513 644 469 667 502
20150921_131346_image151.png,478e3311e647116efe67b07dab4cadb76a674df1,67,1 94 30 141 0 140 25 177 38 138 70 184 7 156 53 206 30 208 60 245 156 374 190 412 38 549 67 570 14 579 51 617 42 581 64 614 136 588 191 642 204 858 270 917 205 955 261 1010 475 272 513 314 445 284 478 320 509 264 538 302 490 322 525 355 549 261 572 302 566 290 570 295 567 319 600 359 600 311 632 356 630 316 674 358 514 386 538 423 537 386 560 421 560 418 602 459 599 419 634 461 482 483 522 516 470 511 491 535 417 536 459 573 396 553 422 589 446 582 495 627 421 604 450 645 445 619 482 650 401 639 438 676 378 616 416 653 375 647 403 677 589 485 625 513 610 509 653 550 564 486 583 520 637 558 671 598 611 569 641 610 640 592 665 608 691 571 720 608 604 634 641 674 603 673 637 712 574 634 601 666 577 695 616 725 590 725 628 761 670 733 718 781 627 776 670 821 617 754 650 787 476 746 514 783 447 719 485 762 466 958 506 999 558 287 579 316 666 582 681 610 660 721 676 751 609 606 635 632 76 342 100 362 513 304 536 338 620 395 636 415 33 609 56 628 568 591 582 611 474 537 489 559 281 943 302 971 603 1102 633 1134 661 1086 705 1129 659 762 673 781
20150921_131346_image16.png,66ee7b201ed64cf6cf934b6311b97b8dbf3a6376,58,345 10 370 45 363 27 393 65 347 56 375 78 316 59 349 94 288 80 310 116 330 117 361 150 351 118 373 153 369 170 394 198 322 159 343 185 280 174 310 209 346 191 380 224 319 213 360 252 382 232 409 257 434 314 458 342 257 298 289 332 285 251 310 281 367 265 387 297 372 344 412 377 473 351 509 377 488 371 513 395 341 420 384 454 461 480 489 510 502 503 526 527 150 423 181 450 246 316 268 342 373 399 390 417 357 366 372 387 373 376 398 395 271 512 299 536 436 502 469 543 372 560 407 587 387 578 418 609 422 615 444 638 390 631 416 665 372 666 405 694 240 580 272 622 206 574 240 609 247 666 285 700 263 694 296 722 367 755 398 788 383 742 404 761 404 749 428 772 360 853 392 889 383 906 412 947 220 716 245 736 425 1001 452 1043 298 105 334 144 469 509 492 543 217 541 259 570 279 491 304 514 179 673 206 700 276 659 306 677 350 760 373 789 440 837 458 853 425 858 441 874 311 917 332 938 672 945 714 976 453 1001 485 1039
20150921_131346_image21.png,a6b1d09f2588b3f2efc024cc66c7ef0c33e98efb,58,347 30 375 71 363 47 396 90 318 81 350 111 348 75 374 98 292 103 307 138 323 182 346 207 371 190 394 219 346 211 378 247 280 197 311 233 320 233 361 272 381 248 410 275 369 287 398 318 435 332 464 363 480 368 512 394 494 386 519 415 379 365 412 388 378 386 401 408 347 435 381 471 261 321 291 354 288 267 314 293 161 444 182 461 274 526 310 558 208 596 244 635 242 603 276 641 373 581 409 610 390 602 422 632 465 498 492 529 500 519 530 548 442 519 474 551 428 632 452 660 397 652 423 681 373 685 408 715 257 687 293 723 376 778 406 814 367 874 399 908 412 767 433 786 274 712 301 743 228 735 257 762 387 924 415 971 431 1026 458 1069 331 137 364 174 355 137 376 172 299 131 332 164 221 562 262 589 250 339 274 362 359 385 381 407 281 677 311 697 385 760 413 786 432 880 450 899 449 858 464 879 317 934 340 960 455 1024 495 1062 181 696 213 720 471 527 495 560 373 418 391 437 187 752 211 774 678 961 719 995 358 786 380 811
20150921_131346_image211.png,cd6cdb516b000123b56438a6fba29ef633d22a96,57,109 177 146 209 122 201 148 220 146 176 179 211 170 166 194 189 219 177 241 201 229 181 260 209 234 218 271 255 271 213 314 257 183 300 204 337 215 319 250 358 286 280 298 301 250 317 281 361 247 275 259 304 135 406 164 434 175 388 202 414 226 396 250 420 274 387 296 412 354 349 390 390 305 395 321 426 325 468 360 505 636 382 657 412 625 309 659 346 313 462 330 493 285 472 320 512 251 414 291 458 135 433 168 467 96 442 138 473 330 493 361 512 251 530 279 557 313 542 326 555 331 549 344 562 593 578 634 609 340 632 379 677 57 485 106 527 86 461 124 493 140 480 157 504 146 499 175 526 113 504 136 539 74 522 106 553 82 551 107 574 100 541 133 572 128 513 162 549 222 595 251 622 188 647 222 676 229 618 251 639 289 622 311 651 291 581 318 611 353 589 364 612 307 625 325 649 256 654 278 679 259 672 297 711 354 684 382 710 369 735 408 773 332 927 353 949 343 961 368 986 334 979 358 1010 523 751 555 770
20150921_131346_image226.png,f86e15f04839071cfb147d4dc1cd91767fb048e0,54,8 149 59 201 52 148 95 194 89 141 107 170 179 196 225 242 146 191 185 233 126 139 162 183 146 162 184 192 154 293 190 343 115 295 157 340 257 335 303 382 208 376 244 415 146 399 197 448 663 10 714 59 682 238 717 263 670 259 718 300 680 292 719 341 662 362 707 390 654 401 693 445 33 403 74 453 215 456 264 500 223 530 256 561 256 571 290 609 245 623 291 674 187 564 219 604 175 610 215 648 3 419 50 461 36 498 72 537 16 492 39 527 1 502 21 538 9 526 46 557 1 536 21 564 260 469 276 502 124 575 153 616 152 667 195 707 155 645 185 670 259 676 296 716 205 614 240 652 272 731 321 776 647 897 689 952 609 917 658 984 511 579 556 617 188 264 220 283 143 278 166 294 93 298 115 318 700 340 717 371 199 459 228 500 54 482 85 515 54 467 68 485 98 633 133 665 194 658 218 672 232 922 256 964 239 967 273 1013 636 972 676 1003 613 977 634 1012
20150921_131346_image256.png,486cdcd9847a2662041583e0a589af7fe567fa12,43,432 93 467 126 548 35 579 62 549 1 585 39 579 0 601 19 574 141 620 185 522 179 564 222 577 190 625 233 599 246 632 276 545 239 584 283 517 261 550 294 28 395 67 439 1 515 24 554 28 524 63 551 403 321 449 357 405 354 451 400 453 370 489 422 514 379 549 416 602 394 630 408 657 353 698 398 382 428 424 463 442 456 477 493 476 459 493 486 508 425 531 458 449 493 482 520 298 630 330 657 69 622 101 657 13 594 47 634 1 582 32 606 16 673 79 726 63 731 82 754 48 782 95 824 468 611 502 638 534 598 580 644 591 591 629 621 678 632 719 674 635 672 646 698 465 668 523 713 633 726 660 742 659 743 683 771 358 913 429 992 469 967 521 1014 335 982 375 1024 0 657 14 693
20150921_131346_image26.png,90092bcbfd5ae08b6a0c1e1cc581d3bcad36866d,57,334 53 366 90 358 68 387 111 341 93 368 120 311 103 339 136 283 124 303 158 326 159 360 196 351 159 372 195 365 209 390 242 378 271 405 301 344 229 373 268 315 203 340 228 274 220 307 255 317 255 355 294 282 293 307 318 432 350 459 385 254 340 284 372 245 362 268 380 478 387 509 415 491 403 517 435 375 387 407 412 355 408 376 426 379 412 402 434 340 456 375 492 459 516 488 555 502 539 527 569 268 548 304 578 153 467 177 486 202 622 237 658 236 627 270 664 372 598 406 628 386 619 418 657 426 654 447 680 394 673 418 703 378 708 402 733 250 707 289 748 267 736 300 766 224 758 249 783 367 801 403 839 408 792 429 814 359 900 396 936 383 956 412 1000 429 1057 455 1097 440 541 470 581 293 149 330 190 360 303 388 343 371 442 387 458 469 546 491 580 384 782 409 810 355 817 375 836 180 720 200 744 292 696 307 719 429 905 446 919 451 883 463 904 313 961 335 989 461 1052 497 1087 685 984 718 1021 216 580 251 606
20150921_131346_image276.png,34c66864eeb983fe3d12fa955e8e048741afc715,42,383 127 419 164 403 109 436 148 386 163 415 187 293 214 319 242 415 256 457 298 362 295 401 333 429 302 459 336 459 308 489 339 251 427 295 460 255 456 297 497 294 471 333 514 412 343 443 383 232 523 272 561 324 545 367 581 262 513 289 541 353 390 372 421 394 364 411 403 445 470 486 506 500 445 539 487 333 579 361 601 177 715 212 743 298 746 344 787 321 678 359 719 359 680 402 716 416 669 459 699 432 910 452 944 498 814 531 842 468 745 491 776 490 708 525 746 475 784 513 812 123 975 193 1045 354 1038 375 1079 579 1059 622 1095 632 1102 679 1141 179 1045 225 1094 218 1086 273 1120 197 469 228 486 462 352 483 369 368 477 390 493 271 529 297 552 247 1032 265 1058 153 1192 191 1232
20150921_131346_image281.png,0b5599a3c87b08c840395fb9ce137db327c04151,45,336 119 372 155 353 102 386 141 337 154 366 178 247 206 273 234 368 249 406 291 310 287 349 325 404 304 442 337 205 418 249 451 208 448 250 489 245 464 284 507 369 339 400 379 186 518 226 556 284 537 327 573 219 508 246 536 310 387 329 415 350 358 367 397 399 466 440 502 455 438 494 480 295 572 314 594 138 709 173 737 251 739 297 780 275 670 313 711 310 673 353 709 367 662 410 692 378 893 400 940 461 806 494 838 414 737 437 768 438 698 473 736 437 775 475 803 58 975 128 1045 354 1038 375 1079 535 1050 578 1086 589 1092 636 1131 151 460 182 477 412 343 433 360 368 477 390 493 231 522 257 545 384 294 409 308 314 370 335 392 291 448 311 465 276 718 292 740 191 1026 221 1061 239 1027 258 1063 143 1067 185 1090 176 1079 222 1111
20150921_131346_image31.png,3d25949378e527d115ff9e0dba28a551539cbf60,57,328 58 352 92 344 77 378 115 302 107 334 138 332 106 359 125 274 130 291 162 317 162 346 200 343 162 359 197 303 203 326 235 355 213 377 244 330 237 361 269 305 259 343 298 259 220 298 260 275 299 293 322 237 346 270 374 230 368 255 387 363 277 394 305 348 308 375 343 421 355 448 390 463 393 499 427 479 411 505 442 365 393 395 419 339 412 361 436 362 421 384 442 323 466 360 497 136 471 164 495 255 557 287 588 448 528 475 557 490 548 515 582 428 550 456 581 356 606 390 633 373 627 402 663 411 665 433 686 218 633 254 669 184 625 217 660 376 682 401 713 362 714 386 740 229 715 266 754 250 743 279 775 203 767 229 791 352 811 384 844 386 799 412 824 342 910 377 946 365 970 393 1009 408 1068 437 1111 281 156 318 195 354 444 372 471 446 553 474 589 159 724 184 752 277 705 294 725 366 791 389 818 333 813 353 848 411 893 447 931 295 971 318 999 668 1006 714 1036 445 1063 476 1103 167 779 187 802 286 723 299 743
20150921_131346_image311.png,1efa85b64e4d73b7e32ddae8e7795961e28ca465,47,232 4 278 32 186 146 236 198 268 106 314 157 290 161 325 206 330 152 361 192 332 208 360 244 359 314 401 363 199 254 238 301 226 346 267 384 78 324 128 365 83 293 129 323 118 330 167 383 56 392 95 435 294 336 341 379 194 306 229 344 243 545 275 575 172 555 214 595 51 582 86 625 108 622 159 665 336 689 378 731 179 764 234 815 384 927 421 964 600 468 652 522 658 487 713 532 700 333 719 367 430 967 485 1011 203 437 236 457 396 586 439 630 258 623 286 652 292 589 333 613 322 678 354 694 351 579 379 597 233 811 255 848 683 289 720 327 679 257 695 272 252 274 271 305 276 382 289 409 108 404 139 432 122 384 164 414 158 406 173 428 359 475 373 498 356 431 379 459 165 594 180 621 246 772 291 813 328 723 350 754 329 903 373 935 198 941 220 962
20150921_131346_image316.png,9ac96f78ac20924f3d8f9b6aefc3c0a76304e404,45,234 0 280 28 244 22 274 41 201 149 251 201 276 105 322 156 293 163 328 208 335 152 364 203 332 208 369 252 365 316 407 365 209 249 248 302 254 261 282 314 226 346 267 384 86 326 136 367 85 306 135 335 127 335 178 383 120 379 170 426 120 410 156 437 61 396 109 446 300 334 347 377 201 306 236 344 243 545 275 575 172 555 214 595 61 582 96 625 112 622 159 665 336 689 378 731 179 764 234 815 202 910 233 953 384 927 421 964 334 724 367 751 600 468 652 531 664 487 713 532 684 277 720 334 700 333 719 367 264 773 296 820 430 967 485 1011 203 437 236 457 470 490 510 538 396 586 439 630 258 623 286 652 292 589 333 613 322 678 354 694 351 579 379 597 323 902 341 921 339 895 372 927 233 811 255 848 242 765 263 780
20150921_131346_image341.png,dd957044eb84af03547ba8410a83c89d0a56d3c2,54,91 1 126 30 102 28 126 46 51 160 77 194 161 162 195 198 145 111 172 137 195 159 227 198 156 205 179 230 79 248 111 287 200 212 230 238 1 334 20 372 15 369 46 398 4 389 40 417 38 389 63 403 90 336 126 366 155 328 190 356 227 308 261 345 246 396 275 422 219 413 249 434 653 2 705 35 643 124 671 153 641 158 682 201 712 164 720 204 511 282 551 322 537 267 557 299 530 331 567 363 646 286 691 334 684 292 701 308 618 355 666 407 658 384 717 428 325 472 360 508 81 524 99 544 7 533 45 563 209 551 227 571 269 570 289 590 445 456 492 501 507 477 547 508 657 433 700 477 578 506 596 525 540 538 587 583 586 545 636 592 192 651 214 673 188 694 207 709 102 739 130 776 69 723 97 740 9 726 51 772 53 763 76 786 55 783 77 801 157 784 175 809 56 854 94 900 220 875 259 900 265 913 303 953 423 756 450 774 457 750 473 771 533 807 573 846
20150921_131346_image36.png,7808316c78070dd80dafe0863fa1bafbc1933d1d,58,323 51 350 87 338 65 373 104 295 100 327 132 324 95 355 119 267 120 286 158 311 155 340 192 334 159 356 195 344 211 373 244 295 197 322 226 253 215 289 251 294 256 331 293 323 234 353 268 359 275 388 300 413 358 441 391 264 291 286 324 225 343 255 371 211 365 243 383 339 309 370 340 350 395 386 415 330 411 356 431 463 396 492 422 476 415 502 441 310 465 345 498 438 526 464 559 478 548 504 577 418 550 452 584 119 466 150 488 250 550 279 583 197 632 237 673 158 624 202 659 340 608 377 634 356 627 391 660 401 668 422 688 362 683 387 717 337 720 368 741 255 699 275 729 213 716 251 757 232 750 262 774 185 768 210 794 331 817 365 850 373 805 393 828 314 915 353 953 339 973 370 1016 379 1078 412 1121 180 588 220 615 448 552 470 591 350 418 381 443 341 446 356 468 274 151 311 194 136 723 160 751 349 794 374 824 317 829 332 847 267 720 287 746 230 664 254 690 418 1074 454 1113 268 971 293 1003 388 899 427 940 657 1020 698 1048
20150921_131346_image386.png,f977d5064d679f3dc9357d076e6d22f5454267c9,48,401 236 442 279 321 236 364 276 338 168 377 219 331 377 367 411 330 343 368 373 505 338 540 374 383 216 421 262 434 241 453 259 403 417 443 454 197 486 230 525 222 469 243 503 320 493 359 535 215 530 248 563 279 561 320 601 431 396 470 432 401 404 435 426 389 381 416 405 353 495 382 519 144 648 186 688 31 661 66 696 204 658 241 699 221 731 261 772 281 589 313 623 269 737 307 778 305 743 327 776 311 580 335 609 330 586 368 628 329 630 369 666 405 560 448 601 490 669 524 700 372 764 410 799 663 587 696 615 700 574 720 596 604 614 629 644 675 628 710 658 451 709 492 751 492 746 532 785 420 800 458 830 395 853 441 896 508 866 557 913 204 1001 240 1048 125 952 156 972 162 956 180 971 436 1016 483 1061 488 993 520 1027 596 1009 642 1047 532 928 566 977 575 640 600 660
20150921_131346_image406.png,21ba98cceb2e935e09344300fc0dbdbbcf34d6df,55,300 114 333 156 353 188 399 224 341 174 373 203 279 182 319 210 462 282 497 319 294 315 334 352 349 353 388 392 391 340 416 374 276 433 313 466 161 422 190 454 183 470 211 489 227 499 263 541 238 535 257 560 279 523 322 557 260 518 289 542 353 499 396 536 700 458 720 508 682 511 711 538 635 510 660 533 599 525 628 549 565 551 588 576 636 569 660 596 628 547 645 566 550 578 571 597 284 562 320 595 114 576 158 615 173 593 208 626 447 605 471 634 504 670 527 692 430 672 478 707 397 639 437 678 313 693 349 720 356 722 396 749 225 664 263 698 181 658 216 692 14 594 40 620 336 771 375 809 445 787 488 828 484 853 505 880 363 919 406 961 533 919 568 956 167 906 203 944 111 857 135 876 690 731 717 756 677 913 706 942 178 409 202 435 320 169 333 193 301 287 334 320 367 317 400 358 398 823 428 838 433 912 460 940 404 917 422 945 656 1148 688 1179 697 1146 715 1171 313 431 340 462
20150921_131346_image41.png,95ecf7221dffa31f5dce0b6d9b016f564db09cab,60,288 57 319 89 306 71 341 113 292 100 325 122 263 104 296 138 232 128 251 161 276 164 311 195 302 163 321 199 264 208 290 230 216 219 248 253 313 216 339 251 289 239 322 272 260 260 297 297 326 278 351 305 303 315 335 344 181 351 214 378 170 365 199 387 379 367 408 397 430 407 459 434 439 425 468 451 313 401 348 422 320 434 339 454 271 470 304 503 83 469 109 487 211 558 243 586 406 537 429 568 446 560 468 592 375 561 418 604 417 569 437 602 304 619 338 646 321 642 351 671 369 680 387 702 325 694 351 725 161 638 195 677 121 631 160 665 170 724 208 762 145 771 174 797 191 753 222 780 222 709 244 736 304 731 333 752 293 823 327 860 308 810 331 830 331 815 357 838 278 923 308 962 294 985 325 1026 337 1092 368 1132 304 414 322 446 240 148 277 190 230 294 249 324 198 345 221 371 139 591 179 619 92 730 118 756 224 726 248 754 281 830 299 858 350 909 388 952 380 1086 413 1128 618 1036 654 1063 661 1038 685 1056 228 989 245 1019 311 970 337 988 694 648 717 684
20150921_131346_image411.png,499ba1cd90c88115317299d78ad1f9fd65f7c0ea,68,238 89 271 131 283 163 329 199 283 144 315 173 217 159 257 187 404 260 439 297 236 293 276 330 289 331 328 370 332 317 363 351 217 409 254 442 100 398 129 430 123 444 151 463 162 472 198 514 178 504 201 529 221 499 264 533 202 493 231 517 293 471 336 508 578 545 607 572 540 502 569 526 508 532 531 557 624 491 660 518 686 529 703 548 489 556 510 575 229 538 265 571 56 554 100 593 117 571 152 604 371 648 419 683 335 611 375 650 253 663 289 694 302 695 342 722 170 640 208 674 123 633 161 667 274 743 313 784 388 758 431 799 425 821 446 848 304 891 347 933 478 887 513 924 113 880 149 918 61 833 85 852 650 722 677 747 616 884 645 913 118 385 142 411 262 150 275 174 247 267 280 300 306 293 339 334 348 792 378 807 376 878 403 906 334 887 361 915 592 1106 624 1137 629 1103 647 1128 257 408 284 439 330 167 349 192 335 489 350 505 637 430 679 462 644 462 681 494 390 576 418 609 386 718 403 743 364 863 376 886 565 519 589 551 576 488 601 509 696 602 720 648 698 675 720 708 684 704 700 726 681 758 719 796 666 801 689 828 687 851 719 890 641 1014 673 1049 650 1045 684 1077 630 964 669 990
20150921_131346_image496.png,70d500a05311232ce558d7fab7259b4e416131c9,80,341 91 363 124 313 99 335 127 299 109 322 128 269 175 305 219 293 157 312 181 346 135 376 169 336 157 374 199 366 163 397 203 357 201 376 239 245 185 282 224 224 215 256 245 359 235 384 271 386 228 419 263 314 290 357 328 271 253 290 282 226 254 255 290 232 323 250 340 270 348 297 370 243 352 263 387 212 352 239 374 325 366 356 411 296 390 313 409 380 394 399 426 697 425 720 463 642 513 686 551 698 507 712 530 77 426 104 459 83 452 123 483 151 460 188 480 20 477 51 510 15 519 45 544 4 546 32 569 53 509 85 535 75 534 103 560 120 519 148 535 121 483 142 503 130 465 146 495 204 474 241 504 239 469 265 499 129 588 167 623 176 539 207 572 214 539 244 572 278 512 309 544 372 530 402 564 391 517 425 551 447 533 476 565 454 515 465 529 482 514 495 532 490 553 518 578 132 655 158 685 231 573 257 594 327 619 364 649 424 595 442 614 446 624 481 664 500 693 529 718 238 677 259 709 334 690 352 705 97 729 135 767 78 772 106 802 49 860 71 885 52 933 83 955 52 974 88 1011 81 880 106 922 111 825 132 850 146 834 171 867 190 759 224 782 230 730 266 758 272 742 303 777 262 811 288 840 308 822 334 856 360 836 377 867 381 732 403 751 614 749 659 787 645 852 674 877 554 849 590 883 502 870 519 897 502 897 536 933 358 899 384 931 423 839 452 866 347 583 371 599
20150921_131346_image51.png,f0acb8f378a9a0c132f3081f464b504b8a555b7b,66,83 82 120 118 102 96 138 141 89 121 123 154 59 126 96 166 29 152 64 188 73 188 113 233 103 189 128 227 37 188 47 218 59 181 80 213 64 227 96 266 11 247 50 292 110 242 145 279 87 265 129 305 59 287 100 332 130 306 157 336 28 323 50 356 1 405 9 409 0 378 18 403 118 338 145 371 108 353 134 378 191 393 227 429 246 433 280 466 258 448 289 485 135 424 162 454 121 431 143 457 104 450 138 483 129 471 153 493 82 503 108 536 64 505 88 540 216 568 252 603 260 594 289 625 230 599 262 636 194 590 231 621 208 616 230 637 18 595 53 625 111 653 152 686 125 673 166 714 184 714 207 735 128 729 167 767 113 767 152 801 63 707 80 727 113 844 144 882 141 853 171 888 99 873 138 913 89 884 99 909 0 797 27 831 30 751 53 781 78 926 119 963 81 975 120 1023 94 1041 143 1087 154 977 183 1002 181 967 200 992 191 958 210 979 139 1139 180 1194 710 220 720 261 701 253 720 295 640 493 668 526 509 667 547 714 550 665 590 710 564 739 621 791 448 1057 506 1100 153 531 190 561 66 806 86 825 59 748 85 763 119 1019 150 1043 197 1139 233 1179
20150921_131346_image541.png,2c4382344d2e03231623e31955bd9139b7e79a57,50,19 127 55 169 2 146 25 188 9 180 44 219 1 203 36 241 34 210 73 250 11 241 45 279 15 278 54 321 50 270 85 306 0 335 8 365 52 426 81 458 83 288 115 323 421 240 458 280 428 274 465 304 1 401 14 444 23 515 51 547 357 456 404 502 352 545 389 587 320 550 357 593 151 547 179 566 151 590 187 616 98 659 142 699 1 642 19 681 24 563 66 604 51 549 93 592 117 567 142 605 138 548 158 573 166 725 200 757 39 773 67 788 31 851 62 888 18 870 43 905 87 867 118 906 30 918 56 964 145 942 177 971 205 885 232 921 275 777 320 807 3 963 27 994 574 1 617 49 455 94 477 126 507 75 521 102 626 388 659 422 469 560 516 606 604 653 640 689 546 672 573 708 616 757 656 797 654 761 689 805 504 679 533 716 507 50 530 80 558 19 587 55 2 885 16 913 676 798 710 816
20150921_131346_image56.png,2bc5fbbdf71e7900517609c0daf066766680d22c,60,20 85 57 121 43 100 79 145 31 125 65 158 2 132 39 172 15 194 52 231 44 195 69 233 2 180 23 212 1 230 33 269 52 249 87 286 27 270 68 310 0 290 41 335 67 311 94 341 1 405 9 409 58 347 85 380 134 400 170 436 189 440 223 473 201 458 232 495 42 496 66 518 2 511 43 551 156 580 192 613 201 604 232 633 168 609 200 646 135 601 172 631 144 627 166 648 18 595 53 625 49 664 90 697 64 685 105 726 124 728 147 749 70 740 109 778 45 779 84 813 82 863 112 898 34 890 75 927 15 991 54 1039 32 1059 72 1105 122 987 141 1012 129 978 148 999 77 1163 115 1218 447 685 473 732 500 752 557 804 393 1077 451 1118 97 538 134 568 66 806 86 825 9 759 35 774 134 1153 170 1193 52 435 98 466 53 463 74 492 56 867 82 893 26 905 39 923 104 999 116 1020 25 947 58 979 484 700 517 719 689 690 720 714 696 502 716 515 577 514 600 533 695 446 718 475 645 236 687 282 633 277 675 312 670 295 712 325 690 282 712 311 630 332 648 351
20150921_131346_image596.png,f5ddfba36a9bbb67d57e092b267877427b7d8349,25,389 0 426 29 271 220 298 255 675 242 695 263 588 378 621 409 632 395 661 421 543 404 568 433 199 445 226 475 152 529 181 559 697 579 720 614 601 677 627 695 696 765 720 794 554 732 577 757 423 761 449 782 660 730 689 753 0 518 29 534 1 562 16 589 423 1 445 23 334 40 357 75 624 455 652 475 496 780 518 805 555 762 584 794 456 769 474 787 336 651 348 672 344 546 367 568 265 719 283 741
20150921_131346_image6.png,51b44fd3f986197fbe01e7ffbf9fad7d17269994,58,258 312 291 349 345 29 370 60 319 228 357 266 283 191 311 223 475 366 504 388 342 432 377 461 369 184 393 219 330 133 364 167 289 99 312 134 368 48 391 86 346 207 378 241 433 327 456 354 315 75 347 111 381 245 409 271 320 174 344 206 345 67 376 95 238 593 273 634 203 587 239 623 488 383 512 412 370 574 404 599 459 493 486 523 247 677 286 711 265 704 298 731 386 592 415 624 389 643 412 671 420 628 441 659 434 515 466 541 492 513 522 541 365 768 395 800 352 863 390 901 378 918 406 959 265 519 297 548 354 382 373 401 374 370 405 389 455 524 489 553 217 724 243 752 440 848 456 868 369 677 397 700 380 750 403 777 403 760 426 781 287 267 313 290 361 276 393 312 422 1013 448 1055 358 136 373 168 251 329 271 355 297 133 308 160 317 121 331 151 373 383 396 410 374 413 388 437 290 664 315 686 180 684 202 711 353 780 371 803 420 868 437 886 303 928 329 950 450 1011 485 1053 663 959 709 989 279 495 302 527 215 548 250 578
20150921_131346_image601.png,7d8921d84a12ad5ef3978a39e4f598a058baaf06,24,256 209 283 244 574 364 607 395 526 389 551 418 175 436 205 466 135 515 164 545 407 737 433 764 667 742 696 765 443 751 461 769 308 639 320 660 320 531 343 553 254 706 276 728 374 0 402 16 324 30 334 45 269 251 287 269 271 65 281 82 607 434 633 468 0 506 10 522 673 563 711 595 482 767 499 786 534 730 563 770 580 664 609 683 537 712 563 731 694 200 709 219 658 228 672 253
20150921_131346_image621.png,b0e5ddca4411aabf2b64c07e9489478a8493afe6,45,83 0 132 36 510 0 550 34 629 12 671 52 618 45 650 79 681 56 718 94 629 151 675 190 608 182 644 220 565 168 590 194 540 138 574 170 474 173 513 210 490 38 529 76 38 46 64 74 251 399 287 435 201 442 236 469 387 578 418 601 309 380 334 406 351 394 380 422 476 320 503 351 467 295 485 314 572 399 600 426 585 512 620 538 512 458 551 480 607 416 628 437 684 416 709 439 491 569 523 593 417 483 436 501 459 619 485 647 499 641 536 670 598 671 626 691 367 716 392 735 392 746 425 779 259 746 291 785 264 726 287 746 26 731 52 758 149 757 167 780 536 77 558 96 506 107 523 132 537 112 569 132 1 240 10 263 1 263 14 292 342 450 356 486 312 678 331 695 589 846 619 878 224 784 242 811 37 546 78 575
20150921_131346_image631.png,27920a6541c4e69f4af83ad6929e545d1a406755,65,354 0 373 6 401 1 435 14 361 11 396 31 344 20 368 36 353 56 392 99 340 96 380 137 328 107 351 140 386 128 415 165 390 172 426 201 356 178 371 196 326 231 363 270 387 200 425 233 418 226 440 258 464 108 496 144 481 81 518 117 529 120 563 157 569 121 606 164 594 175 637 217 453 240 493 283 476 216 520 256 571 237 594 269 597 255 622 280 307 317 321 336 308 350 331 379 330 358 352 379 316 377 351 414 343 381 360 403 479 313 506 337 102 451 141 485 163 437 194 462 421 454 450 486 595 357 621 393 617 353 634 383 177 501 195 521 227 635 255 666 148 733 183 751 299 677 334 714 347 697 379 731 336 627 368 650 277 540 296 558 366 521 400 546 454 477 479 497 503 450 520 473 411 421 429 443 440 406 459 421 621 434 651 471 613 457 631 475 536 476 565 503 508 544 524 565 430 575 466 600 286 625 305 641 580 521 603 547 645 506 669 533 650 452 682 495 94 783 135 808 95 807 126 847 20 828 45 847 0 831 12 845 217 808 259 853 431 916 461 942 447 725 476 753 618 701 643 721 631 679 652 696 628 760 652 780 56 493 75 522
20150921_131346_image701.png,dbfe1d4820ada6c7ced9975a5eeaa5b78d8a0a18,67,374 92 405 120 334 122 363 151 342 189 375 214 367 211 387 234 405 225 438 258 272 217 306 248 258 259 288 293 288 259 313 287 305 225 328 254 304 295 330 317 360 295 384 322 371 347 401 377 363 375 391 401 409 382 437 411 448 376 481 414 391 339 412 360 239 341 273 373 253 372 293 399 304 344 320 359 326 393 348 415 338 425 353 452 241 481 272 514 302 453 319 473 317 473 338 499 360 465 396 497 474 420 507 453 413 476 439 503 346 486 384 522 479 578 513 611 199 549 230 569 193 582 218 610 224 606 254 635 247 589 270 611 264 606 287 628 322 672 344 697 354 690 375 712 435 693 460 716 498 670 524 688 533 675 555 699 177 633 209 658 62 670 91 698 253 729 282 755 142 830 171 857 397 826 423 850 422 901 458 938 182 875 212 907 70 998 103 1032 10 969 36 990 433 969 464 1011 506 981 541 1018 281 294 314 321 322 266 348 307 318 368 330 384 381 495 399 515 208 668 229 689 144 714 178 736 113 833 132 859 199 891 222 912 408 670 422 691 680 705 710 728 483 497 499 514 606 828 624 842 630 1019 640 1043 475 1089 515 1130 66 1176 87 1196 462 1205 517 1258 292 782 324 807
20150921_131346_image706.png,979659192e5b8104ea179bcb1ade1f21b5db0ed1,68,374 93 405 127 335 128 364 157 342 196 375 221 365 218 385 241 408 228 441 254 276 226 311 257 263 266 293 300 293 268 318 296 310 236 333 265 306 299 330 321 363 300 387 327 372 352 402 381 364 378 392 404 409 386 437 415 448 379 481 417 390 343 411 364 245 346 276 378 259 379 299 406 310 350 326 365 332 404 354 426 342 430 357 457 247 485 278 518 307 459 324 479 321 478 342 504 362 467 398 500 474 423 507 456 414 479 440 506 347 489 385 525 481 580 515 613 205 554 236 574 198 588 223 616 229 609 260 642 359 691 380 713 435 693 460 716 498 670 524 688 528 677 550 701 182 634 214 659 72 674 101 702 258 730 287 756 150 830 179 857 397 826 423 850 422 901 458 938 186 875 216 907 77 998 110 1032 22 970 48 991 433 969 461 992 499 980 534 1017 284 298 317 325 324 271 350 312 324 373 336 389 382 497 400 517 214 669 235 690 150 716 184 738 116 833 135 859 204 891 227 912 680 705 710 728 483 497 499 514 606 828 624 842 66 1176 87 1196 468 1202 511 1255 292 782 324 807 268 611 295 632 253 591 278 617 322 673 352 700 401 641 416 664 623 1023 639 1041 466 1083 501 1125 600 768 617 784
20150921_131346_image711.png,cedd5d7704059659bffccfc412951d6c6c266218,64,368 74 401 112 328 106 358 133 335 170 365 198 401 208 428 237 270 200 302 232 284 241 310 266 255 246 283 274 306 214 335 240 366 331 395 360 359 360 387 387 400 364 430 393 436 359 472 393 462 403 498 433 301 279 329 299 282 282 302 299 239 329 264 355 295 324 319 348 254 353 290 385 355 447 386 480 240 465 270 500 312 456 338 482 341 470 376 502 410 460 415 470 410 459 434 485 469 559 510 590 245 566 274 590 219 587 254 618 187 565 218 592 73 648 102 677 163 639 177 659 177 615 210 639 318 651 343 681 350 668 376 686 430 672 456 695 520 656 538 675 490 642 510 667 700 644 718 679 289 757 313 780 254 706 280 731 386 790 419 827 413 870 446 904 141 805 170 827 182 851 214 883 69 965 106 1002 441 1163 483 1217 325 378 346 401 337 407 367 437 291 443 323 460 324 249 341 286 358 281 379 304 381 322 400 341 196 530 229 554 260 588 289 608 397 606 410 640 671 678 702 712 593 798 610 821 217 640 236 671 163 693 184 713 20 939 51 957 201 862 224 884 419 941 450 962 601 996 627 1014 445 1056 499 1113 375 476 397 494
20150921_131346_image721.png,91aad118a7f56980f2d3ed9f94342ed24272d35c,70,353 77 401 123 321 114 355 151 324 170 362 214 386 212 423 253 345 205 374 235 269 201 304 248 301 216 331 255 253 252 284 286 282 249 314 293 275 289 305 317 323 258 335 282 316 273 335 300 299 286 327 306 285 325 315 361 234 331 266 367 249 361 287 397 347 283 371 309 361 298 378 318 371 327 400 351 359 338 391 370 350 363 380 390 426 363 465 399 390 367 421 406 324 382 341 403 234 464 270 506 291 443 320 469 304 461 332 490 346 447 379 485 398 458 427 490 327 472 366 507 195 528 225 559 175 562 214 600 213 589 248 621 242 566 270 598 257 587 287 615 306 649 336 682 69 648 105 680 145 637 169 669 340 663 368 689 201 639 234 674 167 603 203 640 411 664 443 701 241 701 271 737 272 675 302 710 305 680 333 704 272 746 308 785 172 838 203 878 192 858 216 879 129 795 162 832 388 864 422 906 58 947 103 998 150 1045 184 1082 405 1047 467 1103 398 1151 446 1210 422 863 452 898 702 696 720 736 677 636 719 681 656 676 687 711 470 636 504 673 501 643 534 681 455 549 500 599 393 517 427 553 364 476 387 501 446 405 491 442 37 673 76 712 368 787 402 822 571 792 598 823 16 927 42 954 137 850 163 879 139 883 172 915
20150921_131346_image736.png,2c17bc20f3da9cd32998fa1ba51f36c01d2fb52f,71,397 160 429 201 364 196 385 216 308 287 340 313 366 253 394 280 430 289 453 310 341 305 363 320 295 323 322 344 321 324 343 358 25 402 58 432 1 446 21 475 283 431 321 461 272 405 294 432 34 427 55 440 325 400 352 422 320 356 337 379 337 354 364 373 358 327 371 355 390 361 408 379 413 396 432 414 390 403 420 432 385 431 413 454 366 452 393 469 423 435 449 464 459 426 495 464 271 530 304 565 328 510 345 525 368 473 398 494 485 470 519 503 339 525 367 549 378 515 413 547 367 536 396 566 407 542 423 559 437 523 461 543 494 620 527 652 253 644 285 679 235 592 262 616 218 625 250 655 280 631 304 655 294 647 322 667 112 709 146 737 207 673 241 700 189 700 211 720 255 695 271 725 278 763 301 791 343 708 369 739 344 739 367 758 373 728 398 745 453 728 475 751 504 696 544 734 704 708 720 736 687 743 712 761 664 797 699 820 610 858 625 876 511 755 529 775 308 812 335 839 255 821 276 839 171 856 201 877 317 736 336 754 408 857 436 878 209 901 238 932 232 915 250 931 177 912 201 931 51 976 80 1002 96 1012 131 1046 417 929 451 959 379 1001 399 1018 427 996 443 1007 611 1052 628 1069 541 1123 562 1142 442 1111 484 1165 421 1214 467 1265
20150921_131346_image756.png,c3adf063c82fab34241bb60b66606fdd53524c7b,61,320 0 354 37 283 33 306 60 288 90 319 129 354 139 382 168 233 129 263 160 218 172 247 199 249 172 271 199 268 207 288 236 250 250 275 274 193 257 216 283 210 283 247 313 315 259 346 287 312 287 339 310 348 293 378 321 391 287 423 317 415 330 447 360 304 376 337 407 365 385 389 409 296 400 324 430 263 383 296 413 197 394 229 423 421 487 455 513 164 453 189 478 141 488 172 519 180 508 210 538 209 493 233 514 232 513 249 531 273 573 296 600 306 590 331 607 385 594 402 615 436 621 458 643 638 570 666 598 672 630 695 659 207 621 231 645 132 531 167 557 43 569 70 593 112 560 135 582 236 673 259 694 334 710 362 734 348 780 376 811 138 758 167 784 30 861 63 891 358 949 397 998 331 1046 384 1094 328 399 350 422 256 368 279 387 291 304 321 335 338 248 357 269 313 206 335 233 243 202 270 239 264 145 297 171 285 174 317 200 294 334 332 365 415 650 442 668 533 717 548 737 659 569 692 601 616 610 643 631 591 660 624 677 188 559 202 586 247 601 266 623 272 600 297 619
20150921_131346_image776.png,0b31d02e3775278be93a916501496375983db0fa,59,39 37 72 78 64 70 102 109 107 36 142 73 176 48 210 90 171 80 209 114 51 193 89 238 124 188 160 224 279 133 319 175 252 83 292 129 212 84 245 123 178 134 202 171 178 112 193 134 105 73 127 104 113 164 149 196 163 178 202 221 153 204 191 247 191 209 213 238 9 257 45 296 1 299 27 335 32 324 76 368 68 309 102 341 89 330 119 356 133 397 162 431 284 307 325 347 291 390 332 426 52 378 77 411 166 417 197 446 137 429 171 457 64 450 94 481 97 499 123 529 183 542 238 562 251 419 278 451 338 416 365 440 1 590 35 619 195 616 239 657 192 783 245 834 174 874 232 929 153 682 188 718 39 503 71 532 299 483 331 507 394 551 422 583 225 268 263 295 231 196 264 223 199 34 235 71 102 0 143 29 134 1 159 31 661 238 687 282 500 392 533 447 528 401 558 443 530 462 567 500 483 442 522 477 464 496 495 524 376 764 411 796 385 730 419 758 519 664 547 695 569 637 609 683 545 662 582 695 468 797 498 823 173 2 202 31
20150921_131346_image786.png,f628f9986f1ee474670d9e0e3687faabe22f76ff,50,60 0 99 34 47 121 81 158 162 103 198 139 286 53 317 93 254 0 294 41 213 3 252 41 174 1 202 29 180 29 194 54 193 139 215 158 151 132 188 165 121 112 152 145 108 90 142 114 235 196 257 216 291 238 327 270 84 258 114 285 65 240 91 267 10 195 36 222 0 233 14 265 26 259 63 295 132 333 155 359 165 354 193 374 137 367 157 386 54 390 80 413 249 356 274 382 297 325 319 354 508 331 544 373 543 333 570 372 498 381 523 409 545 397 584 433 474 435 505 465 591 589 618 622 187 560 221 592 0 539 22 566 34 453 62 469 185 487 219 515 302 424 326 441 175 732 219 782 380 673 412 700 381 714 406 732 149 820 202 869 468 743 493 766 569 849 592 880 496 806 517 840 64 562 83 576 50 322 65 332 0 380 22 405 337 351 361 365 102 1 121 20 177 55 204 88 44 413 65 430
20150921_131346_image81.png,93b34660700e68c46f671327805dd0ca241ec735,18,458 151 505 195 452 189 490 230 484 211 525 245 503 198 532 233 0 376 38 415 507 265 524 287 16 396 53 435 10 548 45 583 516 376 555 410 549 429 570 458 499 629 537 666 633 642 689 694 305 702 347 749 279 645 315 673 430 601 448 621 407 450 418 474 255 1037 284 1068 520 1217 565 1259
20150921_131346_image816.png,7cae930f760fe4ccf545975fdd2b7aec92816d5d,24,382 207 416 247 638 375 662 403 329 378 362 406 342 514 388 546 193 497 222 531 144 438 189 478 344 636 384 663 333 686 371 728 436 701 467 722 550 727 586 754 403 779 423 797 358 794 379 822 39 768 64 793 48 804 68 824 293 872 337 912 447 871 482 897 493 871 530 898 497 840 522 860 158 477 178 514 142 523 167 543 35 594 55 618 0 448 25 466 153 894 176 923 533 740 559 758
20150921_131346_image821.png,b61b975d222d09faf8d37dbe48cc2c175fc04def,22,322 256 357 296 277 414 312 441 94 480 129 509 573 420 598 445 111 514 129 542 144 534 176 564 287 546 332 580 289 667 311 685 279 722 313 759 384 735 409 749 498 763 529 788 477 775 510 787 343 816 366 831 299 827 325 849 0 801 23 829 1 833 25 859 237 908 278 949 388 903 428 923 522 535 546 564 84 558 121 578 598 698 624 729 432 874 469 926
20150921_131346_image831.png,3b43527b353797b72d73c7a4b3aaa451633df128,23,241 3 276 21 236 14 270 46 290 361 316 383 253 513 282 537 527 516 555 529 79 588 111 613 128 634 156 663 95 615 107 643 79 666 102 682 260 639 304 673 267 762 301 785 249 816 285 853 358 819 383 839 472 840 500 866 454 855 483 870 559 787 590 808 271 919 293 945 208 1003 248 1044 359 990 395 1014 403 985 437 1015 415 959 435 984 488 615 510 645 320 900 335 920
20150921_131346_image841.png,af5ad22c7f3d0c0c1002c0bb80f7d31445af3654,32,280 77 313 112 270 104 305 138 321 439 337 463 278 581 306 611 559 596 588 615 547 597 563 614 516 701 542 725 284 708 327 750 104 650 134 679 136 664 154 679 122 681 139 706 153 703 186 732 108 728 130 748 490 792 502 803 583 873 618 898 1 790 20 816 1 891 16 907 261 887 298 929 282 834 314 857 308 844 327 878 373 895 405 920 474 940 497 958 493 928 528 957 408 895 425 922 0 967 21 997 1 1004 23 1028 212 1079 257 1125 278 993 303 1024 335 986 347 1000 373 1073 412 1101 433 1048 449 1073 419 1074 457 1106
20150921_131346_image846.png,8b0038291892a94f7a18e3ba4b806d08bc690247,23,281 91 315 133 272 120 290 152 315 452 340 482 273 595 302 626 535 610 574 633 279 721 319 759 102 666 132 692 151 712 178 747 276 846 318 875 251 902 288 942 365 914 389 933 466 959 493 974 484 946 515 973 573 893 608 914 266 1010 293 1039 199 1095 239 1141 362 1090 393 1114 406 1092 440 1121 420 1066 439 1086 1 989 21 1038 104 741 126 761 0 805 21 833 508 710 536 738
20150921_131346_image851.png,bb40441e002147f87f5f0b775a6ee96325a73e99,26,305 118 343 157 300 150 334 175 288 618 323 649 559 642 591 658 333 482 372 504 117 684 153 709 164 735 191 763 305 745 333 784 374 938 400 961 493 982 529 1005 591 927 622 950 259 929 290 970 262 1034 293 1066 2 996 20 1024 2 1029 29 1058 189 1122 236 1169 406 1127 440 1156 363 1120 397 1146 139 723 154 740 120 750 145 780 13 823 31 846 2 911 28 937 283 873 313 901 307 884 334 899 491 836 502 852 478 987 507 1007
20150921_131346_image856.png,6879ba4ed71719c3d9ba4c1174afd23057aef3eb,23,324 114 360 151 319 141 349 166 369 484 391 503 299 614 335 646 309 740 340 780 176 726 207 754 126 677 162 704 2 691 33 718 0 669 32 696 136 753 154 778 287 868 324 897 254 923 290 966 375 938 406 963 502 977 525 1003 594 923 628 951 484 986 507 1007 262 1022 293 1062 4 985 27 1009 13 1019 35 1046 183 1116 234 1158 409 1122 443 1159 557 640 613 658 359 1122 394 1146
20150921_131346_image876.png,454c7a8309bf06375137d8154c86f5b8f28cdf43,37,388 196 420 231 7 257 39 288 380 228 421 248 52 491 83 523 20 497 42 523 25 368 52 388 2 489 23 513 421 538 453 565 22 528 52 550 70 529 99 557 3 589 29 611 1 571 9 591 78 659 102 691 383 687 415 701 383 792 422 833 95 736 132 766 225 742 254 764 239 807 258 838 93 813 110 833 372 913 405 942 123 1036 142 1062 134 1069 154 1093 267 1154 312 1197 337 1058 365 1109 339 971 368 1015 458 986 486 1012 590 1020 619 1053 564 1033 591 1055 672 968 707 1004 483 1168 521 1201 444 1163 466 1185 120 758 138 778 274 784 294 800 136 955 152 978 503 990 529 1014 338 1191 366 1218 224 1248 252 1280
20150921_131346_image881.png,14d59045b029dd0f78189d2bf41211cd0ee6e435,29,381 199 408 231 4 247 33 283 18 362 41 384 48 478 75 508 16 485 42 507 64 521 90 546 20 514 41 537 412 536 432 557 1 578 19 601 68 649 85 675 370 675 395 691 94 724 123 753 111 746 129 766 221 733 241 754 366 782 407 824 128 795 143 810 322 955 350 992 109 1020 127 1044 315 1046 342 1092 551 1024 566 1042 562 1014 599 1041 655 960 687 990 458 1150 494 1178 241 1131 290 1176 1 477 14 503 220 794 251 824 440 978 459 995 417 1144 444 1168 376 222 411 250
20150921_131346_image891.png,a1b308a4132949696ac073e311253b1561648a8c,27,369 9 401 48 0 78 21 110 12 196 35 217 44 323 71 352 12 331 36 352 62 363 89 388 19 361 41 382 2 419 22 443 400 372 431 407 367 515 390 534 73 496 91 520 100 567 127 589 118 591 144 612 86 646 105 662 368 620 398 659 221 575 242 590 322 786 343 817 553 833 584 857 313 862 342 901 130 848 145 866 251 944 294 982 446 958 485 987 363 41 398 64 229 637 252 664 276 622 300 642 633 789 660 812 434 797 458 823
20150921_131346_image906.png,5488ead1664261693caebb3b73a1ced8e2cfad8a,24,314 233 352 271 284 382 320 409 6 431 46 466 137 440 163 468 164 430 189 453 191 485 228 516 153 510 183 539 285 491 324 533 42 434 62 456 34 456 58 482 233 650 270 693 227 726 263 767 356 665 386 693 457 696 479 727 159 805 211 848 366 816 402 846 478 692 508 728 553 648 588 679 395 791 423 830 59 453 78 481 48 713 73 741 3 511 20 533 64 750 86 766 207 746 228 770
20150921_131346_image911.png,a85b59ad6aa93205f91253449c1a0f6a7ed5ceb8,23,281 216 324 252 244 361 275 388 246 476 285 514 196 640 227 674 157 471 182 498 116 495 141 523 96 424 121 448 128 418 147 449 18 448 35 471 12 704 32 728 124 796 170 830 168 713 219 756 316 652 340 676 327 800 361 828 360 786 379 807 438 678 470 710 419 693 446 711 516 639 544 657 1 448 16 470 16 632 42 655 327 719 349 747 364 658 389 676 517 593 544 619
20150921_131346_image926.png,7b97213cf8f6d373e6d9b9014f6a815af3969a32,11,56 281 73 300 17 419 52 451 10 544 50 582 209 758 237 788 196 773 213 788 126 730 163 758 81 800 110 821 114 872 132 894 77 891 109 918 289 717 306 739 10 924 36 945
20150921_131346_image931.png,2bfe61b538ca80de575d4ab692d98b2e53648665,13,203 492 227 516 217 583 246 605 50 770 84 798 35 779 61 802 0 778 17 797 1 845 17 868 105 815 130 834 121 802 157 834 208 762 220 776 191 721 217 743 491 753 501 767 22 915 41 945 0 943 13 969
20150921_131346_image936.png,6d72e9317d956e00b97c75aa0f41102870d968e7,7,657 585 697 623 147 774 173 794 170 632 199 654 4 825 40 860 83 858 111 887 65 865 86 889 155 552 177 567
20150921_131346_image941.png,f33d837087b0769f73d4fde9eee4348cc4c4c360,9,626 604 672 657 177 558 194 592 134 588 158 602 151 668 183 691 379 768 404 782 66 899 100 931 1 865 25 896 50 909 78 934 133 814 159 833
20150921_131346_image946.png,ac05a9b98cdccc014254ef265835ceee359f5b9b,6,614 625 652 667 161 589 180 614 142 691 173 714 59 919 88 950 47 935 71 953 1 893 19 916
20150921_131346_image951.png,b9553c5ade420413aed3c709823b9eb57b5438ac,8,606 649 649 692 470 857 486 885 68 946 90 980 4 923 29 952 161 617 182 645 141 719 184 741 393 3 428 23 54 958 75 983
20150921_131346_image956.png,6279f32a39398d0939418f65835e391ea572bd00,7,419 55 440 76 596 684 642 741 154 652 184 679 0 954 25 986 49 997 74 1017 61 984 84 1014 155 946 178 963
20150921_131346_image961.png,93e2dc6b90028e0b9b1a4d54ee7d7f514d16c540,6,562 721 601 771 34 1013 54 1039 21 1026 38 1044 133 784 154 805 139 692 160 715 113 965 144 995
20150921_131346_image966.png,f245f90943ca84255e20ad5dd66fda84ad100a75,5,363 131 391 150 525 737 570 782 112 794 134 818 119 705 142 732 4 1025 42 1060
20150921_131346_image971.png,ee4d5c6b99380efae6a3c044efa9c4322dde0a2e,4,379 155 398 174 532 756 582 804 132 814 153 838 29 1037 61 1072
20150921_131346_image976.png,0d3512bfb8d0c32fa493837788bcff2d37023204,5,547 768 585 812 140 826 166 848 41 1051 71 1079 1 1021 25 1046 388 165 412 187
20150921_131346_image981.png,a5d4d92a1d4a64f6676ec8d211a4b9ae25dee8e6,6,559 782 596 826 396 188 418 205 55 1060 91 1101 480 992 496 1010 151 839 181 862 2 1038 39 1066
20150921_131346_image986.png,810110486a8455ec8a8d9811800acca24dfe0af4,6,406 221 427 241 559 806 599 855 477 1019 500 1034 57 1091 85 1128 2 1059 39 1090 156 868 186 887
20150921_131346_image991.png,919054367df29fd5f50c131d8654ca50ce359c52,5,404 248 422 264 553 834 596 880 472 1047 490 1059 41 1114 72 1149 1 1083 20 1111
20150921_131346_image996.png,c5edc9a368292857785124abb5dae020726edbea,5,409 260 426 277 542 852 585 897 28 1122 60 1157 1 1089 10 1114 456 1064 474 1080
20150921_131453_image1.png,87ac2bb08cd7d63e7237493824b33864390fc495,71,372 236 404 269 318 261 342 294 299 391 333 427 292 391 310 425 251 395 279 430 216 498 250 532 247 477 283 507 272 441 299 467 366 778 398 811 295 570 327 603 345 537 374 564 218 573 245 594 239 517 261 543 376 395 408 430 269 900 294 929 310 707 335 743 306 682 330 707 336 500 376 538 366 330 394 361 291 355 319 382 312 343 324 374 416 549 450 583 265 615 302 642 295 290 310 312 306 290 323 308 367 594 402 625 348 608 372 630 343 284 366 306 295 657 325 684 207 622 222 638 221 604 236 627 280 593 306 610 276 937 295 962 256 625 271 642 448 758 472 778 436 751 460 776 454 706 480 729 441 687 461 698 493 713 515 737 486 790 508 808 496 691 515 710 497 666 526 689 570 777 601 812 351 905 372 918 332 903 349 917 356 434 383 458 317 454 338 482 295 440 313 465 358 459 372 471 477 651 507 670 527 657 546 676 462 818 475 844 332 759 349 781 215 588 232 613 581 797 601 816 638 896 659 909 218 819 242 851 14 739 32 759 306 563 335 576 274 273 286 284 282 286 291 297 289 281 302 297 425 645 454 665 413 961 435 978 408 1035 426 1069 423 1056 439 1074 672 779 683 809 698 656 711 672 715 796 720 807 673 690 702 711 416 763 438 789
20150921_131453_image101.png,dbb8a679e06cf7981888ba3fd97becb55700efcd,47,524 943 561 997 555 1017 586 1044 478 765 522 810 310 893 340 915 281 883 310 914 243 818 254 835 377 877 403 908 148 610 177 638 164 748 189 768 86 936 130 976 586 895 653 940 520 622 553 650 313 741 342 775 386 1031 419 1057 525 218 565 262 548 229 588 272 399 213 440 257 390 236 420 261 486 359 527 412 395 371 426 407 368 309 406 345 445 416 483 445 376 491 422 526 370 522 404 560 313 540 329 561 622 703 655 735 601 637 640 666 637 632 670 657 577 516 614 540 573 560 603 584 499 547 533 584 458 463 485 480 429 992 461 1025 379 734 408 762 0 566 28 583 403 296 423 321 491 688 507 706 650 673 671 688 677 705 697 727 157 648 182 670 0 639 35 673 135 710 155 731 132 997 170 1038 250 996 274 1029 422 300 441 333 76 354 114 391 110 376 128 407
20150921_131453_image1021.png,61b06b07715b4b349057461d4936cbd90d06030a,64,256 66 283 92 274 135 306 165 293 178 323 208 241 217 273 258 220 221 245 256 198 274 235 307 264 279 299 308 303 296 330 319 356 407 394 441 419 352 432 366 302 410 321 436 351 395 367 403 260 316 279 339 176 348 194 362 148 335 155 348 117 363 134 385 144 426 155 443 130 459 145 476 233 439 261 473 301 472 326 503 363 485 389 515 340 447 350 461 426 463 440 484 439 539 472 569 476 568 512 599 203 532 237 569 144 553 183 591 122 585 160 615 84 666 103 693 181 646 218 682 237 599 260 638 148 611 162 632 181 667 210 701 154 684 191 721 121 731 157 764 258 710 293 744 269 702 281 709 96 755 132 787 167 829 198 856 97 903 149 954 541 1077 567 1111 497 1076 518 1110 524 1054 556 1080 625 998 665 1036 677 941 709 968 352 931 386 972 357 888 389 935 251 806 285 840 357 785 388 819 454 778 479 810 448 821 477 857 480 834 512 866 342 617 376 656 385 603 419 631 438 580 465 596 444 617 457 642 627 628 651 647 694 655 719 677 709 588 720 607 614 708 628 726 599 753 623 773 662 646 679 656 502 697 524 712 212 485 228 503
20150921_131453_image1056.png,0fb1ea6e4a8be1cca377c20272f2f5c781dee9f7,56,583 147 609 187 609 218 633 245 565 298 598 338 586 356 624 390 525 361 559 390 575 404 603 415 702 481 720 511 705 559 719 595 665 523 682 539 558 538 576 556 627 556 659 582 525 615 563 645 474 637 514 674 441 662 479 698 505 731 538 772 479 768 512 806 599 795 638 836 447 818 478 847 424 837 457 873 500 921 524 949 590 904 628 938 543 301 573 335 699 1000 720 1043 681 1043 719 1083 436 996 493 1049 2 270 9 290 54 428 85 460 39 420 60 446 15 602 56 646 160 622 195 646 128 646 143 673 1 695 28 736 63 729 97 760 96 710 125 743 12 769 41 805 133 771 149 795 59 768 84 790 22 941 63 979 7 949 24 970 1 910 8 929 62 876 100 899 152 847 182 877 540 872 580 901 687 879 718 918 627 373 658 397 80 975 106 1004 4 1081 36 1130 68 1027 93 1066 264 1029 304 1061 398 747 418 778 549 687 581 725 680 700 720 744 629 511 653 539 621 488 645 511 620 254 650 286 496 756 527 789
20150921_131453_image106.png,1316163d6df568b920ed5e80ca2d3607c3dcdb7e,40,518 928 555 982 469 753 513 798 118 597 147 625 144 744 169 764 60 931 104 971 512 203 552 247 534 217 574 260 387 200 428 244 376 223 406 248 477 350 518 403 383 359 424 389 353 295 391 331 362 479 408 514 358 512 392 550 598 696 631 728 582 628 621 657 621 625 654 650 561 505 598 529 458 463 485 480 405 987 437 1020 403 296 423 321 657 703 677 725 128 641 153 663 106 989 144 1030 422 300 441 333 50 336 87 373 81 358 99 389 432 407 466 433 290 523 320 554 269 882 329 903 224 805 243 834 362 865 393 901 357 1020 386 1040 549 994 597 1028 592 853 636 921 507 892 535 919 481 539 514 569 547 547 581 567 504 607 541 648 685 680 714 718
20150921_131453_image1066.png,8bdd864abf7bc4ef2ed269a00effc1bcb45415fd,39,97 263 136 299 91 306 123 346 133 312 172 349 7 383 52 423 189 644 239 693 312 651 353 688 132 710 157 738 164 735 203 775 106 761 151 807 131 786 167 827 198 817 232 858 24 861 62 907 307 817 326 853 147 884 212 952 314 888 348 917 208 1019 246 1033 167 1129 231 1194 270 1031 299 1052 292 1147 309 1181 643 1059 698 1112 694 966 720 1002 606 882 646 922 657 805 709 852 687 761 719 812 612 694 660 734 650 673 689 709 698 645 718 676 690 365 719 407 33 527 61 569 72 523 95 559 210 470 243 504 197 458 216 489 246 784 272 805 244 814 269 844 73 947 97 976 630 865 667 899 283 685 295 706 175 1004 186 1022 446 1088 493 1128
20150921_131453_image1071.png,a553ad3d6b351c168b351701139547a674eab52b,30,196 289 231 322 230 331 272 365 193 329 227 360 107 398 149 440 128 544 161 584 163 540 186 576 286 670 329 711 405 686 436 709 367 705 396 725 224 726 250 758 260 760 291 801 196 780 241 819 213 804 253 841 406 837 430 870 301 841 328 881 118 879 161 925 229 910 284 962 248 965 268 991 261 993 273 1011 358 1060 392 1085 278 918 305 946 308 1049 341 1069 259 1154 326 1220 406 912 428 947 12 933 53 966 302 489 337 517 159 962 186 994 1 1070 25 1103 536 1123 602 1164 396 1172 409 1200
20150921_131453_image1076.png,04991ca6bdd49dc658ab447b7cf8fe8005e7d74a,32,235 274 270 303 269 319 307 354 229 312 266 347 149 385 187 424 156 539 197 570 326 655 372 704 439 679 469 699 399 695 432 721 293 751 334 789 221 767 269 805 242 805 280 832 331 831 361 870 276 889 323 930 146 863 189 908 250 915 282 953 268 955 294 977 333 1025 371 1052 288 1141 354 1218 439 832 463 860 347 791 371 811 34 917 76 948 174 489 183 512 245 718 283 748 378 762 410 811 185 959 207 983 3 1049 48 1087 388 1049 424 1083 587 1124 637 1176 672 1135 692 1162 399 1163 417 1189 420 1172 444 1203 262 876 287 897
20150921_131453_image1081.png,e48d2d2bc5101c9f40fe15054c0706f9aa3c9859,52,232 300 270 332 271 345 310 376 229 338 265 374 150 413 191 452 175 519 186 539 154 565 190 597 335 681 378 724 300 774 345 817 223 795 264 830 344 850 377 889 150 892 195 940 283 918 323 960 341 923 353 938 250 942 282 973 190 985 213 1015 269 982 302 1009 299 1005 315 1033 321 938 347 962 387 792 420 825 350 1061 385 1078 395 1189 427 1226 294 1172 332 1209 672 1153 704 1180 215 328 228 346 189 575 211 588 332 500 369 531 377 558 392 576 252 689 273 721 255 740 281 770 437 696 472 724 484 711 510 734 399 715 417 746 251 833 286 857 38 942 81 991 307 1052 315 1061 328 1045 337 1063 408 1080 437 1108 333 991 343 1008 353 810 384 839 390 856 415 881 439 855 473 895 268 900 281 917 269 862 291 891 333 841 351 868 432 728 450 742 7 1081 51 1125 325 1191 362 1239 435 1198 456 1240 428 1256 445 1280 527 1247 557 1273 575 1143 632 1189 606 1202 638 1243
20150921_131453_image1086.png,bc46fe54a6412a03abe7dbef4c8d1ee0507c780e,45,225 325 265 355 266 368 307 401 221 364 265 398 209 352 225 366 151 436 192 479 177 538 191 566 154 581 196 616 186 573 211 605 341 698 384 741 255 706 277 742 310 790 360 833 362 869 395 909 169 915 214 967 297 936 342 981 228 818 276 854 267 851 293 875 459 866 480 892 405 799 425 835 256 965 289 995 336 958 364 980 354 940 370 957 60 970 99 1006 203 1008 229 1037 277 1001 310 1028 368 1075 403 1093 431 1094 452 1114 318 1020 343 1050 320 1193 358 1244 672 1156 693 1184 431 705 465 738 28 1111 72 1153 4 1025 25 1045 601 1153 655 1190 375 834 395 857 282 770 302 795 477 725 493 740 406 874 431 900 269 887 285 908 266 919 289 940 343 857 366 884 323 1064 355 1079 347 1202 385 1260 256 762 281 792 331 517 372 547 455 1211 480 1250
20150921_131453_image1096.png,04a5af3fd6e7af2582b2afe724572848e3534527,39,239 399 275 430 236 439 268 470 278 442 316 475 169 508 210 547 181 604 196 632 162 643 190 686 255 773 288 807 362 769 403 809 331 857 376 891 399 873 429 899 235 879 276 917 383 936 415 974 179 980 223 1028 307 1002 343 1045 271 1067 306 1092 333 1084 360 1123 340 1024 380 1059 398 1139 428 1159 365 1129 387 1151 467 783 494 809 66 1034 119 1085 285 843 311 865 253 1031 296 1066 215 425 237 444 185 660 206 677 425 782 460 803 253 823 280 850 262 914 305 943 331 923 374 960 380 894 404 926 420 933 449 964 39 1181 81 1219 214 1082 230 1106 368 1004 384 1022 467 931 498 962 616 1213 652 1255 669 1218 690 1249 446 1158 470 1185 341 592 370 621
20150921_131453_image11.png,7b717a2b20984c20a0a18392d540ca7eccfdba38,53,376 216 408 248 321 242 347 276 277 253 291 265 298 275 312 290 313 272 325 285 294 325 323 360 318 321 342 354 378 314 399 341 300 371 338 410 383 378 410 411 252 377 284 411 276 422 306 452 363 415 393 444 305 435 319 450 249 458 287 490 224 482 254 502 338 483 380 522 351 521 380 550 424 534 456 564 242 504 265 526 299 552 333 586 381 580 412 611 359 592 383 617 225 555 252 577 217 585 241 621 271 597 304 623 212 607 224 618 220 574 234 585 299 640 328 667 308 665 331 692 501 647 529 678 498 701 522 723 444 741 475 759 315 689 340 720 371 761 404 797 487 772 516 792 272 889 298 918 574 763 602 795 274 879 291 896 325 437 355 463 346 268 366 290 434 629 456 649 457 691 482 715 531 641 552 659 459 801 478 827 420 752 439 772 280 576 309 592 260 606 285 631 286 928 298 950 333 889 348 912 353 893 370 908 415 942 432 961 404 1016 438 1057
20150921_131453_image1101.png,34a2016871a837c4fd311622e35ed11fb926b9f8,34,268 420 307 451 276 455 298 489 309 461 348 498 205 531 241 566 206 618 232 649 187 659 221 698 388 785 428 825 274 790 317 826 356 873 398 902 411 953 442 992 256 893 301 934 204 996 244 1041 94 1052 131 1091 332 1013 367 1060 364 1045 401 1072 356 1098 386 1140 388 1140 410 1172 410 1153 459 1177 495 957 522 979 286 1079 326 1111 280 1051 318 1081 275 922 321 954 452 950 475 974 483 806 512 827 304 855 338 880 250 445 269 463 447 795 483 820 423 891 453 918 272 844 301 871 391 909 422 936 58 1197 99 1236 467 1174 491 1205 633 1237 666 1272 685 1245 700 1269
20150921_131453_image1111.png,825c10a400b279c5f1b7667f90d909603a6affc5,37,295 443 330 475 273 465 293 482 340 483 373 515 294 476 327 510 238 545 275 585 239 637 256 668 214 676 250 718 417 804 456 846 295 856 329 890 304 809 332 832 389 893 430 934 284 913 324 949 440 971 480 1016 236 1011 280 1055 127 1057 167 1108 362 1034 400 1079 315 1101 344 1125 391 1116 415 1154 420 1159 444 1183 451 1166 488 1191 389 1155 405 1184 422 1037 438 1054 527 967 549 994 505 822 540 847 474 807 508 840 333 875 360 897 452 906 487 934 422 933 440 951 283 881 307 916 484 971 504 1006 97 1206 135 1248 266 1106 283 1135 288 1057 331 1099 394 1055 440 1088 506 1189 530 1218 673 1252 697 1279 307 948 350 979
20150921_131453_image1116.png,c6261da16c400a7a53e0ea1ba8b0f2b16f7849b6,35,301 436 334 466 277 453 299 473 287 472 338 500 346 477 384 512 244 543 278 575 242 630 262 659 219 667 255 709 427 797 466 840 392 889 434 929 448 962 480 1003 287 905 329 940 241 1005 279 1050 132 1048 171 1086 315 1094 350 1119 367 1026 406 1073 390 1109 419 1153 447 1158 486 1188 422 1149 450 1172 397 1050 439 1115 530 969 554 993 309 810 329 823 251 670 275 700 478 807 510 839 510 820 541 845 335 867 368 891 326 813 345 834 300 849 335 881 293 877 312 905 320 943 351 971 97 1195 136 1234 265 1099 284 1126 291 1047 331 1089 423 1033 441 1045 504 1186 529 1221 663 1251 698 1280
20150921_131453_image1121.png,59b2b33a31fec8b8d88cc39eaf397b1f5470be51,35,322 381 361 413 294 411 321 430 315 416 360 453 366 428 405 456 261 483 300 525 260 583 290 614 239 621 284 660 439 745 479 789 323 760 361 791 408 838 448 879 299 851 337 889 462 916 497 952 258 950 300 996 151 996 195 1036 121 1138 159 1175 406 1228 432 1262 408 1059 443 1098 436 1097 465 1127 466 1105 505 1137 383 979 417 1025 331 1036 363 1064 401 1092 415 1119 492 760 522 788 522 771 552 800 316 799 345 833 352 820 381 845 471 849 502 880 434 875 463 909 331 883 365 917 411 999 455 1041 1 1175 28 1210 674 1196 709 1232 514 1133 543 1158 303 993 352 1036 281 1041 303 1068
20150921_131453_image1126.png,69739307bee1b7ac157eb63c827b9138eead4178,38,384 365 424 404 338 322 377 352 317 346 339 363 330 359 375 399 278 425 317 466 275 522 294 561 250 565 291 607 451 695 500 747 507 706 542 741 339 704 378 738 423 784 470 828 321 797 363 837 477 860 512 904 276 887 315 937 168 929 208 980 133 1077 178 1118 340 976 375 1006 401 916 434 963 421 997 450 1040 480 1051 521 1074 454 1041 484 1060 559 860 592 896 343 830 383 864 325 744 366 777 365 759 404 794 540 720 569 747 480 798 516 836 509 860 544 893 295 983 316 1009 321 937 365 975 428 944 472 984 465 893 479 911 455 924 475 940 417 1034 436 1062 538 1073 557 1100 682 1137 720 1177 9 1111 46 1141 439 523 463 554
20150921_131453_image1141.png,e76c9e4a8f8a0e18eab28175665c68eea7747971,48,304 133 346 170 278 157 300 178 295 175 347 216 359 184 399 217 248 252 287 296 239 362 263 398 213 406 253 451 446 544 486 587 511 577 537 599 306 554 331 574 299 600 333 632 341 621 363 644 304 644 327 673 291 655 315 688 410 634 456 678 469 709 506 754 247 748 294 789 139 801 179 837 378 771 419 814 410 794 456 827 436 826 448 861 406 854 436 890 437 890 465 916 465 898 509 929 401 882 415 915 110 934 150 974 293 805 325 836 312 835 347 861 304 421 326 440 251 424 271 443 421 360 447 390 321 568 346 584 321 602 340 624 319 680 358 720 426 677 465 704 466 660 495 687 482 556 517 590 532 597 556 616 543 711 568 735 515 720 537 743 1 981 23 1014 269 844 293 867 445 746 466 768 518 927 546 954 414 1019 438 1062 433 1029 476 1078 547 1038 577 1071 670 992 708 1029
20150921_131453_image1161.png,afdc3cca2501373ed229d3487cb105f88f9128f5,47,132 887 175 928 163 739 212 786 277 695 322 743 318 753 354 784 327 787 362 810 502 852 534 879 474 843 503 869 430 843 445 864 439 807 472 845 472 778 494 812 412 720 446 765 443 743 470 783 485 696 496 712 513 661 552 703 393 648 404 674 448 578 500 621 457 619 483 646 488 479 533 524 531 513 560 543 314 596 354 625 361 559 397 589 325 538 364 570 346 493 380 528 237 330 279 379 345 34 387 72 310 56 332 83 345 78 390 121 402 90 445 123 284 156 330 207 266 282 308 322 332 495 347 513 315 551 335 574 267 323 302 369 429 271 449 300 459 280 486 316 496 611 527 636 337 633 381 660 295 673 315 694 2 939 49 977 423 975 470 1018 462 983 506 1033 582 991 610 1037 660 932 700 968 541 881 585 912 611 883 643 909 583 657 617 686 569 670 583 694
20150921_131453_image1196.png,c550c53a00904e18880b92c76d3de7051b33550f,45,494 110 532 142 560 158 602 190 466 128 485 157 501 153 538 192 464 227 506 273 423 340 451 382 397 388 431 429 424 384 447 427 676 523 717 567 642 615 692 660 623 655 667 682 479 582 523 615 476 638 516 672 511 598 548 633 506 669 545 694 467 736 516 783 541 681 568 718 598 751 636 801 633 780 674 820 672 806 712 843 636 838 678 874 677 876 708 897 620 870 647 900 370 782 412 829 435 608 472 654 485 533 508 567 578 323 595 352 387 397 410 435 455 585 480 616 13 317 62 358 1 376 16 402 45 357 57 386 0 576 44 607 67 567 106 606 91 644 120 664 239 980 276 1012 337 926 365 966 708 875 720 907 643 998 677 1031 669 1022 701 1056 480 829 495 848 529 825 551 842 663 726 681 745 592 712 612 727 567 297 582 312
20150921_131453_image1201.png,8605eac13938775d2912916e6762c8fe6c2c3a9e,49,453 116 493 154 421 136 438 163 455 157 497 198 517 164 555 197 423 235 463 281 551 226 565 238 516 306 539 329 532 334 553 358 380 346 424 386 357 394 393 433 344 403 376 438 381 388 411 430 572 345 586 376 629 524 671 569 437 580 479 616 471 602 502 630 440 532 467 568 466 548 487 558 596 617 649 663 675 694 715 735 582 655 616 683 434 638 477 668 470 673 510 699 496 689 526 713 424 734 471 779 553 754 592 799 590 776 631 819 626 803 659 840 592 835 631 874 635 850 673 892 661 869 705 903 575 872 600 894 330 782 368 817 437 829 462 844 293 926 336 965 596 991 630 1030 625 1016 663 1053 608 726 634 751 553 710 568 729 409 586 434 619 377 633 407 655 393 609 426 641 385 719 411 735 1 319 21 355 3 360 17 391 478 827 508 845 194 980 237 1013 48 643 78 669 27 568 77 610
20150921_131453_image1211.png,44b3041f542ab5d80ece43c9a8ad6fc51db9efaf,44,401 146 429 171 434 125 476 159 437 166 482 207 502 179 537 209 407 241 449 288 366 350 398 393 340 395 371 438 368 395 395 435 328 405 357 440 508 343 530 367 502 310 517 330 607 532 647 579 425 542 464 575 413 588 460 620 446 604 479 635 366 589 413 621 371 616 398 643 355 635 384 660 568 622 614 667 644 694 688 741 413 643 455 674 442 674 486 699 469 694 498 725 400 736 442 779 307 782 347 825 267 924 298 966 589 1023 615 1053 557 996 593 1037 626 868 672 908 597 867 631 899 545 873 567 897 557 836 598 876 596 807 627 842 559 781 586 826 524 757 561 799 572 732 601 760 1 317 10 351 551 667 588 689 699 1006 719 1054 171 973 211 1010 408 830 433 847 450 826 480 846 11 562 55 602 27 639 61 664
20150921_131453_image1241.png,ec3f7f9b1e6d5a4fed43c07d6de7ceb16b743e71,52,322 93 354 123 365 76 404 116 430 131 469 165 364 119 408 158 330 192 372 237 292 305 322 347 266 350 304 390 295 350 319 389 257 365 291 399 432 269 443 285 444 298 467 324 93 933 133 966 193 884 229 921 230 739 268 775 328 697 375 740 293 679 310 696 453 715 495 758 487 739 516 776 521 767 548 797 487 794 520 832 524 827 555 851 552 827 595 860 473 810 494 854 340 788 366 807 385 784 418 807 485 950 518 981 511 968 545 1007 599 864 629 884 622 964 656 1009 568 655 602 696 342 603 382 633 374 624 414 661 403 650 432 683 508 692 533 707 495 583 543 625 479 617 518 647 355 548 386 581 376 565 406 597 346 547 361 577 321 553 347 581 351 507 370 527 677 906 713 929 703 909 720 934 529 492 572 535 375 512 389 523 286 596 317 616 308 576 324 605 460 186 477 205 481 313 497 339 617 653 648 685 482 387 494 400 314 183 339 197
20150921_131453_image16.png,2d6c635ff637c744e706399ca6b4acdf823673e4,54,378 208 410 240 320 235 348 268 276 246 287 258 295 267 309 286 308 265 324 277 373 307 399 337 315 314 335 346 294 319 328 354 302 367 338 405 383 372 413 407 259 372 284 408 365 410 391 428 278 418 298 447 304 428 316 445 248 455 286 487 342 479 380 514 217 475 250 502 351 513 389 543 422 527 456 555 299 548 333 578 379 572 409 602 224 552 246 567 216 564 231 582 214 582 239 606 208 599 222 613 270 592 302 617 298 634 326 662 360 588 376 605 312 687 341 719 504 644 530 668 438 664 467 681 461 687 482 705 501 693 524 716 442 732 475 757 328 741 355 762 372 757 409 795 488 770 519 788 271 878 302 913 326 440 345 457 240 498 262 521 347 259 366 282 334 472 367 496 261 600 279 626 304 654 331 686 156 671 176 693 226 795 247 828 282 917 302 947 337 882 352 893 359 883 376 898 420 937 439 956 408 1011 434 1048 468 799 482 820 573 756 603 791 528 633 552 651
20150921_131453_image171.png,10c5c21c9a7d5c9344d8b79e3debe498e6639d0e,43,299 3 340 45 271 5 313 56 265 47 295 87 259 116 302 161 305 126 341 161 352 104 382 142 347 175 388 213 302 176 335 220 345 192 365 239 296 201 329 234 257 201 298 234 270 242 301 272 474 278 518 315 517 299 551 330 247 348 274 379 172 302 195 322 287 424 319 457 151 511 172 528 5 515 44 546 15 537 57 578 123 597 155 628 200 645 241 687 364 629 408 664 338 625 372 646 312 670 344 702 230 690 264 732 243 723 280 756 207 726 248 781 154 729 176 755 457 678 486 703 488 723 511 745 395 510 423 552 488 618 521 640 44 861 76 890 300 824 327 848 465 932 505 979 585 1008 626 1052 263 0 286 10 226 294 242 331 280 334 315 386 2 580 15 595 502 567 528 592 696 807 720 845
20150921_131453_image176.png,596b06f22ae04e0d1869e6835f4b252da2425bd5,46,326 0 357 22 362 10 403 52 335 14 377 67 325 55 355 95 326 122 369 167 373 132 409 167 414 113 444 151 311 145 335 164 408 184 449 222 371 181 400 225 404 200 424 247 359 211 392 245 324 207 365 240 328 249 359 279 534 291 578 328 583 315 617 346 350 344 369 370 338 361 372 397 300 352 327 383 230 307 253 318 346 437 378 470 207 518 230 538 60 523 99 554 72 545 114 586 183 606 215 637 270 656 311 698 436 642 480 677 409 641 443 662 388 682 420 714 312 700 345 742 317 732 354 765 279 745 320 791 218 743 249 770 512 695 541 720 543 739 570 761 459 510 489 552 46 583 72 610 546 633 579 654 118 682 154 705 20 731 51 753 32 791 66 819 2 868 18 889 99 871 131 900 248 816 275 840 536 951 576 1004 664 1029 705 1073
20150921_131453_image181.png,4bb72161d92d0c69f4d12b1efe0c295219fa8a51,50,411 2 448 37 378 7 419 54 356 38 395 83 369 109 407 154 463 107 482 137 414 118 451 149 349 132 368 161 328 149 347 170 406 171 434 211 443 172 487 213 441 191 459 237 392 203 419 236 362 239 393 273 576 282 617 318 623 302 658 338 508 281 530 306 262 300 284 316 329 340 353 365 375 335 398 361 368 357 397 386 379 431 410 458 90 525 127 544 104 543 139 577 239 513 257 526 477 636 523 675 214 598 248 631 308 654 347 693 429 678 460 712 338 699 384 739 248 733 283 763 316 748 362 792 355 733 384 769 574 950 608 975 582 970 612 998 501 525 526 548 419 182 441 223 85 580 102 601 52 584 73 608 32 609 47 629 59 798 91 821 145 670 175 702 124 873 155 899 31 872 42 887 281 816 308 839 445 819 467 835 542 685 576 716 579 744 604 764 442 619 482 657 358 193 401 229 708 1027 720 1067
20150921_131453_image186.png,9ad808db2890dab34f27c6d621e1793e7402e8a6,52,436 0 471 30 403 0 445 45 387 32 422 78 396 105 433 147 442 113 474 142 484 101 507 128 372 126 390 144 352 144 373 170 420 197 446 227 445 178 468 214 439 166 462 198 473 168 514 204 467 181 483 229 384 230 415 265 284 294 309 326 353 336 383 361 408 332 423 356 393 348 425 379 604 276 644 313 413 424 441 456 118 526 159 548 135 546 177 582 244 598 281 635 340 655 378 692 281 742 312 767 371 697 420 740 390 736 415 772 350 745 390 793 313 818 334 838 90 804 123 823 462 677 495 709 513 635 563 675 488 635 515 651 615 732 645 757 147 878 180 904 400 801 422 818 651 291 691 332 533 518 561 547 318 349 337 371 379 176 428 224 10 466 35 489 171 672 200 703 323 726 338 739 292 716 319 755 73 587 106 610 117 587 138 609 60 613 74 634 62 877 76 899 613 940 633 973 621 956 656 996 478 819 494 832 573 678 603 708
20150921_131453_image196.png,700cacd5941b370e296a6adca76fe4db5ef06fd3,55,439 26 480 67 432 72 464 92 474 83 512 128 443 97 480 137 422 128 458 169 524 194 540 222 478 206 513 238 432 196 470 240 407 217 427 238 388 236 405 255 504 254 546 295 474 256 493 284 497 271 518 305 476 270 497 303 450 284 478 314 497 295 513 319 632 362 673 397 681 380 720 418 421 320 448 355 314 377 342 404 425 431 451 463 442 508 465 535 544 718 591 763 488 757 524 789 367 732 407 770 398 781 441 820 274 684 296 712 369 828 415 879 416 817 448 850 422 877 443 901 630 647 649 661 165 619 200 657 148 604 191 622 555 582 584 625 350 389 371 413 638 1024 694 1087 395 422 413 452 30 531 53 564 50 538 83 567 3 609 46 643 97 654 129 687 133 638 167 672 70 685 87 711 81 716 108 737 180 756 208 778 510 693 553 735 621 809 648 832 1 813 20 840 64 803 85 827 101 875 131 907 64 953 79 976 157 960 185 990 327 897 349 920 301 816 327 844 313 798 346 828
20150921_131453_image201.png,e444beecd6a11cab74b6448250d3404237a45462,63,414 54 449 92 447 89 488 132 443 131 483 160 488 149 521 189 455 159 491 202 437 193 467 232 445 257 485 300 486 270 524 298 532 258 550 284 414 279 444 301 397 291 409 308 404 302 421 317 511 317 553 355 640 420 682 458 688 443 720 478 480 316 507 359 456 343 487 374 505 329 524 374 429 375 455 412 440 326 470 339 324 433 355 458 358 443 384 464 348 404 380 417 382 788 422 828 503 813 548 855 416 837 464 879 389 885 434 934 434 874 467 916 445 931 466 962 568 774 616 825 526 753 585 788 277 728 319 767 326 953 359 978 303 875 337 904 313 848 349 884 269 800 290 831 183 794 216 831 105 931 135 962 156 1013 195 1041 67 1011 83 1030 176 670 212 710 158 649 196 670 40 581 74 616 65 586 93 621 71 733 96 759 105 700 144 737 143 688 158 724 85 765 109 787 5 650 47 695 664 1121 712 1159 650 1100 692 1132 618 868 639 887 568 640 594 677 448 562 475 591 0 393 27 416 435 485 458 519 388 472 420 509 291 559 311 578 314 730 354 769 303 640 323 657 59 854 92 877 1 863 25 884 636 709 663 728
20150921_131453_image21.png,56bbc34d39e1cce67324904dde346be728582015,49,376 220 408 251 320 244 347 280 270 257 284 270 293 281 307 299 306 277 319 289 368 319 399 347 318 324 347 358 293 329 324 365 297 377 337 417 381 381 412 417 255 383 284 418 272 428 302 460 363 422 387 446 304 439 321 455 342 488 384 526 250 466 287 500 219 485 253 514 350 526 377 557 423 539 454 575 299 560 331 593 241 511 259 535 216 563 251 588 377 584 409 616 355 596 377 623 271 603 304 630 208 592 239 629 298 646 328 676 308 674 331 700 314 700 338 727 503 654 533 683 485 639 512 662 494 708 520 733 464 690 482 717 442 671 467 691 373 767 404 795 333 755 357 771 485 781 510 799 572 772 600 804 273 887 305 926 444 744 473 766 334 487 361 511 260 611 275 636 155 625 176 646 292 930 308 959 361 895 375 908 418 945 448 968 414 1021 450 1068 463 811 478 833 415 627 434 649
20150921_131453_image211.png,65c94a2368b5f7fe52836243f7402c72a92dcd59,58,387 125 428 159 422 158 469 200 417 202 450 233 465 220 497 260 426 237 466 273 391 263 435 299 416 321 464 367 459 335 499 363 380 346 412 379 488 387 523 423 409 393 447 435 440 411 466 443 613 488 655 524 358 533 392 571 411 444 428 482 660 503 704 539 423 624 456 658 151 742 188 781 136 725 170 747 267 810 297 839 569 840 620 885 526 819 569 856 383 864 424 909 510 884 558 933 428 917 477 955 452 953 485 995 399 974 451 1018 322 1038 351 1061 321 867 357 907 257 879 285 910 613 766 649 792 297 500 333 519 393 780 419 802 461 486 494 502 444 380 483 412 448 394 490 428 479 406 497 438 352 559 371 572 417 555 433 574 121 760 154 805 2 658 21 698 23 670 64 693 559 720 582 745 291 954 322 979 448 1013 482 1059 437 1069 480 1117 84 1033 101 1059 93 1022 117 1045 140 1107 169 1140 49 1108 69 1129 42 815 67 843 77 781 109 821 62 850 87 876 0 735 19 761 493 685 514 718 165 890 192 909 660 1177 691 1209 672 1193 718 1236
20150921_131453_image221.png,9f13f9c2e6d2091b027fcaf137de627db818a13e,48,654 1069 695 1104 641 1045 663 1089 283 918 318 963 365 848 416 897 413 840 450 882 390 801 444 838 542 726 591 776 346 748 389 792 495 706 538 741 223 696 261 730 92 643 139 682 582 656 620 673 396 498 430 543 582 361 629 401 630 381 675 422 248 373 283 405 288 380 326 410 450 400 481 427 452 251 493 289 412 256 458 303 370 259 423 316 381 190 427 234 426 197 463 236 320 206 381 247 354 115 399 161 427 69 466 123 388 89 431 133 376 8 433 57 375 41 420 85 351 318 387 333 317 422 349 448 370 417 392 449 73 619 114 648 61 663 94 706 17 674 54 707 4 731 39 772 117 776 142 801 281 699 301 732 529 589 553 637 491 771 528 819 474 769 505 813 354 843 381 868 226 768 246 795 282 756 323 789 11 994 32 1019 49 907 80 943 107 995 127 1017 266 836 290 855
20150921_131453_image231.png,00271908c10d1357de1817858621c9087be7ab7e,47,602 1021 670 1079 348 826 392 873 376 780 425 816 389 810 431 848 330 723 371 765 458 746 514 799 528 705 575 745 395 879 422 914 94 599 133 643 77 582 111 598 212 666 248 696 481 684 530 723 561 631 606 651 56 628 77 661 389 488 419 511 516 564 542 607 573 335 616 373 625 358 667 397 242 339 283 381 314 386 339 405 359 380 379 412 378 16 409 50 423 38 463 83 385 51 430 93 357 83 400 123 376 150 421 199 430 160 465 184 438 216 497 260 437 245 455 284 404 214 446 250 387 1 425 21 341 172 379 210 323 183 351 213 364 223 408 271 386 245 424 282 12 649 34 676 84 748 125 771 1 702 20 732 207 735 240 770 266 727 295 759 449 550 475 576 56 761 73 792 29 887 57 912 86 966 117 993 258 893 292 918 383 922 406 937 336 826 361 853
20150921_131453_image236.png,0eeb32d9b8ff0e5c34f4cf636f670e01869831d8,46,362 1 400 31 378 27 417 70 416 18 454 61 341 61 387 103 363 130 407 180 408 148 449 177 326 152 354 190 306 169 335 193 400 200 439 253 436 204 476 245 426 242 440 266 337 265 367 304 223 321 261 348 264 335 291 353 289 360 324 408 342 367 365 393 557 326 604 361 609 346 652 384 378 464 396 494 39 594 59 636 60 557 95 577 78 577 111 619 192 650 234 682 314 706 359 749 364 759 415 796 382 794 419 832 334 808 382 858 244 877 271 900 386 862 407 893 604 1020 642 1057 586 1003 615 1040 514 688 565 736 468 665 507 699 540 619 571 632 345 206 393 254 369 218 403 267 430 536 457 564 479 549 529 598 54 724 93 750 183 717 217 751 23 739 52 770 2 867 25 900 53 947 82 978 211 788 252 815 455 732 498 776 443 727 479 765
20150921_131453_image251.png,06fac28743b63366ed9a2466223a3a5d41557bc2,37,302 33 351 84 351 56 395 93 231 54 280 101 290 114 334 174 331 118 377 169 374 108 402 159 480 247 520 286 528 269 567 312 251 198 271 232 187 228 222 276 138 221 186 264 207 277 239 305 5 496 38 539 121 564 164 605 253 623 303 675 414 580 445 634 449 607 505 652 178 636 220 665 390 645 447 693 316 677 363 714 267 708 328 779 332 711 374 754 336 774 363 812 277 807 298 839 116 644 160 672 159 792 186 819 214 135 232 159 343 462 373 489 148 706 169 749 500 928 548 961 493 907 517 943 635 971 689 1018 270 255 293 297 0 474 13 500 546 927 573 946 611 970 646 1000 708 769 719 798
20150921_131453_image26.png,e621d55d9c40982ff935514081e85dc8698ad2f3,48,398 240 430 272 343 263 370 300 284 273 297 287 307 298 323 316 321 293 334 307 315 348 346 387 342 344 365 376 392 339 422 369 403 400 433 436 328 396 361 434 287 399 310 437 295 448 319 476 323 456 341 469 385 439 411 465 361 508 403 545 371 544 404 573 270 482 309 519 237 501 276 530 441 558 477 592 261 529 282 553 318 578 350 615 398 601 432 635 373 614 394 642 239 580 267 610 231 612 266 644 230 633 247 647 282 624 325 656 319 666 350 694 330 690 354 714 336 716 364 750 528 673 560 701 521 726 541 751 395 786 428 820 305 919 338 959 295 948 322 986 352 769 377 789 347 464 367 489 467 692 489 709 519 701 537 721 479 720 505 745 464 764 495 786 367 296 381 313 312 399 333 437 303 910 324 931 383 920 405 934 439 1043 468 1082 592 793 619 819 503 801 528 815
20150921_131453_image281.png,936625cc7af665595e46daac42827dda1a8dbd77,40,472 1 507 42 429 0 475 46 393 8 438 63 335 42 377 86 364 68 384 108 294 105 318 146 241 99 283 137 295 158 328 193 324 153 357 177 565 137 608 172 613 166 651 203 88 356 118 373 108 378 144 415 69 393 101 442 206 454 263 488 272 452 285 477 360 516 412 563 556 497 598 538 518 476 543 515 480 538 546 577 414 562 474 607 446 608 476 635 392 613 433 660 237 675 263 697 342 690 382 718 352 712 385 742 569 803 604 837 451 660 466 690 170 654 198 676 232 594 248 614 227 246 249 269 204 524 243 553 510 362 528 401 0 413 29 444 27 516 65 550 1 537 25 569 371 600 395 618 49 739 75 770 603 802 623 826 283 521 311 553
20150921_131453_image31.png,02c0fe8dad1ee88e152bd428de3410a033d2b26c,47,408 223 441 254 350 248 376 283 406 322 429 353 321 337 354 366 283 383 311 417 328 381 368 417 410 386 440 420 389 424 414 449 299 428 331 459 276 467 314 497 243 483 275 523 372 492 406 532 379 530 407 561 449 547 480 580 248 566 272 591 327 565 361 598 241 597 264 622 235 615 250 632 299 607 318 630 409 590 439 621 384 606 408 630 326 653 359 679 344 706 370 732 341 681 363 699 396 774 432 802 322 902 348 915 321 911 361 952 309 936 332 970 450 1038 480 1075 529 660 555 690 471 680 494 703 352 453 369 473 376 273 390 296 287 616 308 633 438 633 453 658 524 710 547 737 527 686 538 707 560 654 574 674 472 752 497 774 364 756 384 776 306 846 343 883 452 958 470 983 594 778 624 812 504 785 529 803 544 798 559 820 259 726 275 746 266 508 284 531
20150921_131453_image36.png,a613f01b059531b1e5b390aa250c20da4ff618c8,47,439 211 476 245 385 234 413 272 349 324 392 364 434 311 465 343 411 263 436 287 367 370 401 411 316 374 345 410 351 382 374 411 335 422 359 453 441 377 475 413 421 416 450 437 276 478 315 512 308 460 350 492 300 506 322 525 404 485 444 523 391 446 405 465 412 522 443 555 480 538 512 575 276 555 308 580 359 556 392 591 416 594 439 621 438 583 479 617 271 587 304 623 266 607 283 626 330 600 367 628 334 571 362 593 359 645 389 675 339 844 370 874 440 763 472 798 373 672 399 697 372 695 406 734 466 623 484 650 509 744 530 770 501 671 523 689 554 707 583 735 559 656 591 685 532 778 550 797 620 772 652 808 567 796 584 813 353 878 391 909 358 900 399 938 337 929 373 968 480 1034 519 1072 319 610 335 633 398 750 420 770 649 727 669 755 591 653 607 663
20150921_131453_image391.png,91b63a67668070c750ff4bfb4ed8d48f2b94a186,82,315 1075 360 1124 599 893 649 942 118 1250 145 1277 30 1134 77 1178 58 1228 96 1270 229 1082 254 1126 1 1066 38 1114 67 1055 91 1093 378 1013 421 1053 43 911 85 960 260 827 308 879 400 849 429 884 52 790 79 829 13 876 30 914 386 760 438 797 363 734 399 774 380 690 423 733 457 676 500 723 457 729 494 758 556 786 588 815 646 636 686 667 672 638 715 683 629 651 675 681 255 650 291 684 222 648 260 684 288 646 325 681 96 648 133 695 85 606 121 639 602 780 645 820 405 605 442 636 362 589 397 606 336 618 359 637 254 514 299 557 268 551 302 593 187 521 229 559 232 554 262 570 308 524 344 560 414 515 445 545 450 458 491 502 432 445 475 496 327 483 371 527 621 422 663 466 569 451 605 488 549 501 593 540 409 392 463 427 412 337 445 376 553 384 597 416 492 348 535 396 516 404 552 428 519 261 562 299 467 338 485 364 510 297 540 322 581 224 616 260 559 276 590 308 274 286 314 308 334 225 363 268 536 171 578 214 387 148 423 182 406 69 443 111 435 26 463 65 348 5 396 57 389 43 421 85 455 71 481 118 643 720 682 757 12 1 50 20 5 1 31 22 372 512 404 534 21 376 67 402 49 344 70 372 84 374 120 403 183 953 212 982 534 942 573 964 691 869 720 897 422 175 440 213 435 184 464 219 28 1220 60 1260 46 1211 76 1240 7 1216 39 1255 604 1085 628 1102 53 524 82 544 8 605 69 643 229 687 253 710
20150921_131453_image401.png,b07a0c5d7b974f98ec483f58a82d3943ba964364,93,582 104 625 145 623 156 662 193 563 197 605 239 453 0 494 45 499 5 527 45 466 112 504 147 459 275 490 316 514 270 528 304 556 231 581 255 605 209 634 233 458 329 501 367 663 357 706 395 597 325 635 356 538 290 576 330 480 385 521 431 480 362 508 385 374 241 405 258 557 332 578 355 577 354 595 366 500 402 539 444 448 458 481 485 468 445 499 467 299 460 339 500 308 500 346 536 273 501 298 515 372 428 412 467 405 529 438 553 445 546 478 579 612 384 648 426 601 431 642 475 261 593 291 630 289 599 324 636 320 591 358 626 424 629 467 668 493 615 539 663 321 766 350 798 302 790 333 814 637 826 685 875 589 718 627 750 435 702 480 736 401 679 444 709 422 705 445 725 91 860 135 906 57 825 77 860 5 751 47 801 1 758 14 804 98 740 132 779 220 896 252 922 366 821 383 839 445 787 466 808 360 1003 411 1058 83 1077 128 1111 78 1161 113 1200 58 1154 90 1194 277 1021 307 1057 428 942 466 982 51 1007 87 1049 102 1000 135 1032 633 1009 665 1032 689 570 720 613 674 581 710 616 352 477 380 506 236 477 269 506 58 554 91 592 128 543 161 584 139 595 173 640 0 700 21 727 0 623 22 650 69 323 104 351 80 291 108 322 123 321 157 352 0 395 24 414 307 222 329 242 83 514 104 534 499 666 521 688 376 562 397 594 343 561 362 575 436 0 458 9 367 929 399 968 569 868 600 887 651 712 674 740 577 602 609 623 463 943 487 969 632 414 669 448 602 556 629 580 98 1239 137 1280 1 1223 14 1254 101 1169 138 1205 162 1178 199 1209 323 1168 367 1214 262 638 274 659 98 1151 128 1170 615 968 636 996
20150921_131453_image41.png,11949ebfdbdbec4739e9c07e613a7087f59dd802,50,482 229 517 263 426 254 454 290 392 336 426 378 421 336 438 368 408 389 442 428 354 395 382 428 483 397 516 429 367 438 394 467 462 434 492 460 443 504 482 542 450 541 482 572 351 478 389 510 316 496 349 531 340 525 363 545 399 576 429 608 481 605 513 630 305 607 342 641 400 665 430 693 318 576 347 599 370 623 402 651 413 714 446 750 479 789 502 812 376 596 407 613 389 910 433 951 369 950 405 988 458 614 481 642 452 286 464 309 475 337 503 360 425 459 446 484 358 629 375 659 520 556 550 591 497 643 536 665 408 693 434 719 402 750 422 764 539 692 564 709 600 675 631 702 595 700 611 724 594 725 616 758 561 722 580 743 543 768 569 791 660 798 689 822 528 1052 573 1096 522 972 552 999 371 864 394 894 437 775 463 797 412 789 433 807 601 816 624 834 562 799 587 814 684 746 710 779 191 690 212 707
20150921_131453_image46.png,b9d9650747ae02141ed4d210a0d58d1a33c10e83,46,494 241 530 271 439 265 467 300 407 349 447 384 427 401 458 439 501 404 532 441 482 444 511 471 388 450 412 484 368 407 402 441 347 450 379 475 367 487 404 525 333 509 374 544 462 513 500 552 357 536 380 558 468 549 500 584 417 585 447 619 498 617 528 643 339 583 362 612 324 624 340 658 339 615 355 650 389 630 421 660 418 672 449 705 430 702 454 729 431 728 465 761 537 566 569 599 519 653 553 685 499 802 528 818 397 935 433 973 550 985 574 1015 466 289 493 317 471 625 498 654 396 607 423 623 10 706 39 734 31 644 54 669 1 649 19 675 191 699 216 715 265 727 285 739 456 785 483 805 387 965 406 997 24 932 52 954 556 1067 591 1107 482 941 498 960 434 805 452 818 564 773 590 804 578 725 597 752 617 685 657 714 611 730 639 768
20150921_131453_image6.png,46255817053c7f30a23f805f2e95d2e3c51939b6,48,373 232 406 261 320 255 345 290 371 329 396 359 291 342 321 370 301 388 336 422 379 392 408 425 274 436 299 463 296 291 308 308 307 286 321 303 249 474 286 506 338 496 378 533 277 270 289 280 356 428 386 452 216 497 236 524 245 520 262 540 346 534 378 563 418 546 452 579 296 567 333 600 219 572 250 592 219 601 238 624 206 618 226 638 372 594 406 622 355 604 375 629 499 663 526 683 480 649 508 670 310 700 337 729 309 678 333 702 297 650 326 681 268 897 295 932 249 400 260 420 265 393 280 409 267 615 298 636 493 712 518 736 369 776 401 810 483 789 513 803 336 761 350 776 435 752 472 775 572 777 595 806 342 279 356 304 308 447 317 464 325 463 342 479 531 652 545 669 462 813 475 835 351 902 368 919 334 902 344 915 280 936 296 959 415 956 429 970 404 1031 434 1068
20150921_131453_image601.png,a312d00b972c22f936b39ef3217634b16a653e8d,35,270 800 309 836 229 784 261 806 290 664 321 692 265 629 287 658 297 633 310 649 282 849 317 884 247 857 268 886 213 850 232 873 223 821 242 834 168 821 192 851 347 939 371 960 365 871 392 896 342 732 366 751 269 673 290 694 247 708 267 719 476 923 501 949 503 883 536 915 566 854 592 875 595 911 625 937 594 948 631 974 636 892 665 919 656 907 687 935 598 365 644 400 644 333 681 372 619 717 651 749 597 786 637 822 636 918 661 941 592 869 608 892 649 779 679 816 632 798 657 811 624 746 664 778 650 1004 670 1027 658 849 684 874 682 840 709 865 711 808 720 820
20150921_131453_image611.png,874a9af7f7fdef5b1a950fb9237d4425f25e7ee0,21,341 612 368 644 375 643 415 677 348 654 369 678 317 691 345 716 308 768 343 790 358 785 397 819 245 811 267 838 294 837 318 859 382 837 408 868 306 807 320 819 597 858 630 893 571 897 598 928 459 856 489 877 442 923 469 943 690 319 720 358 703 754 720 787 653 827 679 847 691 840 713 867 697 885 720 912 701 931 720 952 330 832 353 860
20150921_131453_image626.png,8b737754d036b3f1d0e146c4fa202a72dc7a53ed,16,397 569 428 602 436 606 472 635 403 615 427 642 372 653 402 676 354 732 388 753 409 753 450 782 423 800 458 839 339 796 359 819 374 796 393 811 349 766 362 784 289 767 305 799 639 834 675 867 683 802 712 828 617 874 639 901 486 890 505 909 510 829 530 849
20150921_131453_image631.png,8491636c298836031b99b9b7e054783cdecb7e53,18,386 557 410 588 425 595 458 622 389 603 415 625 358 639 387 667 339 718 371 737 396 742 438 766 323 785 346 807 331 756 348 767 273 755 295 786 361 785 379 809 414 790 442 820 617 818 647 846 653 783 681 807 710 801 720 824 433 694 449 715 601 857 621 880 709 846 720 869 467 874 492 892
20150921_131453_image636.png,8e69fd374f614f8af521fbfce477348ebad0e71d,16,415 572 441 602 454 607 490 644 413 618 442 642 387 648 413 684 364 728 400 752 425 748 461 781 358 769 370 782 301 774 316 799 352 796 370 820 668 793 696 818 638 827 673 858 618 869 640 893 513 822 545 847 385 793 405 812 439 801 474 838 464 707 482 730
20150921_131453_image641.png,f8d8c0550242e620867a012a2908211b04ea0092,20,432 548 459 584 472 585 512 621 432 594 459 620 404 630 431 661 379 706 412 730 441 725 488 756 366 774 385 797 316 745 338 776 403 771 420 787 371 744 385 757 457 781 489 816 671 777 702 797 652 807 682 836 2 748 12 774 509 861 530 886 630 846 652 873 482 683 498 710 431 647 453 661 433 762 445 772 22 949 52 974
20150921_131453_image646.png,a7e8101ca9b8c6b8fae430e7423f3f6e85006437,21,492 533 517 563 537 570 572 597 490 575 516 607 464 613 493 635 488 628 504 643 442 692 469 713 507 709 541 739 378 725 394 757 432 729 446 739 428 753 451 783 462 755 483 775 490 744 505 754 538 760 557 786 708 783 719 808 2 738 13 785 56 740 87 774 22 871 50 904 58 941 86 977 104 940 136 971 692 827 709 848 544 672 565 690
20150921_131453_image651.png,53d35e9851c106cfb97173d94e668041ea614e76,29,42 578 81 614 25 568 60 593 1 562 25 606 75 599 100 627 68 636 104 667 67 755 100 788 137 763 171 794 9 763 48 796 80 783 102 812 43 815 78 843 108 894 134 924 143 962 178 1003 184 960 215 994 604 925 623 947 654 870 676 889 606 785 636 822 589 732 629 768 520 713 554 737 460 755 482 788 507 781 534 811 548 780 563 795 575 768 594 788 510 745 531 767 573 555 603 589 619 593 659 625 574 602 605 630 547 639 578 673 573 649 595 659 636 685 652 716
20150921_131453_image66.png,32f1c305c0e092a33fe1068babbe11f8d5437b43,35,276 227 311 268 301 238 336 279 171 223 213 260 148 297 207 337 246 351 290 404 163 362 208 402 233 221 248 243 215 403 252 438 214 442 252 470 244 521 287 557 168 472 195 506 298 475 324 505 320 514 344 542 118 503 147 538 266 593 297 629 351 608 381 636 267 653 305 691 97 697 139 739 227 718 264 764 243 864 269 891 335 495 367 521 205 547 223 567 707 463 720 498 391 603 415 624 371 661 389 701 405 665 427 696 693 593 709 624 699 589 720 616 120 808 144 839 157 828 181 854 79 835 99 855 119 872 140 891 191 858 212 896 260 926 277 945 18 735 37 748
20150921_131453_image661.png,5b2ca8879ecbcdf603aae1b1c8bda61070ebaa83,31,120 567 148 606 143 577 156 606 155 568 189 605 176 587 212 624 211 604 242 639 106 658 131 689 195 645 217 670 212 655 229 673 32 742 49 763 98 760 121 780 123 745 146 769 138 768 174 791 192 764 223 798 202 794 223 818 266 788 291 809 62 830 93 865 160 826 194 848 147 846 163 866 229 903 257 938 273 992 301 1019 309 976 338 1003 711 579 720 607 713 625 720 656 679 663 712 691 701 672 720 698 644 738 680 765 701 797 720 821 631 810 659 840 670 809 689 822 631 775 651 792 569 777 603 818
20150921_131453_image666.png,c725b4814b0a23fb27490bba8c491d011ff7bbf9,23,186 593 210 631 220 595 252 624 239 612 281 650 267 630 295 655 257 671 292 700 186 770 208 799 204 793 234 818 266 790 289 829 265 823 287 848 329 804 357 831 122 864 153 896 386 1007 417 1028 91 773 104 796 352 1021 371 1047 516 1046 545 1080 163 789 187 814 3 781 25 800 229 851 263 877 298 934 329 965 635 795 668 827 699 794 718 812 700 824 720 858 711 753 720 778
20150921_131453_image671.png,a1cbf494b8b5ab6b073216e833b714a938a6fa8f,19,271 634 298 657 232 631 265 677 287 652 325 689 317 660 354 701 306 705 338 735 251 834 292 864 163 902 201 940 315 830 339 865 380 846 412 874 121 809 142 832 42 819 60 836 357 980 379 1005 452 1052 485 1077 427 1071 440 1097 320 858 340 884 281 884 317 917 236 812 255 846 218 723 236 752 687 833 718 860
20150921_131453_image676.png,82c1235158d6d8f31942a46fe69d880bbc0d8a51,30,267 912 297 943 384 896 415 932 358 925 385 947 354 843 389 872 415 839 440 875 417 871 438 896 452 994 486 1023 558 1068 590 1098 532 1097 554 1116 340 822 355 848 313 841 337 860 394 656 430 693 433 672 460 704 337 638 369 678 374 644 410 669 407 715 441 746 11 856 48 891 28 821 57 854 136 818 157 837 107 822 129 840 38 904 69 936 3 915 36 942 312 732 340 758 486 863 504 883 2 550 20 586 1 612 16 638 27 580 63 613 52 598 72 625 66 628 98 651 99 633 129 658
20150921_131453_image681.png,24178c92922d37ddd0fdc46f80c0f2abeecb5345,34,401 631 425 660 439 637 466 657 460 649 486 682 484 662 501 679 499 668 527 702 393 812 415 847 374 833 392 852 415 839 452 867 476 837 501 869 466 865 499 900 442 901 466 926 323 905 354 939 546 863 570 879 471 711 506 743 271 806 285 829 515 989 545 1020 581 1073 616 1118 623 1069 654 1097 602 932 634 955 187 813 207 834 48 549 80 583 80 576 118 611 31 610 70 645 31 642 72 672 103 593 131 626 71 822 106 853 123 628 151 650 152 631 181 653 375 729 400 757 418 921 439 949 2 951 32 984 64 913 91 935 91 899 126 936 65 856 104 889
20150921_131453_image686.png,482c5da334f7fceafd739fc76a18a268cf38f0f7,33,417 637 445 685 461 646 493 672 482 657 523 698 518 674 551 709 484 722 523 750 497 848 520 878 566 865 600 895 430 849 458 880 408 827 433 859 330 916 366 953 496 874 517 909 533 1004 569 1033 82 827 112 863 187 822 208 837 73 865 104 898 97 905 131 943 597 1088 640 1133 632 947 656 969 268 812 288 835 383 832 410 865 47 553 79 585 33 610 72 648 81 579 120 614 109 595 131 628 129 629 156 651 155 630 187 657 30 643 76 670 43 666 74 693 1 953 39 990 71 921 97 943 456 908 492 937 427 927 459 956 641 1083 682 1114
20150921_131453_image691.png,fcfea94a5cbe7725f59e02ed4c567f6293fa7c7f,30,365 669 392 712 407 671 444 699 430 684 468 728 466 698 500 741 436 748 468 774 283 947 315 982 481 1032 522 1063 554 1105 595 1151 567 970 596 1004 516 889 542 918 443 874 469 904 442 902 468 934 382 875 413 911 412 936 433 965 357 855 387 889 129 856 149 884 208 851 228 868 328 860 362 894 602 1108 632 1136 43 949 77 985 21 904 56 937 13 953 44 990 32 860 51 887 51 638 77 667 24 617 65 651 3 590 27 619 1 649 16 674 103 667 132 691 1 679 16 705 2 704 18 731
20150921_131453_image701.png,f8c78f267fd8e05454398ecad7691149f1078dc3,27,353 712 385 753 397 714 429 740 413 733 455 770 446 749 487 779 415 789 452 818 338 890 376 927 363 915 404 951 430 910 454 944 492 933 522 955 432 943 447 967 394 977 419 1001 260 988 293 1021 549 998 582 1033 470 1065 507 1098 1 655 35 693 27 674 56 710 75 711 103 734 45 709 75 727 61 904 84 927 88 899 110 922 315 905 342 934 548 1137 589 1174 595 1126 634 1158 1 906 21 929 4 942 30 982 28 992 59 1029 2 1004 29 1030
20150921_131453_image711.png,e1ebfe0c0c59e65d0205488f254d949d2c6076ef,26,373 771 404 813 414 772 437 800 434 785 473 821 467 803 501 833 435 847 464 874 451 968 471 1001 357 954 387 987 386 976 417 1001 513 983 537 1009 451 991 465 1026 275 1046 307 1079 415 1033 434 1060 565 1051 593 1085 489 1124 524 1155 571 1191 601 1222 621 1178 648 1206 8 717 50 758 33 737 66 770 57 769 86 788 87 769 115 793 335 861 356 886 328 962 358 990 27 1054 73 1094 25 1010 49 1039 64 969 80 989 96 959 118 989
20150921_131453_image721.png,3acbdc929cc5a813caa9f7a060d2015ce46b5a79,29,383 772 414 818 423 780 455 807 442 790 482 835 481 810 511 842 442 850 475 883 340 864 362 890 359 894 383 909 364 953 395 984 390 978 426 1013 455 975 477 1009 519 997 541 1017 338 963 355 989 452 1005 469 1031 280 1049 313 1081 417 1041 442 1067 570 1064 597 1094 495 1128 527 1162 578 1198 606 1243 626 1188 655 1219 21 1065 55 1095 53 1053 81 1088 29 1011 54 1040 97 957 120 980 66 964 85 992 3 687 20 714 17 716 56 748 46 735 72 765 62 766 95 788 93 766 124 792
20150921_131453_image731.png,bf5456a5cfce0a410fe060f78e24e5fd2d873b1d,30,464 759 497 800 506 764 533 788 523 775 562 813 558 793 589 828 520 835 552 865 417 849 442 873 448 941 475 970 471 965 506 993 539 957 560 997 507 1021 534 1049 361 1033 396 1076 419 953 441 975 582 1108 618 1145 671 1180 702 1214 651 1047 685 1080 600 978 624 998 55 1099 94 1131 119 1040 165 1088 117 997 143 1022 169 947 193 966 1 959 38 1002 54 733 84 761 2 763 37 804 2 850 39 885 37 767 82 794 62 674 94 708 90 702 133 740 117 721 148 757 139 752 167 774 166 753 194 777
20150921_131453_image746.png,876a334575ea33b38b504d5da12829366fd5652d,54,145 5 184 40 204 27 248 82 143 125 182 172 54 132 93 177 69 183 95 205 44 213 60 239 113 197 130 214 141 213 166 229 82 238 97 254 36 244 76 287 178 299 201 335 26 286 62 326 50 354 81 382 72 377 97 403 20 418 42 441 66 509 84 524 27 567 54 599 79 547 114 582 176 516 215 558 169 446 206 488 196 426 218 441 231 528 267 565 181 549 225 575 210 591 256 629 161 589 192 616 45 618 71 646 657 601 683 624 712 696 720 722 664 777 684 797 224 699 259 739 257 699 288 737 8 652 29 694 68 684 105 722 114 678 136 709 88 750 113 770 88 770 120 798 194 735 225 757 290 701 320 724 351 656 377 686 321 636 360 671 246 759 273 798 144 879 176 916 260 889 301 928 263 787 302 817 370 686 399 709 396 689 420 712 250 976 280 1018 326 1023 357 1053 370 984 399 1011 398 984 414 999 370 930 395 953 598 961 635 997 660 876 696 906 704 870 719 896
20150921_131453_image76.png,c3fb3507a4873e4ba3845e63789dacb364e2fe73,34,293 225 332 262 362 214 378 241 408 221 446 262 431 234 468 273 288 302 331 336 368 354 405 400 424 478 449 501 240 506 278 540 365 520 407 559 213 705 251 733 390 665 413 683 483 608 509 636 499 667 518 694 196 837 218 856 238 878 259 898 17 353 49 387 44 372 76 401 458 496 494 521 54 938 86 979 367 877 402 912 402 768 421 792 296 373 329 399 341 400 374 432 342 444 372 470 102 591 115 614 266 471 284 497 389 592 411 617 400 477 415 489 524 603 545 628 351 718 391 765 209 1005 225 1024 241 804 257 841 274 842 303 863 307 870 330 902
20150921_131453_image801.png,b26a433281ead5ace8db6295467ddb1ac2b67b48,70,380 235 416 265 451 261 495 310 408 344 454 390 305 343 341 384 283 413 316 447 285 389 307 415 312 390 332 409 332 398 350 418 284 446 322 484 330 443 351 455 360 421 381 441 378 419 411 440 373 337 404 352 269 483 304 519 377 494 414 531 232 540 270 567 227 575 252 603 257 601 286 626 282 566 310 585 152 600 175 627 141 556 156 573 196 679 213 704 262 689 292 714 423 639 461 672 425 701 461 744 396 720 435 755 435 622 454 642 224 833 267 873 166 818 198 844 183 752 202 784 257 743 297 772 461 776 494 815 416 885 452 917 495 881 530 921 417 1071 460 1114 130 953 161 977 160 961 198 1007 357 907 378 940 434 1153 468 1188 395 1115 430 1154 64 1231 99 1262 239 1067 264 1095 462 946 489 976 494 973 521 1001 471 888 490 910 477 851 497 876 494 1171 537 1213 550 1213 587 1253 565 1110 599 1146 588 1174 626 1202 522 689 549 708 499 1079 530 1120 254 994 280 1014 123 1248 165 1280 274 1240 292 1269 508 1026 541 1046 483 721 520 751 216 740 246 769 198 500 212 515 143 876 162 898 254 867 299 901 276 788 286 803 211 637 221 647 191 556 204 568 177 650 186 664 265 540 278 556 208 931 230 946 532 1064 553 1090 581 1052 592 1065 141 1233 170 1259
20150921_131453_image81.png,265a174031d9a17c7d74181e9c39ff15be495a9a,35,318 242 357 279 384 230 400 257 429 236 468 277 453 249 490 288 312 317 355 351 393 372 430 418 315 396 341 415 365 430 390 452 449 495 474 518 293 502 326 524 264 528 302 562 404 548 433 579 414 615 448 650 239 732 277 760 416 689 439 707 514 545 532 568 511 627 537 655 531 687 550 717 452 831 474 891 404 896 434 920 427 954 453 974 227 868 249 887 265 904 286 924 33 378 65 412 61 396 93 425 487 511 523 536 367 466 391 489 116 618 140 637 548 615 576 654 579 688 599 714 304 865 332 887 77 972 109 1013 331 899 360 934 45 917 85 951 402 768 421 792
20150921_131453_image831.png,2fe9595471f58523a683527fc5fb8b1131eb4c9c,54,330 105 366 138 404 141 450 186 258 216 295 259 374 224 415 266 236 282 272 319 239 318 279 360 237 261 257 285 267 261 286 283 171 411 206 444 222 352 261 391 307 295 336 321 336 294 366 314 166 448 202 483 215 431 252 458 213 472 242 498 156 548 178 577 216 562 245 586 381 575 422 612 412 640 448 679 220 613 257 646 138 621 158 652 199 698 235 737 249 666 287 698 225 645 250 680 117 683 151 714 108 807 135 833 147 820 175 862 361 744 399 773 412 744 433 773 450 741 482 775 407 800 437 826 380 908 420 945 344 954 376 989 294 928 319 960 40 1072 70 1103 378 992 410 1016 482 1035 516 1065 677 971 708 1001 440 1009 465 1036 433 825 463 847 120 574 146 590 438 991 463 1009 433 582 468 618 321 371 352 407 96 738 127 763 109 469 131 499 166 610 196 640 196 608 214 639 347 590 381 604 228 699 249 737 153 710 191 747 90 1092 128 1125 493 945 528 979 410 693 452 720
20150921_131453_image841.png,ed4e1275ec7c2e670bbbe04f8f44f58ad4f319a4,54,337 35 369 67 410 68 452 116 379 154 418 200 265 147 300 187 246 195 261 217 274 193 296 217 333 227 372 250 313 226 338 250 244 215 264 254 251 251 289 291 234 289 272 325 177 348 212 374 175 383 204 413 225 366 249 390 347 320 365 343 207 401 219 414 224 410 248 431 383 507 421 539 228 498 257 519 171 488 192 512 412 574 444 608 233 547 270 577 216 630 252 668 235 577 262 610 260 597 300 624 248 632 263 655 132 617 165 646 149 557 169 589 162 653 188 675 132 739 159 765 175 752 200 790 366 670 394 701 438 674 474 701 413 672 431 701 408 725 438 750 445 748 459 770 388 827 426 861 186 643 218 677 177 544 202 557 383 450 411 466 320 303 353 338 435 524 464 551 354 877 384 908 660 886 695 917 710 755 720 781 710 710 720 727 713 732 720 752 705 794 720 809 65 991 99 1020 114 1010 148 1042 148 990 171 1019 435 910 465 947 494 860 521 900 481 950 511 981
20150921_131453_image86.png,0950b1cf4c85c4476d1c25015a580093ae5d4496,36,312 249 351 289 377 239 393 266 424 244 463 285 450 257 487 296 393 385 430 431 367 446 392 468 449 512 474 535 291 511 329 536 264 542 302 576 403 564 432 595 413 630 447 665 237 754 275 782 413 710 436 728 510 648 536 676 530 709 549 739 470 856 502 917 215 893 249 912 274 929 295 949 22 388 54 422 51 406 83 435 482 528 518 553 579 703 599 729 309 891 337 913 75 1001 107 1042 36 939 76 973 402 768 421 792 298 339 316 369 307 396 341 426 426 508 440 521 100 635 128 652 495 569 530 598 552 637 575 666 180 1019 205 1043 332 932 367 950 416 921 452 968 443 984 480 1014
20150921_131453_image891.png,98da27296731bec178282d297d829efb9071b783,58,80 233 117 263 109 277 145 308 41 322 93 365 101 382 140 415 24 374 75 416 253 502 291 536 217 478 241 497 91 545 130 580 308 653 342 692 373 685 409 723 144 742 181 786 229 546 257 580 161 515 200 553 15 851 59 890 2 780 28 827 72 912 105 947 167 1068 205 1110 162 1114 202 1157 310 930 346 971 196 940 236 972 331 999 356 1037 309 985 337 1019 580 1140 611 1167 279 628 317 658 132 594 157 620 677 447 717 470 684 482 718 521 696 588 720 625 660 664 687 700 639 733 673 763 665 864 701 896 618 791 643 809 660 778 675 803 272 726 300 756 316 738 342 762 15 561 36 590 53 564 67 586 53 662 64 683 11 651 29 668 0 703 14 725 182 601 212 641 216 587 241 609 278 561 296 593 1 814 27 853 2 968 50 1003 380 994 411 1022 365 1022 401 1055 449 1068 476 1097 536 970 573 1003 483 1209 522 1257 463 1209 485 1236 459 1247 485 1279 628 1155 663 1191 654 1132 689 1166 706 757 719 790 689 652 720 673 333 700 363 726 396 857 428 883
20150921_131453_image936.png,3dccb12db0c99b38f039c975698ea2d644a28935,44,213 246 233 269 226 307 254 333 246 349 277 375 190 388 228 425 179 394 197 426 231 444 263 477 164 450 201 477 316 572 353 607 325 650 365 690 264 637 291 668 179 704 204 737 178 611 193 635 92 729 133 760 100 756 137 782 136 820 171 855 141 854 168 878 110 859 142 893 191 887 229 932 79 910 111 941 45 930 85 968 118 1014 156 1046 20 1099 66 1149 456 1034 487 1064 466 987 496 1028 508 1030 534 1054 439 966 461 1003 432 1027 450 1054 329 986 357 1007 300 784 326 826 372 771 403 799 418 702 449 739 469 734 500 769 616 1234 663 1279 209 597 239 632 393 622 411 650 187 1001 212 1032 312 1098 346 1142 310 1140 347 1187 691 1168 720 1190 681 881 706 897 653 937 671 954 708 833 719 858 300 609 317 625 707 586 720 602
20150921_131453_image946.png,161317452297f6d1f95dc0b7786684ba5668e398,44,225 892 267 936 165 825 204 865 140 866 178 905 174 862 201 884 113 920 146 957 77 946 121 983 323 784 368 829 118 734 160 767 120 764 157 790 247 291 279 324 231 236 252 252 216 380 251 420 200 388 222 417 250 436 287 470 188 435 221 472 291 453 317 477 367 561 403 599 393 641 437 684 359 635 391 661 451 697 485 728 502 723 538 760 406 765 434 792 229 597 263 633 286 636 320 663 200 701 217 731 503 1026 537 1062 467 1020 500 1056 222 1009 256 1041 53 1119 107 1173 151 1027 189 1062 346 1148 386 1193 354 1106 395 1151 350 654 379 683 422 679 459 699 292 568 318 593 466 735 493 766 460 775 479 794 560 1020 583 1051 458 968 508 1001 361 976 406 1014 514 1057 552 1091 278 334 300 365 688 923 714 946 678 1229 715 1262
20150921_131453_image951.png,e4853c0c8a55d1cee21c207f3a538ed376ba2b50,54,252 245 276 264 268 309 302 339 295 349 322 379 237 396 274 434 223 404 249 432 273 450 310 483 206 449 246 487 384 579 421 616 315 468 341 491 410 662 451 702 482 709 515 744 250 616 287 644 135 751 179 786 318 653 347 681 196 845 228 882 263 914 302 959 196 880 229 904 168 891 206 929 363 807 394 845 281 492 297 510 228 722 247 755 149 778 187 810 106 970 147 1009 144 945 175 976 183 1050 218 1086 90 1148 146 1199 391 1131 431 1176 386 1177 426 1221 259 1049 268 1068 535 1057 572 1089 504 1046 534 1079 506 991 542 1018 594 1046 617 1077 533 739 562 773 434 784 460 816 399 1013 435 1040 489 992 507 1017 340 1100 346 1116 436 1050 469 1076 239 664 256 687 219 627 240 651 295 680 316 698 353 621 368 636 326 433 338 453 349 450 364 467 367 438 385 458 456 690 483 714 374 673 403 697 355 670 377 688 324 616 347 634 318 589 339 607 107 1118 132 1140 482 751 521 774 383 644 423 676
20150921_131453_image96.png,22380aa2e45b1de34837adff8d80e521587cd577,38,505 207 542 250 526 217 562 262 380 205 419 248 374 230 389 247 464 348 503 396 377 365 418 399 359 289 400 333 68 352 103 384 99 374 130 402 358 478 403 513 332 510 380 550 2 636 29 668 284 638 308 667 142 602 173 631 465 533 505 563 442 447 463 468 553 500 591 530 557 542 595 578 303 728 327 767 488 605 528 641 468 681 493 702 453 751 490 790 596 686 628 724 576 618 610 654 624 609 647 636 647 684 669 712 692 740 719 765 261 869 320 903 356 861 385 894 428 758 456 788 492 925 532 976 545 875 606 923 517 1003 556 1044 399 292 418 324 1 558 16 586 404 972 436 1000 80 930 121 962 399 428 416 446
20150921_131453_image966.png,7ab8a5cf0b283e6689e2ee0e3c8f757028ae17ae,43,293 276 316 302 316 348 339 374 276 430 314 471 258 433 284 469 310 486 347 518 242 486 281 522 408 617 445 649 288 650 324 681 419 698 457 741 356 690 385 715 273 702 293 722 392 659 409 670 259 755 286 792 182 794 228 828 182 817 217 848 232 887 268 928 234 921 263 944 203 928 240 970 299 961 340 1007 169 987 209 1026 138 1014 173 1048 220 1102 256 1135 304 1080 328 1106 128 1196 184 1255 445 1182 487 1226 444 1227 487 1276 582 1101 625 1136 549 1037 587 1076 584 1226 626 1261 403 842 442 896 516 749 554 786 576 778 609 809 341 383 363 413 353 504 376 526 495 666 511 689 292 815 312 842 472 821 509 855 528 789 561 816 527 835 549 855 551 1091 583 1129 646 1096 669 1126 443 1055 479 1084 533 1039 548 1061
20150921_131453_image986.png,9c56b768cde8207e5bf725c878f4aa98c51a09b1,46,246 170 268 192 260 242 299 268 283 277 317 308 229 317 271 360 207 324 245 356 261 380 300 410 301 396 332 416 363 505 405 537 380 582 416 624 229 541 267 571 209 636 236 678 139 662 184 697 136 685 167 733 306 581 338 606 184 763 223 798 160 802 208 843 128 850 167 884 99 880 142 922 260 821 298 864 254 934 293 972 92 1042 145 1091 377 1026 425 1074 170 956 211 990 461 638 490 669 499 660 542 706 368 1065 416 1111 375 912 417 940 511 951 552 986 474 890 515 928 568 943 588 977 470 943 508 977 400 704 443 742 353 490 375 509 342 546 359 562 440 559 452 579 313 534 335 562 308 513 323 533 357 721 385 763 186 793 214 813 678 1131 718 1175 584 1227 614 1264 537 1220 569 1263 662 804 686 827 679 823 707 856 671 722 702 749 463 678 487 696
20150921_131453_image991.png,99bcc424b24bbd247ae2e907070924eeb84a287b,57,237 177 258 191 250 234 287 261 274 276 307 306 218 316 255 355 198 321 220 346 184 367 224 408 253 379 289 409 294 394 322 417 252 414 267 434 356 503 390 536 338 486 360 502 196 445 211 461 296 509 313 531 303 533 323 557 272 510 291 536 335 543 346 555 292 570 325 601 358 581 398 622 205 637 231 668 139 666 181 701 123 690 159 721 177 754 214 792 179 791 205 806 150 795 185 831 118 848 154 874 90 871 123 901 347 712 378 756 256 817 292 854 255 920 295 964 169 943 202 973 89 1030 143 1080 372 1009 412 1051 366 1051 409 1094 534 1210 553 1241 579 1211 612 1248 668 1120 708 1155 500 938 530 972 370 900 405 929 468 886 499 916 551 936 577 961 471 940 498 960 442 630 474 663 486 657 521 690 396 699 427 730 224 536 256 563 427 556 441 578 450 712 462 736 237 695 254 736 212 586 227 604 646 1168 671 1192 636 843 657 867 645 798 667 820 681 815 691 834 663 819 673 841 677 791 693 805 658 713 679 736 362 667 379 680
20150921_131453_image996.png,834012e60c20f9fc67208def8f01e5a35cb5e966,57,250 231 281 260 271 274 300 303 233 168 256 187 216 312 250 352 197 319 222 348 245 370 282 403 183 368 217 400 344 496 378 532 352 576 380 617 281 564 313 593 193 628 225 658 432 625 465 658 473 654 504 687 402 549 429 570 213 528 252 563 126 656 169 690 111 672 146 713 157 742 206 787 286 502 307 528 288 455 310 481 285 388 309 412 140 783 174 820 333 704 367 747 229 693 246 730 382 692 415 726 244 805 282 844 105 836 146 864 77 853 120 892 157 931 190 962 80 1012 134 1062 359 999 398 1040 358 1041 389 1080 485 934 517 961 454 927 483 955 446 876 483 908 357 884 397 919 243 908 279 946 641 1105 686 1149 432 658 463 692 433 702 456 733 380 645 395 673 703 1041 719 1063 179 434 198 455 336 479 354 502 326 535 340 553 293 527 316 552 200 574 219 596 70 762 87 792 555 1195 579 1235 510 1191 534 1228 534 926 555 953 636 711 658 732 705 745 719 765 667 729 689 743 623 792 643 811 643 812 670 834 610 837 632 857
20150921_131625_image1.png,8b153d6747e7adeebc126cdab442b3d955539bcc,61,284 130 310 153 344 136 380 176 383 154 400 168 392 162 407 178 315 155 355 199 315 196 353 235 370 218 395 254 372 234 415 278 418 298 458 336 387 300 420 334 340 279 353 299 399 341 438 383 374 388 410 420 473 403 495 433 442 408 477 433 399 408 438 439 345 414 370 443 286 341 311 377 292 311 310 345 419 458 456 501 472 486 501 510 462 535 506 568 442 524 479 550 417 507 440 529 388 562 431 603 423 629 463 664 364 621 385 644 315 612 355 648 146 589 194 630 223 623 256 655 263 626 286 658 365 667 397 708 418 702 436 724 173 657 207 688 150 672 171 696 284 752 312 781 354 750 381 787 248 685 269 717 2 745 36 782 265 801 303 831 332 878 353 904 270 873 303 906 495 824 527 859 526 825 545 857 23 808 65 840 58 817 82 837 347 909 375 937 214 969 250 1001 287 940 317 981 82 928 101 957 101 938 127 958 312 1124 333 1162 326 1128 357 1163 131 846 158 874 34 953 57 978 298 235 310 263 239 600 260 622 650 736 685 762 387 1050 403 1069 154 1080 179 1111 224 691 247 720
20150921_131625_image1001.png,135e1b0cf6ad2422676c889ed2848646c2143dbc,60,422 231 456 263 516 155 561 186 561 155 593 190 563 188 600 226 520 187 565 236 437 270 471 285 526 283 555 317 387 314 412 335 33 372 63 402 19 367 43 389 25 392 54 414 1 529 34 563 385 550 429 584 435 334 460 372 404 350 440 392 467 378 503 413 564 369 590 393 566 407 603 444 592 419 628 455 430 436 448 454 506 553 532 580 375 607 409 644 452 642 482 672 464 620 508 658 524 666 550 695 555 648 590 679 584 663 622 690 556 671 592 700 457 667 490 692 380 662 403 683 426 714 460 749 494 716 522 738 507 812 536 851 534 797 572 839 586 705 610 737 60 739 86 769 55 798 94 835 79 839 93 864 99 874 138 907 351 755 379 781 405 764 432 812 401 730 443 753 470 807 512 849 351 860 383 892 307 781 343 808 392 788 412 812 337 797 364 816 101 957 139 995 162 999 188 1031 128 1117 158 1148 121 1099 147 1124 215 1089 236 1115 592 954 633 999 630 1021 673 1061 523 838 559 864 470 544 506 578 283 718 300 737 261 621 273 642 40 1007 70 1035 48 1086 58 1110
20150921_131625_image1051.png,e2f4a14f4de19b5757d4c6bb3a90756e5b37aca6,53,351 373 389 409 452 324 487 369 454 294 488 320 484 290 527 326 499 329 528 364 514 318 530 336 367 409 405 455 482 417 518 451 382 457 409 498 308 450 350 482 342 492 385 528 418 519 458 551 512 543 550 582 539 554 579 591 411 689 450 722 445 693 478 726 266 700 311 737 255 725 283 754 297 755 323 790 337 766 349 795 280 798 315 828 311 809 347 838 192 807 233 831 236 766 265 786 407 768 438 797 415 782 460 826 432 817 463 842 487 799 519 834 520 810 557 849 497 832 526 857 474 868 504 898 522 876 537 898 367 873 407 912 455 907 481 921 336 923 372 960 331 952 350 981 346 952 369 977 269 1035 309 1071 83 1180 111 1216 416 985 467 1023 462 969 504 1013 465 1010 497 1039 517 1147 559 1194 99 1010 123 1037 549 1227 595 1276 18 1044 46 1079 86 1057 99 1076 22 1111 48 1148 23 1146 57 1173 81 1243 110 1273 0 963 22 996 1 895 22 928 356 809 368 829
20150921_131625_image1056.png,3f2ea21d940a6197523026d3f34e420e7d459e26,45,319 388 357 424 420 343 455 388 418 313 456 339 454 312 497 348 468 349 497 384 492 340 508 358 333 425 371 471 452 433 488 467 349 474 376 515 271 465 313 497 309 507 349 543 386 539 426 566 480 563 518 602 507 574 547 611 376 707 415 740 411 714 444 747 225 715 270 752 214 740 242 769 258 770 284 805 298 784 310 813 243 812 272 842 271 819 303 848 158 820 185 844 196 781 225 801 368 786 399 815 378 800 423 844 396 835 427 860 451 822 483 856 480 833 517 872 457 854 486 879 438 887 468 917 482 898 497 920 329 889 369 928 422 929 448 943 293 941 329 979 289 971 308 1000 304 970 327 995 229 1053 269 1089 32 1194 60 1230 374 1009 425 1047 421 992 463 1036 421 1033 453 1062 473 1175 515 1222 510 1268 553 1280 51 1023 75 1050
20150921_131625_image1091.png,c61e8e1f3c1a8deb2d878c584a03ae3a2b4249df,50,243 96 276 122 285 92 310 131 225 128 266 171 281 135 311 174 138 176 178 205 152 216 189 263 164 274 204 314 170 309 195 331 132 307 174 340 295 213 324 251 225 344 259 372 311 362 343 403 336 375 374 413 600 320 633 351 603 348 637 378 634 363 665 386 20 510 67 549 126 587 163 622 103 619 132 647 130 628 161 654 210 504 242 541 242 520 276 548 204 586 241 617 226 606 267 646 259 622 296 652 284 621 322 659 251 647 279 665 163 687 204 723 345 634 372 664 359 621 387 652 605 504 644 543 636 529 675 567 675 536 707 561 684 680 719 717 412 697 436 713 225 774 266 815 121 736 158 772 61 835 95 866 191 790 242 827 118 760 153 789 158 748 178 774 267 938 310 985 289 1017 334 1053 273 179 291 200 29 550 62 568 595 377 616 395 91 259 118 293 55 585 84 611 77 573 101 598 317 512 337 529
20150921_131625_image1096.png,c48b2efef8036fea4a8b357e859cc2cb05af37ec,47,242 79 275 105 285 75 310 114 225 110 266 153 281 116 311 155 138 158 178 187 151 199 188 246 164 255 204 295 171 291 196 313 133 292 175 325 295 213 324 251 225 326 259 354 311 348 343 389 336 360 374 398 604 305 637 336 610 333 644 363 641 348 672 371 16 492 63 531 61 555 101 596 129 572 166 607 109 602 137 630 135 610 166 636 213 488 245 525 242 502 276 530 206 571 243 602 228 590 269 630 261 604 298 634 286 607 324 645 258 630 286 648 164 669 205 705 349 619 376 649 366 610 394 641 612 492 651 531 642 517 681 555 681 521 713 546 685 668 720 705 420 684 444 700 228 756 269 797 125 716 162 753 65 816 99 847 194 772 245 809 122 742 157 771 163 732 183 758 267 917 310 964 289 995 334 1031 273 162 291 183 33 534 66 552 608 362 629 380
20150921_131625_image1101.png,fc012e24b5cc4c649ddf4fc47597d3e9db55d9d8,50,249 56 282 82 289 54 314 93 231 87 272 130 288 92 318 131 146 140 186 169 156 183 193 230 172 240 212 280 184 274 206 296 141 275 186 308 304 195 333 233 235 308 269 336 321 328 353 369 346 340 384 378 620 279 653 309 625 306 658 336 654 321 685 344 27 475 74 514 75 539 115 580 130 553 178 589 121 587 150 615 147 597 178 623 223 473 255 510 254 484 288 512 218 553 255 584 239 573 280 613 269 586 306 615 295 589 331 627 268 611 296 629 177 653 218 689 362 604 391 634 384 590 412 616 626 470 665 509 658 493 696 531 698 646 720 685 436 663 460 679 240 736 281 777 139 698 176 735 80 799 114 830 206 755 257 792 137 723 172 752 175 714 195 740 278 896 321 943 302 972 347 1008 277 141 295 162 44 521 77 539 631 337 652 355 95 224 124 260 694 496 720 529 176 623 191 645 220 600 228 624
20150921_131625_image1111.png,4f8c0e417e427d099295d417fd130988a875baf3,53,264 85 305 133 282 54 313 81 327 49 353 89 321 89 350 130 184 141 217 167 308 140 330 159 195 176 235 227 339 194 379 225 210 233 250 270 210 263 244 293 177 272 221 307 269 304 306 333 135 221 166 232 655 277 690 309 662 303 695 336 690 317 720 341 354 322 386 366 379 335 416 377 1 562 33 599 62 475 104 511 257 471 288 507 287 479 319 511 112 534 145 571 203 513 213 538 160 545 179 572 178 553 211 584 161 585 191 613 188 593 216 615 253 597 263 623 211 619 230 641 208 650 246 687 252 551 283 579 274 569 313 609 660 469 700 505 689 491 720 532 304 581 338 614 304 608 329 629 325 587 362 622 395 602 424 629 414 590 443 615 471 662 494 681 267 734 305 773 235 748 278 787 170 693 207 729 168 723 192 751 189 724 203 747 204 688 224 730 302 896 345 940 323 973 369 1008 110 792 146 826 25 791 46 805 304 727 325 741 189 861 214 883
20150921_131625_image156.png,da5bec6c557230d8a55f28416be25fc075d179e9,58,566 86 609 131 565 126 593 162 511 160 551 195 581 170 620 212 508 210 553 257 605 252 628 283 626 246 664 287 501 287 538 324 517 268 542 293 536 299 575 343 578 313 601 331 557 336 576 361 609 340 651 374 678 370 720 416 690 411 720 443 607 407 647 440 631 431 678 476 671 443 695 491 368 388 412 427 320 417 358 450 1 359 24 381 54 596 105 645 584 557 630 595 665 547 694 579 623 582 669 618 539 617 585 658 415 608 442 639 382 740 412 769 393 817 429 845 494 734 543 762 607 684 640 707 657 638 688 664 644 733 667 761 546 753 592 790 582 841 611 870 455 916 488 951 128 833 159 863 275 937 309 971 350 977 378 1011 400 990 425 1020 32 939 73 978 68 969 99 1004 106 919 138 948 85 892 127 929 1 972 21 1011 13 832 34 859 42 669 70 705 199 943 235 973 565 1045 612 1084 613 1031 643 1074 312 935 324 961 561 391 589 412 5 759 23 786 43 863 80 887 124 985 143 1010 510 310 546 345 260 1093 290 1124 227 1127 266 1164
20150921_131625_image161.png,94349fc683077e41b6b39513cbf9c61a19472bca,57,533 115 576 160 526 157 565 191 548 197 592 241 478 189 508 227 501 194 520 230 477 239 520 290 595 273 632 315 566 279 596 314 465 316 509 354 484 295 514 324 500 325 543 369 578 372 622 405 643 397 691 441 529 414 558 438 339 413 385 453 286 439 330 476 652 441 699 475 573 433 619 469 597 458 648 511 636 470 662 515 549 585 593 619 627 572 658 604 678 569 718 605 586 608 630 648 501 640 552 682 628 664 658 692 694 652 720 665 519 775 562 814 463 755 510 788 386 628 415 662 17 621 67 670 94 854 137 892 547 871 582 898 606 756 649 787 583 695 627 736 340 761 375 794 356 845 391 876 428 948 453 980 173 962 214 998 247 963 285 1000 316 1001 352 1037 364 1020 391 1050 547 1072 578 1107 581 1058 613 1099 72 939 113 968 1 960 47 1000 41 991 80 1023 55 917 95 951 223 1118 261 1152 186 1152 233 1193 133 1142 168 1171 527 360 545 387 37 899 69 932 16 886 45 905 96 1006 122 1035 291 955 314 993 546 330 574 363
20150921_131625_image186.png,bf9fffa21c85875892262a188b74c473fc139c39,45,462 225 503 268 462 267 493 300 479 308 518 348 463 308 476 326 412 302 446 329 402 351 444 392 502 388 524 417 522 382 560 423 392 424 435 459 410 406 441 427 426 432 463 480 462 433 499 485 259 521 304 558 213 543 252 579 506 478 546 509 576 502 619 547 497 537 538 570 519 565 565 609 559 575 591 620 586 545 627 576 423 751 470 790 475 697 512 726 502 718 546 760 545 676 576 714 618 677 654 712 644 757 673 785 671 772 688 793 570 779 588 802 321 740 349 768 379 876 422 903 250 883 276 911 254 968 304 996 23 965 56 1004 439 890 481 937 526 824 560 847 543 943 561 983 453 989 486 1025 0 1058 26 1088 110 1099 143 1120 180 1090 208 1124 311 1078 350 1111 244 1155 261 1172 122 1256 163 1280 448 1221 494 1255 491 1205 531 1236
20150921_131625_image201.png,4c7dc1a839d251ec5399f4c57e83344a18757ff8,47,402 176 445 220 398 216 436 254 341 299 383 346 360 248 384 281 418 258 461 303 406 261 419 282 460 334 499 378 438 341 469 378 143 497 187 536 193 473 238 515 328 378 371 415 348 354 383 383 362 387 409 432 411 391 439 424 389 415 429 449 441 436 484 469 514 466 557 502 431 495 471 534 454 526 499 562 492 537 527 582 522 503 566 538 451 549 476 570 356 708 406 750 375 690 400 707 407 651 450 693 478 637 512 675 439 677 480 717 546 640 589 674 179 833 204 868 4 794 24 817 590 717 616 737 608 730 634 741 457 769 500 806 186 925 232 959 307 834 350 866 372 848 417 895 383 950 412 978 474 901 501 932 438 817 475 848 237 1027 275 1065 56 1035 92 1068 27 1232 68 1267 61 1207 97 1241 391 1173 418 1205 427 1159 462 1189 123 1039 150 1071 649 956 678 988
20150921_131625_image226.png,143d5f4e7db15c6f56e7843ada64d424cee1bf59,47,356 67 399 112 354 111 397 151 314 147 352 185 351 151 379 190 291 200 333 248 376 153 416 199 416 233 454 276 395 240 423 274 102 410 145 447 148 384 192 425 283 277 327 320 311 259 333 283 316 287 356 327 361 289 390 319 390 334 430 368 360 326 391 353 381 396 423 437 469 360 513 401 400 423 445 467 439 437 478 481 484 403 527 438 461 401 485 432 416 540 454 578 305 608 351 653 127 737 165 768 378 577 417 619 361 555 392 587 566 619 592 638 454 547 492 579 501 538 542 573 481 634 519 662 287 620 307 638 328 585 346 608 133 812 172 844 255 731 288 775 321 847 353 873 454 799 473 831 426 725 463 749 338 746 368 776 378 1036 420 1081 171 916 206 953 46 1081 81 1116 16 1108 58 1145 120 983 172 1012 332 1048 371 1089 499 359 517 371 632 856 667 889
20150921_131625_image236.png,7f35d3c67b3c5fe70e199f7d0068a987359808b3,48,312 62 359 107 319 101 362 143 337 145 378 189 304 140 341 181 372 222 413 263 354 230 376 263 248 192 295 241 243 271 285 312 277 278 319 325 330 279 351 314 352 316 400 359 426 351 476 398 109 374 153 417 66 401 110 438 336 386 381 427 446 386 488 428 399 428 439 468 357 412 404 459 377 526 416 565 341 566 382 606 268 598 318 646 321 549 352 577 462 526 504 564 86 726 129 759 108 808 133 832 532 608 563 632 268 828 299 862 81 975 115 1006 670 853 696 881 701 860 717 888 341 1021 382 1063 297 1033 336 1075 690 1222 720 1267 623 1222 649 1244 3 1067 56 1125 280 138 293 177 422 388 447 422 696 544 720 580 699 611 720 628 436 530 458 563 229 723 260 766 138 897 183 944 607 839 644 871 425 786 458 827 416 750 447 768 300 741 331 766 450 618 487 645 399 710 427 734
20150921_131625_image271.png,3347624eb5602b94c683c7dc386431ffa5f793fc,73,555 61 605 108 571 13 590 27 573 1 593 9 666 1 701 37 626 23 648 38 598 24 635 46 597 42 637 69 458 81 499 122 586 102 607 121 422 128 458 167 444 179 482 214 495 202 523 236 657 159 691 188 676 187 720 244 595 230 635 269 671 308 703 329 500 247 546 302 564 302 604 356 633 337 652 353 445 219 482 260 483 288 520 330 415 289 454 331 441 260 464 284 506 389 537 415 11 323 60 368 35 364 77 405 1 356 35 410 0 408 10 443 6 434 30 451 396 371 435 413 396 314 436 355 649 438 707 485 630 460 647 484 16 521 52 555 50 517 97 553 56 619 96 650 312 538 341 570 341 533 376 566 374 536 402 563 433 539 471 579 428 419 456 449 633 520 682 570 605 583 648 604 615 537 626 553 170 606 194 625 210 591 230 615 320 605 348 631 364 634 407 673 444 608 483 637 487 571 528 606 35 792 72 828 20 728 38 743 560 619 595 661 499 618 524 636 364 761 399 795 389 742 427 773 407 733 441 771 441 746 456 765 538 787 578 822 627 738 653 775 240 852 269 879 264 854 300 891 297 870 338 903 314 838 360 870 354 803 395 840 349 878 389 925 678 812 720 881 560 938 609 986 373 988 404 1032 489 1103 524 1149 648 1067 684 1103 640 798 676 829 570 652 588 672
20150921_131625_image301.png,5bdb9395ce8880d282e75ca04fe90743277893a0,93,499 36 535 83 470 41 501 98 469 83 508 121 503 83 524 118 382 147 395 184 409 177 442 205 408 151 448 188 454 159 488 196 481 145 507 170 409 214 445 239 444 219 478 248 480 193 497 224 614 316 664 364 393 257 428 301 427 235 465 256 309 287 352 320 279 326 313 360 519 336 543 362 496 343 526 375 539 368 571 406 501 373 550 422 446 386 476 419 480 374 514 409 533 475 570 508 303 370 333 405 350 387 368 413 446 419 463 452 460 435 480 471 464 481 491 502 301 408 330 442 348 432 388 476 332 471 368 510 275 473 312 509 258 495 291 534 274 558 290 578 310 574 349 603 487 590 524 620 529 614 569 650 564 614 591 646 594 609 634 650 627 603 657 637 693 625 719 641 443 687 493 737 543 714 585 759 587 711 625 759 693 665 720 707 683 718 717 750 678 745 708 779 637 755 678 798 597 758 637 786 304 777 340 809 291 711 331 743 254 699 274 724 214 706 251 745 190 709 214 741 59 772 87 802 97 767 124 788 223 808 255 836 441 754 470 769 465 774 483 802 495 843 512 871 531 914 555 945 568 988 613 1027 414 953 451 998 417 1121 466 1168 677 883 708 915 642 972 668 998 594 929 614 956 666 980 699 1001 260 910 300 949 235 920 273 949 278 937 315 975 200 975 241 1021 198 935 243 973 541 1021 564 1041 170 1020 213 1054 124 1046 149 1078 147 1053 190 1088 187 1067 233 1108 224 1069 250 1085 257 1187 289 1219 370 1168 397 1193 666 1236 709 1275 512 1253 550 1280 341 747 376 776 148 906 171 924 118 1195 137 1214 530 966 556 999 338 1032 358 1051 454 1021 482 1051 560 656 584 669 293 594 321 614 461 630 480 646
20150921_131625_image306.png,590840187d3a4476a768d68d0cab6c128d5ad3bd,87,486 23 523 71 466 28 490 59 458 65 499 112 493 68 513 105 366 136 382 173 394 176 429 197 392 138 440 179 601 306 655 352 435 206 467 240 396 200 429 228 416 226 455 260 502 320 531 355 481 331 514 364 524 351 560 393 487 363 531 415 379 244 415 289 296 272 340 308 260 312 304 347 290 356 321 392 330 376 360 408 429 375 461 406 425 405 453 445 448 430 482 459 508 469 552 506 458 478 489 501 313 458 358 499 285 396 332 436 331 417 374 458 261 460 304 497 240 481 280 520 520 599 553 635 586 598 627 638 616 591 651 627 553 599 577 635 576 695 610 742 532 701 571 751 419 674 471 728 293 558 336 596 231 513 264 539 688 655 719 694 624 744 663 787 575 734 628 777 668 733 699 769 677 706 715 743 289 762 331 798 271 698 312 734 505 899 545 941 552 969 597 1016 403 941 437 979 397 1100 449 1149 218 903 259 931 244 891 284 931 203 794 238 821 184 917 223 955 267 918 304 951 169 1054 199 1089 178 1040 226 1085 492 1239 533 1273 651 1218 692 1263 699 1216 718 1252 186 959 225 994 197 689 236 731 163 691 194 728 453 578 503 625 154 1001 198 1035 136 1033 169 1067 109 1028 137 1068 472 360 496 398 444 134 498 181 676 501 704 523 277 581 301 596 237 688 262 723 54 752 75 780 81 747 113 774 245 1158 276 1197 353 1148 388 1181 108 1170 124 1193 672 877 706 905 581 915 603 941 633 960 664 976 479 829 508 856 447 1006 478 1039 528 1008 544 1025 434 766 475 814 424 737 452 758 462 726 476 741 688 613 712 632
20150921_131625_image31.png,652f05e3f14a76db49a3fc2dd07ee6cc56b0bdd5,61,101 197 127 222 134 226 173 266 164 206 201 246 139 264 175 303 126 300 134 326 123 385 138 418 117 413 140 444 183 285 223 321 197 299 246 346 697 475 720 505 221 369 255 403 252 366 290 401 238 411 278 445 289 470 341 506 188 482 220 518 201 432 232 463 213 462 248 490 186 515 212 539 234 477 276 509 261 529 300 566 312 553 347 581 640 585 675 614 671 601 694 619 705 538 720 563 1 642 20 666 259 575 287 597 296 585 362 634 596 672 630 713 586 627 608 649 654 643 678 663 517 804 552 831 626 824 667 862 677 803 709 837 580 751 599 779 230 634 273 673 242 672 266 701 272 701 311 732 149 690 187 730 193 685 228 719 1 671 27 708 55 700 88 740 203 730 236 787 284 770 312 802 357 896 395 937 386 894 414 931 109 889 148 925 9 740 49 774 74 682 117 738 59 778 91 810 91 779 104 798 42 666 65 687 122 833 153 872 207 830 244 871 247 825 276 859 100 970 140 1006 176 966 201 1005 184 1003 222 1035 40 1084 66 1111 115 1046 158 1084 133 1231 160 1280 211 611 229 625
20150921_131625_image336.png,3dcaefe7d2842aae7338017f97bbc39f426bdcc0,96,282 21 296 54 212 162 251 197 179 203 214 236 291 131 323 176 305 22 351 79 365 26 396 53 391 8 417 27 346 96 382 124 308 89 345 120 324 114 365 148 202 248 239 282 419 220 445 249 400 222 427 245 202 290 240 328 231 349 268 392 376 241 402 293 507 195 554 243 609 366 646 401 709 316 720 344 178 350 211 388 159 374 191 417 317 293 362 337 339 262 370 303 360 316 388 351 394 254 437 308 430 246 466 295 321 333 365 371 341 357 377 386 381 330 401 352 387 350 412 372 441 360 474 388 196 431 221 465 214 451 252 487 199 468 221 490 435 493 472 535 100 586 125 617 122 583 151 623 152 574 180 593 191 588 227 620 314 568 363 613 120 678 150 705 88 705 123 745 201 652 241 681 471 498 502 535 368 467 410 502 416 456 440 473 436 597 469 638 502 494 538 535 532 486 561 522 479 592 512 633 484 628 527 664 523 633 558 673 560 623 593 657 602 554 644 592 580 603 624 634 602 508 617 530 375 698 421 741 29 896 53 918 50 896 83 932 85 911 125 950 121 899 150 935 308 819 345 855 75 869 115 900 102 831 134 869 96 795 130 831 131 771 194 813 178 795 211 829 357 810 377 829 298 962 345 1010 255 1009 282 1035 434 841 474 894 412 782 441 816 481 797 517 821 698 851 720 902 586 760 617 785 393 769 423 796 390 1089 426 1122 536 1074 572 1115 578 1070 600 1101 132 1200 170 1236 59 1257 99 1280 210 1124 255 1169 627 1073 660 1107 689 1001 720 1036 610 1011 620 1033 241 617 272 648 13 637 40 667 163 1108 177 1130 704 603 720 630 382 662 401 697 304 657 320 689 355 604 376 628 364 595 379 613 368 546 402 600 444 450 465 470 240 486 268 506
20150921_131625_image361.png,b9242683bd4abc8630ca0d9ba016f4cbcc02ca82,100,272 35 314 75 311 2 355 28 506 34 549 67 543 30 570 65 620 1 679 56 565 64 600 107 541 64 578 120 502 73 547 130 478 82 505 121 440 91 484 136 412 119 465 172 468 147 515 189 507 162 533 196 567 191 615 233 302 83 331 108 353 98 380 123 348 155 397 190 422 184 455 217 301 136 323 165 276 198 314 241 325 196 363 240 253 228 292 269 264 266 294 297 282 288 324 327 319 311 354 347 306 335 347 364 460 322 495 360 418 248 455 286 505 326 538 357 540 303 570 347 562 348 602 388 602 351 640 387 638 342 684 391 671 336 708 380 596 384 621 413 618 386 635 402 599 454 633 496 570 444 598 465 504 407 536 446 398 428 448 478 451 426 475 475 479 446 521 474 553 473 585 507 604 495 656 540 648 506 684 551 691 490 720 531 253 443 278 463 224 454 262 494 287 456 332 494 341 487 378 522 503 528 537 567 220 550 243 580 195 578 224 616 132 512 158 538 117 530 138 549 224 655 263 703 185 668 226 704 193 706 235 746 255 647 302 689 283 674 318 709 311 659 351 690 370 581 386 606 300 522 340 554 202 453 229 486 515 658 554 702 501 646 530 682 502 595 530 615 613 673 650 704 524 589 544 613 676 722 705 756 422 699 459 738 483 693 506 716 174 744 216 779 137 763 180 804 173 787 224 825 218 767 251 810 399 843 438 892 698 895 720 939 305 995 349 1044 348 883 389 911 494 976 530 1011 437 957 476 988 589 949 607 983 648 975 687 1012 698 963 720 1003 600 980 613 1003 230 1063 270 1100 151 1114 194 1156 75 1122 118 1172 36 1121 79 1169 178 1181 227 1236 661 1038 699 1065 483 556 509 579 1 699 25 740 1 532 20 573 2 796 19 827 33 1072 52 1098 1 1113 30 1151 340 760 378 794 646 486 667 506
20150921_131625_image441.png,f5ae79e693588daf2b0261dfa81b803211e75015,78,0 129 35 167 146 131 186 171 240 72 292 115 283 53 332 102 283 96 330 137 0 291 30 333 32 290 70 333 68 289 107 332 102 282 139 321 347 255 378 288 512 71 547 117 433 17 453 51 530 1 570 17 425 140 446 167 511 113 558 171 206 354 247 402 0 398 26 449 4 435 56 481 46 459 79 492 91 437 127 470 200 405 239 448 261 353 278 375 334 409 365 442 239 317 273 346 403 263 451 311 456 158 501 208 464 208 492 240 477 242 521 292 553 123 594 175 544 202 595 255 594 173 634 219 670 159 712 201 452 345 494 388 493 359 524 391 230 451 263 479 522 427 563 468 554 417 589 461 568 340 588 362 605 241 658 291 613 380 640 419 635 376 656 410 1 608 29 637 56 619 92 649 0 642 17 668 125 665 163 687 423 515 457 544 487 502 520 520 223 579 260 604 447 549 494 599 553 474 579 504 604 449 628 475 536 615 584 659 531 653 561 679 610 574 653 630 550 502 592 542 235 684 291 717 377 708 399 736 390 705 421 734 641 610 676 641 90 835 137 882 512 791 527 812 639 786 667 824 565 884 603 913 672 699 711 745 676 614 702 643 668 640 715 676 677 574 704 599 622 927 675 972 223 833 266 869 43 908 84 955 87 904 118 942 314 765 354 792 694 814 720 850 315 456 338 473 398 610 429 641 485 57 501 89 530 55 562 97 115 815 138 841
20150921_131625_image471.png,a02f55106f78b0ce1732a0dcef3edf5a4cecf2b1,92,345 16 387 60 449 45 492 98 397 65 415 87 429 136 470 179 488 184 518 227 440 193 481 227 407 222 443 268 434 243 465 274 465 225 495 275 366 265 404 308 205 307 247 349 222 292 251 324 163 322 209 366 81 378 120 414 209 349 262 385 392 345 413 376 453 305 494 347 413 326 459 369 415 365 462 415 461 376 497 421 493 376 516 426 508 417 548 462 602 401 647 446 692 400 720 444 280 490 320 521 334 501 383 550 379 487 429 536 371 403 416 450 44 514 82 555 10 521 51 564 0 520 16 558 184 547 213 579 467 449 509 498 448 458 466 489 534 482 582 528 149 584 185 628 9 669 48 706 134 638 179 674 170 680 204 709 279 635 316 665 263 678 290 706 452 660 488 700 479 650 520 697 548 609 575 652 499 580 523 611 383 581 415 619 416 579 462 618 439 680 464 711 341 750 378 785 541 681 569 713 474 711 490 731 420 732 457 765 459 740 502 788 689 785 720 827 600 815 637 857 660 799 685 834 679 838 707 870 521 818 563 873 553 856 597 896 632 907 660 958 584 897 615 935 600 859 639 891 651 963 677 1002 449 861 492 908 355 805 405 836 266 869 302 904 323 846 359 880 332 945 369 979 45 897 83 934 220 1013 264 1049 188 922 208 948 5 984 50 1024 2 1096 22 1144 114 1089 164 1137 585 981 622 1014 670 989 695 1016 462 1173 500 1208 529 1219 585 1279 648 1060 690 1102 627 1089 659 1130 675 1201 708 1264 598 1053 622 1077 184 1160 230 1200 563 607 596 646 438 405 464 429 400 1 428 9 219 567 242 592 73 646 92 665 652 1112 706 1136 168 800 189 823 639 835 667 875 271 1108 294 1133
20150921_131625_image501.png,b3e43b489be915c9243acfaae4918b35050c647f,103,223 101 270 140 349 172 382 205 366 134 379 158 390 118 424 160 434 193 470 237 450 259 476 296 425 268 457 308 468 317 499 355 401 351 426 388 427 331 457 350 446 354 478 393 429 374 447 395 458 422 489 458 430 429 458 459 375 392 405 416 213 433 250 472 181 448 219 484 233 423 261 459 235 464 270 500 112 498 149 528 6 484 41 525 0 456 22 491 396 447 436 484 351 470 363 489 355 493 385 522 359 521 378 538 388 482 431 520 427 489 461 535 486 486 521 520 595 505 641 543 694 503 719 539 534 580 582 622 495 529 535 561 454 554 498 596 407 535 430 576 420 560 456 602 361 589 394 632 348 608 370 640 96 614 129 646 65 624 101 660 32 626 67 660 1 626 25 659 50 652 68 673 48 752 83 786 0 755 17 792 11 767 27 803 9 814 38 836 305 767 331 792 318 726 346 757 191 723 217 757 192 677 222 720 217 645 239 670 370 675 411 715 311 590 331 608 449 751 490 799 488 742 522 783 506 675 542 701 454 672 473 691 560 704 589 740 556 667 572 685 583 700 612 735 568 772 585 793 598 899 632 938 703 877 720 913 662 924 685 963 695 924 720 958 492 812 506 834 350 834 383 864 436 817 467 849 452 835 488 866 6 933 32 964 101 969 129 995 297 948 332 975 366 886 401 918 441 942 483 984 494 901 541 952 536 943 574 972 603 944 637 983 583 912 607 937 625 923 660 951 674 894 709 939 623 968 648 994 597 987 629 1035 628 1000 649 1025 655 1048 683 1087 676 1070 707 1100 555 1060 590 1092 466 1121 505 1148 558 1138 595 1181 580 1129 616 1153 647 1140 686 1182 677 1179 708 1222 627 1168 676 1214 244 1072 276 1109 135 1151 181 1186 11 1143 58 1185 78 1053 112 1073 208 985 240 1024 7 1212 37 1250 437 1238 468 1269 484 1242 497 1261 0 402 15 418 217 761 247 788
20150921_131625_image511.png,1ea745a9fa4bd9e3a5476ab154ddfab8eacdab81,98,300 12 329 41 382 34 421 80 128 301 168 339 158 287 197 321 178 276 210 312 180 318 222 353 61 355 96 388 351 202 375 241 403 105 429 142 384 116 412 159 419 164 452 205 396 207 431 251 329 242 362 276 375 223 402 250 347 301 386 342 381 281 418 317 418 279 445 315 307 346 339 378 302 327 313 345 50 476 81 509 18 483 56 523 1 486 20 517 2 512 25 538 338 339 381 381 443 344 484 382 151 541 181 580 364 392 386 437 314 379 332 396 312 451 350 490 301 470 324 502 379 341 416 389 373 421 411 463 411 414 454 460 449 386 488 425 144 590 180 618 6 609 42 641 266 588 305 615 326 534 366 579 266 629 290 650 411 610 444 646 442 601 481 644 492 442 534 488 511 567 541 606 306 690 340 721 320 742 350 773 178 835 196 864 256 798 286 832 444 756 487 804 479 793 520 822 437 660 459 689 398 678 415 706 406 695 442 724 538 564 565 600 472 538 496 564 488 513 508 540 523 631 556 656 204 863 234 885 212 924 241 953 388 793 429 832 542 756 579 795 396 623 421 658 653 736 690 775 571 780 609 806 614 786 651 814 627 749 652 769 650 782 677 812 680 793 715 830 107 989 148 1022 0 984 29 1023 1 1046 14 1084 383 1071 418 1096 418 959 452 984 505 974 540 1015 529 964 558 991 499 902 529 932 536 838 571 882 451 1116 498 1168 569 1104 608 1156 647 1106 666 1121 681 1011 717 1060 598 895 627 932 547 795 588 833 570 819 594 840 683 966 720 1004 214 1057 248 1097 590 983 633 1016 614 1016 647 1048 569 1004 597 1035 594 1030 615 1059 619 910 651 945 167 506 198 536 174 626 206 650 556 366 599 407 650 364 687 402 695 378 720 420 511 399 532 434 205 543 225 560 583 1249 639 1280
20150921_131625_image546.png,e9ebba01ab892b6b69b5c8e90e7c2c6e8ee8e0d1,98,46 119 91 155 1 110 29 147 101 57 147 99 128 33 171 82 166 68 210 114 323 45 359 92 353 0 380 19 438 12 471 47 403 18 441 61 377 59 416 95 466 98 511 142 593 116 645 167 705 122 720 163 538 160 573 207 448 143 490 188 410 176 455 233 363 187 408 238 319 149 355 208 296 87 341 135 297 68 330 92 326 119 370 146 255 221 300 268 314 237 350 280 428 225 457 261 506 214 554 264 551 206 582 265 59 257 93 293 31 264 68 308 1 264 31 304 16 296 40 325 170 288 206 323 206 305 240 338 304 319 348 367 486 322 523 359 461 344 489 365 533 360 565 408 565 355 604 404 443 398 483 448 297 376 330 413 165 330 198 368 161 373 197 408 287 427 316 452 407 407 446 448 393 426 418 450 412 467 445 497 545 436 581 468 397 318 452 340 287 493 323 525 293 545 319 576 367 498 408 531 527 573 570 609 594 596 629 631 674 557 720 599 677 606 712 637 633 607 671 645 696 616 720 661 479 656 518 707 387 566 444 617 428 607 472 639 529 612 570 658 488 602 508 630 563 635 588 670 574 722 611 758 607 741 638 772 428 720 458 754 344 606 384 641 244 601 282 636 169 639 189 664 192 660 226 686 181 720 210 750 77 779 122 820 371 772 407 799 454 799 487 836 490 773 525 815 560 804 592 843 641 799 657 836 668 802 715 839 662 847 703 893 541 863 566 898 475 931 516 979 366 931 416 977 224 850 256 880 338 861 374 895 586 939 615 963 659 1082 713 1132 665 1041 718 1076 402 918 429 940 538 1096 569 1126 373 93 406 155 167 33 194 67 177 263 212 292 16 537 48 558 19 568 55 602 0 774 11 802 528 828 551 843 596 846 607 872 395 684 412 706 227 327 247 349
20150921_131625_image636.png,d8dd2a2c1b8629289040f3e19160d1fd1e44f9a0,46,140 390 190 433 118 371 156 410 20 368 68 416 1 430 17 467 11 572 51 612 0 572 12 610 118 748 154 790 154 749 170 781 137 794 183 840 86 803 125 836 47 795 86 827 1 834 24 868 0 778 21 813 0 860 10 889 6 912 43 951 31 937 50 958 49 933 77 963 486 899 526 935 390 936 427 961 437 691 470 724 419 713 447 742 501 681 542 713 468 659 492 687 465 634 492 652 493 630 517 655 548 860 589 902 497 778 528 808 501 730 533 760 517 761 552 797 464 725 493 749 434 884 466 904 0 1040 24 1083 70 990 95 1028 95 984 139 1026 102 1028 136 1071 224 990 258 1026 259 1012 299 1049 35 1223 80 1263 461 968 482 991 533 933 571 969 600 939 635 980 630 919 671 944 619 975 659 1011 21 651 42 667 427 801 461 818 477 690 492 711
20150921_131625_image641.png,80e87e307e69cfd7f7f064d7f9f6973ef37df071,43,103 387 143 427 77 369 115 408 0 369 26 409 0 572 12 610 79 746 118 788 118 746 134 778 98 791 144 837 73 791 110 822 10 792 49 824 0 936 10 957 12 932 40 962 443 898 483 934 348 932 385 957 394 690 427 723 356 722 384 751 454 677 495 709 423 655 447 683 417 632 444 650 444 631 468 656 501 856 542 898 450 778 481 808 457 728 489 758 471 761 506 797 368 715 397 739 399 886 431 902 30 987 55 1025 57 982 101 1024 60 1028 97 1071 182 986 216 1022 223 1004 263 1041 35 1223 80 1263 481 926 519 962 550 935 585 976 584 916 625 941 566 972 606 1008 383 797 417 814 62 798 83 834 81 1048 106 1082 403 956 437 985 356 1028 386 1062 391 1031 419 1066 420 723 448 750 435 689 445 713
20150921_131625_image646.png,b9a5503492f694e135fad071687e0b5bb488b4f4,39,386 592 405 611 408 587 435 612 357 652 395 687 335 678 365 706 372 757 387 774 424 736 457 772 444 725 478 757 470 820 510 855 411 857 450 890 148 942 185 981 192 959 227 995 321 892 352 916 360 879 379 898 367 988 393 1021 460 887 493 917 519 894 552 938 537 934 574 963 550 876 586 900 394 617 413 643 431 640 459 673 82 766 111 799 79 706 103 737 61 344 106 388 387 685 416 709 427 689 458 723 46 706 85 749 3 945 32 986 336 986 352 1013 38 326 66 369 77 750 98 770 55 756 75 778 30 941 68 981 30 766 53 790 205 1007 230 1030 366 840 393 860 2 753 16 781 31 986 69 1029 68 999 88 1022 372 912 406 944
20150921_131625_image651.png,91b9a89719f93283486e2df276145b59b7073c99,37,355 552 374 571 374 545 401 570 327 611 365 646 309 639 339 661 342 717 357 734 390 692 423 728 413 681 447 713 441 778 481 813 382 815 421 848 127 901 160 940 167 923 202 959 293 851 324 875 360 879 379 898 335 942 361 975 427 843 460 873 488 848 521 892 509 885 546 914 520 833 556 857 363 576 382 602 401 595 429 628 55 729 84 762 49 670 73 701 23 300 66 344 358 642 387 666 397 644 428 678 17 670 56 713 9 947 43 988 314 944 330 971 2 282 30 325 49 715 70 735 21 723 41 745 3 900 41 937 2 732 25 756 183 968 208 991 338 798 365 818 688 812 712 836 710 814 720 839
20150921_131625_image656.png,d96320b6b92b48d87a63286eb9ec2c604c081e2c,36,378 522 397 545 395 518 422 543 350 585 388 620 333 612 363 634 366 695 381 712 416 671 449 707 436 656 470 688 465 753 505 788 360 765 405 797 406 792 445 825 153 877 186 916 196 899 229 934 318 829 349 853 386 853 405 872 366 922 392 955 453 819 486 849 512 824 545 868 532 862 569 891 547 809 583 833 388 549 407 575 423 570 451 603 82 709 111 742 78 649 102 680 42 277 87 321 381 617 410 641 420 622 451 656 43 648 82 691 40 923 74 964 337 922 353 949 23 261 48 289 78 693 99 713 1 696 19 726 32 711 52 733 32 878 70 915 7 882 32 920 0 832 12 857
20150921_131625_image661.png,b3b5b43b94586aaea78c6d54b0503e25672e1532,32,348 511 367 534 366 506 393 531 317 573 355 608 307 601 337 624 335 683 350 700 386 657 419 693 406 643 440 675 439 742 479 777 334 754 379 786 380 782 419 815 117 873 150 912 161 896 194 931 289 818 320 842 359 844 378 863 337 913 363 946 428 807 461 837 487 810 520 854 506 850 543 879 524 795 560 819 357 537 376 563 395 558 423 591 51 704 74 737 38 644 62 675 1 264 41 308 351 604 380 628 391 609 422 643 4 642 43 685 1 921 35 962 309 911 325 938 703 815 713 831 699 771 720 797 707 795 720 810
20150921_131625_image666.png,f2c7bd6db35a57767a85ea9c027bf7b448b62f14,30,302 505 321 528 320 503 347 528 275 569 313 604 347 609 378 641 307 601 337 624 264 597 284 625 286 681 301 698 341 657 374 693 358 646 392 678 392 744 432 779 282 755 327 787 333 784 372 817 64 867 97 906 109 891 142 926 241 817 272 841 312 843 331 862 284 913 310 946 379 811 412 841 436 814 469 858 457 855 494 884 474 799 510 823 658 781 693 807 691 758 720 788 651 801 684 824 651 822 667 837 313 535 332 561 347 555 375 588 0 689 23 722 0 671 11 686 0 629 14 660
20150921_131625_image671.png,1ed3d18f80f4700af8ad429089276789062bbccb,27,273 474 292 497 293 470 320 495 288 503 306 530 247 540 285 575 320 527 356 559 320 581 351 613 276 573 306 596 232 565 252 593 255 652 270 669 312 627 345 663 333 617 367 649 362 716 402 751 252 723 297 755 301 754 340 787 26 836 59 875 69 861 102 896 209 788 240 812 277 819 296 838 252 884 278 917 348 784 381 814 405 790 438 834 423 827 460 857 444 775 480 799 632 758 667 784 673 738 703 768 627 778 660 806 624 801 645 816
20150921_131625_image676.png,2f9f7fc7a3566c0072d281bcfa036efae154c9a6,29,220 503 238 530 183 538 221 573 256 530 292 562 253 580 284 612 212 573 242 596 172 560 192 588 190 654 205 671 247 628 280 664 264 618 298 650 296 718 336 753 185 727 230 759 238 757 277 790 5 860 38 899 147 884 180 919 142 792 173 816 212 821 231 840 185 889 211 922 284 787 317 817 337 794 370 838 352 830 389 860 376 777 412 801 655 776 690 802 670 701 700 731 550 790 583 818 212 471 259 496 155 584 180 609 605 743 640 772 566 761 595 783 567 783 593 805
20150921_131625_image681.png,920380dfc97017f7cdd10198787e03781eec747e,33,150 479 193 508 162 519 180 541 194 541 229 574 119 553 157 585 106 584 127 604 150 589 175 611 195 593 227 626 213 630 246 661 192 639 226 678 125 669 145 685 687 519 720 555 674 541 702 567 129 739 176 775 85 810 120 831 156 829 181 857 184 769 227 806 241 731 282 768 231 801 263 834 133 909 164 937 98 907 120 943 282 808 320 845 308 840 345 873 329 784 365 810 530 761 561 786 562 743 589 767 627 705 655 733 616 779 646 801 683 684 709 715 689 714 711 748 690 745 716 770 510 795 538 819 521 785 553 805 1 927 23 958
20150921_131625_image686.png,03fc9d55e88c8db5b777c4752695e9444439b7b8,37,71 500 114 529 86 539 104 561 119 558 154 591 43 573 81 605 33 604 54 624 77 607 102 629 120 612 152 645 138 650 171 681 118 657 152 696 54 691 74 707 608 526 642 562 594 545 622 571 57 761 104 797 14 837 49 858 88 853 113 881 114 790 157 827 171 750 212 787 162 820 194 853 64 932 95 960 32 929 54 965 214 824 252 861 238 859 275 892 259 802 295 828 441 790 487 820 464 770 493 794 493 751 524 775 547 781 581 803 553 713 580 735 613 721 643 747 608 692 636 720 642 703 660 718 618 750 646 774 678 755 706 785 703 743 720 780 692 646 718 677 698 667 720 702 693 781 719 811
20150921_131625_image691.png,c0a109d14e259d810d9fb082c8646ec4aa087fa4,42,104 781 144 815 192 832 232 860 167 892 214 921 405 796 426 816 430 775 460 799 488 806 519 824 487 733 519 755 545 711 574 743 542 552 574 587 523 569 556 597 596 542 611 558 628 542 643 563 576 623 591 647 627 668 650 698 664 651 686 672 644 695 678 723 577 722 595 739 551 742 581 771 556 774 581 794 616 777 645 808 638 761 674 796 638 800 665 828 147 854 184 896 136 849 149 865 96 850 128 884 56 821 89 860 39 826 65 864 60 673 100 708 50 694 81 725 76 649 91 672 48 640 77 675 56 590 86 624 646 516 662 530 692 813 708 837 395 815 428 850 17 887 47 915 1 968 29 1002 7 797 37 825 2 640 37 663 0 606 8 632 11 526 38 559 14 568 36 593
20150921_131625_image696.png,0bcb90187a673662275440981af19ca419a65bee,36,54 793 94 827 145 844 185 869 117 903 168 932 386 806 403 827 389 784 419 808 449 816 480 841 446 742 478 764 502 717 531 750 498 559 530 594 479 576 512 604 548 548 563 564 581 552 596 573 533 631 548 655 581 673 604 703 620 657 642 678 599 699 633 727 533 729 551 746 507 749 537 778 516 780 541 800 572 782 601 813 592 769 628 804 590 808 617 836 652 820 681 842 363 802 386 820 372 828 389 853 352 835 372 853 96 863 133 905 86 861 99 877 43 862 75 896 7 831 40 870 0 837 15 875 5 685 45 720 1 706 32 737 28 657 42 680 0 650 29 685 2 598 32 632
20150921_131625_image701.png,c7d1990ef123b0ccdf730057a98dbac5a31cf17e,28,0 786 29 820 83 838 123 863 29 860 69 897 51 900 102 929 0 857 10 880 308 819 339 852 318 798 337 819 336 800 353 820 338 778 368 802 396 811 427 836 392 734 424 756 448 711 477 744 443 553 475 588 425 570 458 598 491 543 506 559 525 545 540 566 476 625 491 649 523 669 546 699 558 653 580 674 574 655 586 672 542 695 576 723 480 724 498 741 455 747 485 776 462 775 487 795 514 776 543 807 535 764 571 799 597 815 631 832 537 802 564 830
20150921_131625_image706.png,d26c3fcabe39c45cdc3c47702b74a613b3d2a81e,27,35 855 75 880 1 913 52 942 277 809 296 830 296 811 313 832 294 787 324 811 354 819 385 844 346 745 378 767 405 721 433 754 396 562 428 597 379 578 412 606 446 553 461 569 478 553 493 574 429 635 444 659 473 677 496 707 507 661 529 682 523 662 538 682 494 704 528 732 430 731 448 748 410 754 440 783 417 782 442 802 463 783 491 814 484 773 520 808 549 821 583 838 484 809 511 837 269 828 298 859 259 838 283 861 1 874 20 911
20150921_131625_image711.png,b91eec318501a51ae28390d5a3c795e36ac133a9,27,11 913 62 942 303 810 322 831 321 815 338 836 317 791 347 815 374 825 405 850 368 751 400 773 427 729 455 762 418 569 450 604 398 583 428 611 465 555 480 571 498 562 513 583 451 641 466 665 492 685 515 713 527 668 548 689 542 668 557 688 515 713 549 741 455 740 473 757 431 764 461 793 438 791 463 811 485 791 513 822 505 781 541 816 571 831 605 848 502 818 529 846 283 844 307 869 296 830 323 852 68 853 87 877 1 871 32 912
20150921_131625_image726.png,35771b343cac30e7ace0e8bf346f5f811fd20c3a,34,243 540 277 566 232 555 258 584 290 528 309 543 326 526 346 558 667 528 705 565 647 483 661 502 655 556 691 590 649 581 679 606 709 538 720 571 274 607 292 636 314 655 340 680 349 634 376 660 372 632 389 657 334 681 377 708 588 704 617 731 648 667 667 684 627 752 650 775 591 759 614 783 401 795 432 821 119 823 143 841 131 803 160 833 136 781 159 807 148 764 177 786 158 778 182 804 200 721 228 744 211 792 242 822 271 757 290 781 310 765 333 785 329 752 361 784 324 785 361 811 263 733 290 760 259 700 282 731 280 709 307 727 695 761 705 785
20150921_131625_image746.png,6c1fe4c578bdeade57b8ce22a16aa7aec6396dca,63,556 28 580 48 637 35 673 74 560 105 591 142 638 131 674 167 667 150 679 168 621 140 642 170 603 179 631 204 635 192 673 235 687 143 720 182 690 104 713 133 697 187 719 232 570 284 605 320 567 320 595 355 706 377 720 393 588 382 613 417 678 428 710 462 703 436 720 471 672 475 709 509 572 415 601 442 130 535 154 569 42 545 75 578 31 562 55 590 95 534 110 550 75 615 92 648 558 521 577 530 566 531 607 570 151 649 176 673 176 646 195 673 1 733 26 763 59 715 88 744 82 726 99 740 107 668 144 700 160 672 178 687 477 544 513 580 519 554 556 594 565 601 591 638 685 676 719 714 536 615 564 647 533 586 570 616 466 573 500 606 460 598 484 621 527 656 563 688 64 752 92 780 10 813 44 843 72 780 83 797 104 781 135 810 127 766 157 806 143 696 176 724 122 805 159 840 213 816 243 844 664 759 692 785 693 754 720 783 463 691 486 706 416 724 446 754 415 779 437 802 456 774 477 797 532 788 562 821 510 785 522 805 620 783 648 810 584 787 607 807 567 851 588 875 524 849 535 866 521 881 538 905
20150921_131625_image751.png,dd121652ca7ab2f2036d1e12ef9735b123ce6783,63,491 24 515 44 570 32 606 71 495 104 526 141 568 130 605 166 551 144 572 174 536 176 563 201 563 191 601 234 620 146 653 185 622 105 645 134 501 283 536 319 497 320 525 355 608 431 641 465 600 477 637 511 6 530 25 558 558 521 577 530 491 531 532 570 65 650 90 674 92 647 111 674 20 669 57 701 78 674 96 689 400 544 436 580 442 555 479 595 486 603 520 640 460 620 488 650 454 591 491 621 386 575 420 608 382 601 406 624 448 658 484 690 16 786 46 815 41 771 71 810 57 699 90 727 40 808 77 843 131 819 161 847 593 762 621 788 623 758 650 787 338 726 368 756 338 782 360 805 382 778 403 801 452 793 482 826 541 787 569 814 510 789 533 809 485 855 506 879 444 855 462 872 438 886 455 910 601 150 612 169 656 148 692 178 629 192 670 229 669 226 691 248 708 253 719 284 647 273 680 307 675 296 706 330 694 318 718 345 452 356 468 369 512 385 542 419 498 419 534 445 643 379 658 395 636 434 665 468 695 522 717 542 704 566 719 581 45 534 70 568 620 678 644 717 433 786 441 810 385 693 412 708
20150921_131625_image76.png,465499ba55c1bdc0d32af9c72d4bee378b38fe79,40,258 332 299 373 284 330 307 366 381 287 421 313 429 301 473 340 387 327 428 369 425 322 471 362 301 466 321 499 441 387 480 431 385 467 419 498 324 587 371 633 351 496 394 536 262 672 311 717 182 708 219 741 222 709 248 738 362 552 387 584 401 566 443 611 513 611 558 661 110 798 150 837 210 778 260 814 437 751 474 789 186 953 221 993 27 940 70 971 127 876 143 897 214 865 261 889 222 919 267 957 353 814 403 855 316 871 362 898 321 961 348 986 640 941 674 973 676 937 702 969 397 969 437 1012 438 941 466 976 280 1107 333 1169 461 969 492 999 447 847 482 887 490 914 529 951 386 608 429 639 408 638 453 672 379 392 412 433 433 505 459 523
20150921_131625_image801.png,706975841143d7855599901feac94c6ccc5e1967,73,335 224 364 254 272 278 301 310 341 291 379 327 301 360 327 390 333 382 360 414 351 378 381 411 391 351 415 373 339 434 373 468 390 392 420 422 418 387 446 414 403 429 439 461 449 450 478 476 481 473 515 505 569 490 601 519 433 494 460 526 462 516 490 544 507 531 529 560 442 519 462 544 304 520 331 548 298 550 326 581 305 605 337 638 458 588 480 611 424 643 447 675 446 651 473 679 464 642 483 662 479 668 501 685 420 673 444 701 396 690 431 724 476 728 506 749 491 705 510 726 543 787 582 826 673 834 703 871 704 826 720 855 650 848 679 875 588 860 616 902 275 753 315 787 234 775 268 811 191 770 226 803 177 801 211 831 170 815 200 848 295 823 326 854 268 835 297 863 266 814 288 830 259 876 292 907 263 904 288 920 182 947 213 981 214 915 230 926 237 997 257 1025 264 1013 302 1048 370 1000 400 1037 341 1013 358 1029 564 995 603 1027 466 965 486 993 484 963 509 987 200 1122 226 1148 230 1113 255 1142 253 1088 273 1122 290 1078 320 1106 550 1053 591 1094 565 1026 602 1053 615 1098 652 1142 580 1099 610 1122 659 1134 688 1169 640 1111 664 1152 111 1163 142 1192 243 812 268 838 177 1008 198 1030 539 921 566 943 705 883 719 915 539 902 555 918 365 768 389 801 311 638 336 665 617 1213 634 1249
20150921_131625_image806.png,7d2be50a2c8a1b51fbbfabf40e0df678729214d0,80,319 242 348 272 257 295 286 327 326 307 364 343 285 374 311 404 318 401 345 432 334 394 364 427 375 372 399 394 321 449 355 483 372 407 402 437 400 404 428 431 385 449 421 481 431 466 460 492 460 488 494 520 547 509 579 538 415 512 442 544 443 533 469 561 490 547 512 576 424 535 444 560 287 535 314 563 283 565 311 596 286 623 318 654 439 604 461 627 406 654 429 686 428 665 455 693 445 656 464 676 462 684 484 701 401 691 425 719 378 705 413 739 460 743 490 764 475 721 494 742 522 801 561 840 651 851 682 888 686 844 702 873 628 864 657 891 566 876 594 918 259 768 299 802 217 789 251 825 175 784 210 817 159 816 193 846 153 830 183 863 279 839 310 870 253 850 282 878 248 827 270 843 243 890 276 921 246 918 271 934 165 961 196 995 202 930 218 941 219 1012 239 1040 250 1028 288 1063 351 1014 381 1051 323 1029 340 1045 545 1012 584 1045 445 984 465 1012 464 981 489 1005 184 1139 210 1165 212 1130 237 1159 237 1102 257 1136 272 1094 302 1122 529 1070 570 1110 546 1044 583 1071 591 1111 629 1155 560 1115 590 1138 637 1149 666 1184 618 1127 642 1168 94 1176 125 1205 228 825 253 851 160 1026 181 1048 518 941 545 963 513 922 529 938 347 783 371 816 294 651 319 678 594 1224 611 1260 250 798 270 817 645 1109 660 1132 623 1033 636 1051 547 981 573 1013 688 907 720 945 700 873 720 905 703 650 720 668 698 1021 720 1049
20150921_131625_image851.png,38933e1e64faa9faad483e9b2217dffd83a64428,95,78 1 111 12 130 46 162 76 153 45 167 63 91 76 123 114 72 82 96 113 129 97 161 126 158 88 189 115 73 138 107 182 142 138 189 173 207 167 243 194 40 242 74 279 37 278 69 317 182 219 220 255 236 197 272 229 339 220 369 253 35 339 77 383 81 381 97 410 186 392 211 426 182 387 191 401 223 361 245 384 236 336 258 361 221 247 250 278 196 274 217 290 200 248 226 279 286 268 313 298 143 443 182 482 186 428 209 456 207 401 242 434 238 393 262 415 259 422 275 444 221 485 255 523 241 507 260 531 66 514 95 535 1 507 36 547 25 583 61 610 19 571 53 590 0 644 24 671 137 670 160 707 260 522 277 548 273 533 292 559 300 553 341 593 3 776 44 812 22 833 56 873 124 765 155 797 102 777 110 794 282 731 312 759 300 657 338 704 294 624 339 667 275 758 318 798 261 814 294 855 278 788 311 822 384 776 414 811 327 860 373 908 299 860 324 885 383 868 402 905 417 856 431 874 405 894 431 927 383 904 409 929 393 712 421 738 459 724 486 747 664 141 700 180 707 124 720 142 678 188 713 213 699 170 718 183 627 222 653 251 620 246 641 262 641 243 676 270 653 223 687 257 664 263 701 293 581 269 607 292 670 342 685 360 564 320 589 338 554 338 574 353 532 393 556 406 549 448 573 476 557 468 584 493 583 474 608 492 628 379 651 402 557 374 582 394 682 401 718 434 684 433 718 454 646 659 678 682 543 621 579 648 482 593 505 626 448 603 479 634 434 614 461 643 490 626 527 657 490 659 521 691 419 693 449 716 528 699 546 719 571 682 598 703 522 743 550 769 489 771 519 798 604 757 616 778 572 713 586 728
20150921_131625_image881.png,ca741ca2caac78fe25e7b17e0f39b35b1c9f5ab3,81,13 375 49 410 42 330 82 365 398 259 431 293 433 240 465 275 459 261 478 283 506 271 542 304 481 250 503 279 486 287 520 319 463 306 494 338 451 284 473 305 414 303 448 335 534 297 573 334 389 339 416 368 373 336 392 366 381 362 411 388 400 373 435 403 328 385 360 404 317 435 342 454 311 484 339 510 284 504 311 523 286 557 316 592 301 575 333 610 330 575 363 602 352 541 372 565 374 535 402 566 387 578 417 604 422 545 454 566 415 515 448 548 399 493 423 522 438 435 473 474 463 397 499 425 489 387 518 410 520 388 549 418 549 365 573 394 571 376 601 401 555 391 584 416 543 436 580 468 525 451 554 487 515 430 536 454 500 436 523 467 458 461 497 501 584 501 616 533 546 538 579 569 518 533 544 564 396 642 417 664 207 708 235 742 0 664 45 711 31 725 82 768 181 721 209 746 172 734 207 760 220 743 252 775 291 739 321 756 683 579 715 606 590 697 627 731 621 735 651 763 659 794 697 823 1 845 29 889 86 903 129 933 105 981 137 1016 71 1008 112 1043 76 1035 123 1075 530 786 562 816 511 794 535 812 392 777 419 804 376 790 406 820 459 834 502 862 494 813 515 832 625 906 657 930 282 967 312 994 202 846 231 867 298 800 320 825 348 824 366 843 217 780 255 810 171 810 198 831 134 833 170 861 471 549 496 575 467 125 484 150 441 178 457 203 81 794 96 815 495 764 511 784 3 570 19 596
20150921_131625_image906.png,6390ce0eeced1ff37b1dbdf11d1178323fb44157,80,435 184 457 220 422 240 439 266 390 306 421 341 352 320 387 359 369 373 403 398 416 350 447 371 465 353 497 381 452 316 481 341 421 323 443 345 478 334 511 368 513 370 545 400 339 404 365 436 333 402 349 423 295 453 316 471 338 433 362 448 357 443 387 474 425 464 454 496 448 459 470 485 480 458 510 490 509 433 527 462 426 374 459 406 535 436 554 460 554 446 584 472 540 464 564 485 460 495 492 515 483 503 508 531 462 506 485 542 388 505 419 542 381 481 393 496 363 471 384 494 275 552 300 578 348 564 366 586 366 591 399 620 413 533 448 570 492 524 525 555 514 510 549 538 472 540 493 553 9 606 29 624 1 452 15 476 376 619 407 641 237 629 270 661 249 570 266 583 261 652 288 676 295 650 323 677 0 800 25 835 1 687 21 708 35 865 52 883 9 920 37 952 111 857 135 884 94 909 127 942 134 880 158 911 125 791 157 832 155 784 181 818 158 821 192 857 191 823 213 838 243 824 270 839 22 984 53 1023 35 1072 44 1091 3 1122 38 1162 227 1061 244 1090 261 963 296 993 168 923 197 950 244 884 258 908 270 908 311 941 162 872 197 894 344 861 374 893 408 933 442 961 607 1019 636 1042 651 896 676 925 480 886 512 912 466 890 489 908 440 912 465 928 553 790 585 822 590 714 614 742 692 660 720 687 685 764 708 780 438 646 459 663 470 608 501 644 507 620 541 650 559 582 594 609
20150921_131625_image91.png,8b05add3e1d2e2378c83b0afff869a6df44445a2,39,352 187 394 213 400 200 445 239 401 236 444 264 353 225 401 271 230 232 276 278 420 288 461 335 331 402 375 439 368 386 400 408 282 368 297 404 369 474 417 523 297 496 346 542 358 521 402 552 383 547 428 570 491 523 535 567 238 576 283 623 165 615 194 644 194 684 235 716 348 721 379 754 412 667 453 698 97 701 133 741 29 838 66 867 180 851 218 891 284 847 322 881 291 767 330 804 232 705 258 730 392 871 426 910 251 994 301 1051 446 872 478 893 426 847 471 874 488 822 516 850 622 841 662 878 660 841 690 874 363 309 385 336 335 460 384 492 199 614 232 646 212 765 238 788 437 755 467 779 360 616 384 633 504 570 523 589
20150921_131625_image966.png,8c85eecf455b97c2d7479f2f31350a8bf7362ebe,85,106 1 137 32 98 32 118 66 42 70 80 108 0 85 24 127 31 112 58 142 18 139 53 174 38 171 57 192 98 149 132 184 99 123 139 148 169 106 209 143 149 79 183 113 105 89 132 117 167 130 200 163 213 145 249 182 658 86 696 123 685 124 715 142 632 160 664 195 670 179 705 214 701 236 720 267 640 208 679 245 216 223 244 254 255 226 280 251 272 238 303 267 260 256 291 285 151 249 182 283 116 246 136 270 80 250 119 287 1 227 33 262 1 192 17 207 27 214 60 245 21 252 43 279 9 265 40 295 41 299 73 338 20 314 49 341 64 329 108 374 122 302 154 340 138 289 176 317 176 297 205 332 203 304 238 342 171 324 208 360 7 393 50 430 23 429 62 455 63 431 81 446 131 418 163 453 171 432 211 466 209 437 232 456 255 392 288 425 159 343 193 372 665 399 707 434 248 534 282 565 468 484 497 512 551 479 580 502 688 475 720 518 665 501 713 546 517 515 544 544 474 382 497 401 541 361 564 389 544 522 575 553 583 531 604 546 657 571 696 605 694 577 719 601 478 591 498 609 561 614 599 650 536 648 555 673 600 709 633 743 635 617 668 668 632 583 649 606 690 648 711 676 709 659 719 682 214 616 246 651 310 655 345 685 158 633 183 663 5 683 35 721 88 725 129 762 55 761 94 790 121 705 161 740 169 669 191 694 353 724 385 755 311 923 345 946 303 846 334 872 95 775 118 802 706 405 720 435 303 598 323 624 370 952 399 982 360 810 387 838
20150921_131729_image1.png,6a5628e7f75ba22165b879c5a404486851328737,11,324 574 380 625 1 595 17 629 9 644 54 685 50 626 81 658 190 674 225 717 218 679 245 718 7 695 32 721 5 679 23 697 2 693 10 719 8 731 42 775 642 870 675 903
20150921_131729_image11.png,3f784735533ebf295af0658dcc21c9f97fb24e25,11,361 565 410 618 670 859 696 887 48 734 68 772 229 673 253 703 246 687 274 709 18 589 51 618 1 574 30 596 88 624 111 648 51 644 88 670 0 711 42 753 25 684 65 719
20150921_131729_image116.png,f6af8301c78d965204f1121e5131a4710c7afbe6,21,631 10 690 76 602 2 642 37 537 21 578 59 414 259 460 300 423 294 478 354 414 415 465 467 440 520 483 563 520 563 567 604 449 567 508 628 391 541 443 591 406 597 450 657 399 658 429 689 582 690 624 722 582 813 609 850 470 823 509 866 465 692 515 732 400 708 453 739 463 664 510 696 380 606 415 649 408 310 430 327 709 693 720 728
20150921_131729_image166.png,3e47ce52006fbe01029aea9810b3a1151a41ff73,10,513 551 557 592 505 509 555 551 485 512 521 565 100 414 137 446 2 279 29 307 228 694 260 727 212 724 246 750 350 765 371 787 29 871 51 886 62 893 83 913
20150921_131729_image171.png,ab9da9f526463b045b6f3cfe2e182018c9d78c89,8,495 505 524 549 518 499 564 550 523 541 570 582 223 685 247 719 196 716 231 744 350 752 379 778 95 398 128 435 1 257 17 275
20150921_131729_image176.png,ad52a4707a8b612bf948981c60bfb59479061855,8,519 505 548 549 541 496 587 547 544 539 591 580 225 692 249 726 207 721 242 749 369 755 398 781 112 402 145 439 2 258 37 292
20150921_131729_image21.png,755d39a59ca58958fd8e1fcfed582dd6823038f1,11,375 563 427 615 21 707 58 748 48 680 82 714 1 576 37 617 42 582 71 616 78 644 106 669 698 866 713 891 109 615 131 647 252 662 273 702 267 668 296 703 51 727 88 758
20150921_131729_image251.png,ba960344695a62d5b15f041b6dbd3fe50a0795fe,39,361 1 412 53 354 15 386 59 301 152 341 196 420 204 473 260 378 243 425 299 1 175 43 212 280 216 325 253 397 358 436 410 395 314 417 330 432 269 473 299 447 366 480 399 482 372 520 422 514 350 551 377 617 494 662 531 243 415 269 429 239 437 268 461 218 449 258 485 210 483 247 519 205 514 251 561 270 461 294 502 274 498 312 537 303 507 334 546 203 601 221 629 235 613 282 656 303 635 331 664 336 624 375 656 314 656 355 695 498 630 532 675 259 732 285 758 240 867 289 913 346 800 375 821 124 1157 167 1205 73 1157 102 1183 437 330 468 364 337 829 371 863 511 781 533 810 556 722 595 766 60 1222 85 1251 1 619 11 658
20150921_131729_image256.png,eca8a4658faa78a20640ed3b463e0a0529452d31,43,350 44 401 96 344 58 376 102 294 190 334 234 413 243 466 299 371 280 418 336 275 255 320 292 427 308 468 338 443 401 476 434 478 412 516 462 512 388 549 415 610 532 655 569 236 451 262 465 234 473 263 497 215 489 255 522 206 519 243 554 201 548 247 595 270 502 294 543 296 546 327 585 198 638 216 666 230 651 277 694 294 674 321 703 494 664 528 709 262 773 288 799 246 911 295 957 346 800 375 821 83 1213 112 1239 429 368 460 402 352 835 386 869 556 760 595 804 1 619 11 658 1 211 24 253 391 357 413 371 392 394 432 439 262 537 306 576 311 692 347 726 330 663 373 700 367 644 390 667 263 975 287 989 175 944 205 968 132 1204 173 1255 346 871 375 897 503 825 524 842 548 855 568 873
20150921_131729_image281.png,49ab3e2ceba5c00b233d26075759f5185c36a455,41,370 134 401 176 390 133 435 181 409 176 435 194 364 253 410 301 347 268 378 310 293 392 337 425 425 443 471 484 383 478 423 525 272 597 308 625 399 542 417 556 396 572 426 605 417 594 435 623 430 603 461 632 452 589 481 615 479 596 516 643 513 578 542 601 226 633 264 677 216 673 254 707 269 682 299 719 263 718 305 758 211 703 253 739 208 736 255 764 597 710 638 750 439 776 458 791 313 846 358 880 284 873 325 917 270 855 305 885 245 839 278 880 215 821 237 845 239 950 283 996 254 1111 277 1159 283 1115 326 1164 385 1036 416 1061 524 1043 550 1063 274 444 318 477 334 735 357 759 484 841 527 885 388 1076 403 1102 285 1190 320 1240 155 1147 191 1188 80 1102 118 1141
20150921_131729_image286.png,e956e7066a2cf44921c54843389d9aa0a84cc92b,41,351 167 382 209 368 165 413 213 375 206 413 224 342 284 389 332 325 295 356 337 268 418 312 451 398 472 444 513 355 504 395 551 245 619 281 655 372 568 390 582 370 598 400 631 402 630 433 659 451 620 488 667 484 603 513 626 200 655 238 699 191 694 229 728 242 705 272 742 234 742 276 782 182 724 224 760 179 757 226 785 564 730 605 770 406 796 425 811 280 867 325 901 251 894 292 938 235 876 271 906 216 858 249 899 205 972 249 1018 225 1131 248 1179 254 1139 297 1188 357 1056 388 1081 488 1063 514 1083 248 468 292 501 297 754 320 778 450 866 493 910 357 1098 372 1124 114 1166 150 1207 43 1132 81 1159 428 611 455 643 187 840 201 856 278 939 313 962 256 1237 270 1255
20150921_131729_image291.png,7eaa3854f6006d36125da1d123b06ff4b95fc6cd,39,346 170 377 212 368 167 413 215 369 209 407 227 340 284 386 332 323 298 354 340 268 418 312 451 398 472 444 513 357 503 397 550 245 619 281 655 372 568 390 582 370 598 400 631 402 630 433 659 447 621 484 668 484 603 513 626 201 653 239 697 192 690 230 724 242 705 272 742 231 742 268 782 185 719 227 756 179 757 226 785 564 730 605 770 406 796 425 811 276 861 321 895 246 892 287 936 233 872 269 902 216 853 249 894 205 963 249 1009 230 1120 253 1172 258 1128 301 1177 248 468 292 501 296 747 319 771 450 866 487 904 114 1154 150 1195 428 611 455 643 190 836 204 852 274 934 309 957 259 1221 276 1242 43 1121 75 1140 358 1090 382 1113
20150921_131729_image306.png,662cd2fc0f5339e73b25352d5ecc235387d3b80b,43,338 108 381 152 312 103 347 144 333 141 376 169 305 217 350 269 284 226 324 275 228 348 264 378 364 409 403 456 208 395 253 435 319 437 365 484 208 549 249 589 331 499 363 534 330 534 362 563 363 557 394 593 403 556 439 597 432 539 472 571 387 553 410 575 509 663 545 701 155 621 192 654 250 678 284 712 197 629 235 670 217 589 239 609 160 583 204 623 150 650 192 686 151 681 195 720 177 777 221 825 233 789 277 826 230 853 267 889 200 816 240 856 146 774 177 809 233 1031 278 1083 197 1023 237 1084 74 1065 131 1110 57 1038 102 1074 241 1099 273 1133 110 1102 157 1138 226 1123 257 1155 151 1181 190 1208 159 885 202 935 416 964 447 991 435 875 459 907 6 1032 42 1073 62 1190 96 1221 198 909 220 933
20150921_131729_image311.png,d4032e8ffc56d9e11e109e7d9fa7a4a2cc93eb93,38,334 67 377 113 308 65 343 106 331 103 374 131 302 180 349 232 281 190 321 239 228 316 264 346 363 374 402 421 207 362 252 402 317 402 363 449 208 513 249 553 329 499 361 522 351 521 382 557 400 524 436 565 430 507 470 539 384 517 407 539 500 634 536 672 155 586 192 618 248 642 276 666 201 595 229 629 218 551 240 571 158 547 202 587 150 614 192 650 151 644 194 672 191 741 219 789 227 751 271 788 225 815 262 851 197 779 237 819 138 738 165 766 232 989 278 1041 194 982 234 1035 230 1063 262 1104 226 1123 257 1155 156 845 199 895 194 872 216 896 332 465 355 483 409 927 427 950 60 1141 87 1170 78 1027 112 1065
20150921_131729_image366.png,31f008890fb0e97fec8cfdc99570259f85ce6dde,38,136 236 173 276 267 224 280 246 284 216 304 251 119 328 160 374 278 269 315 301 684 198 717 229 653 250 689 288 86 365 121 395 591 317 619 359 604 453 646 495 652 413 698 452 375 656 421 699 572 520 606 550 578 543 611 573 604 524 647 560 602 493 646 530 661 502 680 537 673 551 709 579 606 554 654 578 156 667 184 691 580 760 623 804 647 731 680 767 673 747 712 780 589 642 620 690 636 656 668 697 660 662 689 697 696 645 720 679 632 701 646 729 682 896 720 947 666 1084 708 1115 595 453 614 480 491 907 512 934 504 932 542 970 538 1039 552 1066 125 1083 140 1108 682 1140 701 1175 580 1207 611 1245 483 1232 522 1277
20150921_131729_image391.png,e1e2db486b25c8f2820a43f2d030c670535d7241,17,363 254 408 295 493 285 538 321 500 230 536 267 476 228 503 264 348 342 397 390 312 361 360 406 4 327 26 376 1 386 14 425 1 477 30 508 29 579 68 616 6 650 39 690 95 718 134 756 114 730 153 767 676 907 716 949 695 821 719 866 696 935 717 984 623 662 665 705
20150921_131729_image396.png,589c116eb1bb1cdecf70f5b991e25d670c145bfd,17,382 202 427 243 505 235 550 271 523 177 555 213 504 185 531 221 382 295 415 343 333 329 374 358 4 327 26 376 17 287 37 313 16 432 39 465 0 436 17 468 44 539 78 564 113 672 142 704 137 685 162 708 30 605 52 618 653 622 676 652 707 793 718 807 692 863 720 893
20150921_131729_image421.png,0d7cfb65e6f6f31ef191f91dcd7fca340cbe3a81,13,330 30 369 72 420 14 446 48 448 16 482 51 480 17 505 38 446 66 474 93 330 133 357 180 282 161 316 198 72 550 101 584 41 542 76 574 588 471 634 504 631 641 646 657 650 733 674 753 633 716 650 733
20150921_131729_image426.png,370f58fbf3598c533ec8202bb8f85255f726f08a,14,381 182 406 218 430 155 450 196 422 51 457 95 510 37 536 71 557 32 578 57 535 40 569 71 527 90 558 112 1 208 29 239 24 311 47 341 1 311 22 354 58 428 90 451 147 561 179 595 175 574 196 615 671 496 720 531
20150921_131729_image451.png,e50c9016aec4f3ada0d3bc7acb49c10b5a210e5d,46,225 71 269 120 213 87 238 122 245 112 285 162 282 112 320 158 206 158 248 185 172 177 220 220 313 158 347 192 105 205 155 249 377 239 411 277 329 310 362 341 366 300 395 335 92 252 108 272 156 266 193 306 183 357 232 412 157 360 193 412 241 390 285 440 344 398 377 435 213 435 263 467 303 399 336 430 397 497 441 531 186 486 238 541 237 509 289 562 206 535 241 580 155 542 208 594 45 460 96 498 69 515 110 561 151 587 183 626 262 553 309 595 353 556 390 592 519 636 551 672 544 648 577 684 238 610 288 661 223 605 252 639 218 648 275 690 254 739 304 797 256 944 307 994 157 1035 195 1084 123 956 194 1006 22 843 70 885 144 843 179 866 58 716 82 756 318 772 363 810 307 558 346 590 109 990 157 1033 106 1069 139 1100 70 1036 89 1051
20150921_131729_image471.png,d1462f76c98286cdd8b5f0ea4192a6a685d0269d,46,313 11 349 45 350 44 386 94 383 33 428 88 366 81 401 104 409 201 437 253 422 245 437 283 376 278 413 319 457 241 481 260 486 282 500 299 340 308 384 344 286 332 328 373 274 373 290 396 359 479 404 520 334 486 369 523 416 509 451 543 358 599 409 648 383 647 413 684 401 620 452 671 434 659 480 696 408 724 450 766 393 716 412 742 335 660 384 699 324 701 344 725 245 641 270 664 230 576 257 603 228 830 246 849 197 838 226 856 388 755 410 795 424 852 463 897 184 952 223 999 52 937 90 965 480 417 513 448 498 410 516 423 520 504 552 521 495 502 524 530 680 741 711 771 444 1071 488 1106 291 836 307 854 299 942 325 974 623 1020 651 1042 338 41 362 80 335 378 356 420 478 670 512 689 708 755 720 777 294 1188 325 1239 289 1089 332 1131
20150921_131729_image486.png,3c210dc099e14868c4096dbfcbd01d6105488793,45,304 134 336 168 325 170 346 200 344 163 384 210 378 154 423 205 362 206 378 220 411 317 438 341 349 412 394 460 296 448 337 486 281 479 308 510 496 512 517 545 480 519 509 551 234 683 267 722 348 591 387 635 435 612 473 647 499 604 530 636 530 604 545 630 380 706 429 753 300 745 333 763 359 767 409 810 407 752 437 790 434 731 475 775 463 768 494 794 412 823 438 851 346 810 374 839 413 869 457 907 441 831 477 870 203 1085 246 1130 189 952 233 979 375 17 411 57 66 1074 96 1101 297 948 319 971 704 853 719 874 261 753 290 779 462 355 481 372 463 383 485 414 348 486 365 512 422 376 433 390 396 402 413 420 374 588 408 631 396 581 426 617 502 774 530 797 456 966 497 1014 482 1173 533 1234 326 1222 374 1268 307 1070 345 1100
20150921_131729_image491.png,6b6f9df941f080a5cc08fb18b16c242d43ee25c0,42,294 147 326 181 313 180 338 210 336 179 377 226 371 170 413 213 353 222 369 236 411 385 439 411 445 369 471 404 456 403 472 420 384 407 417 439 345 419 390 467 295 462 336 500 281 494 308 525 491 522 512 555 474 531 503 563 328 549 346 574 239 699 272 738 349 605 388 649 374 598 424 642 438 629 469 664 494 614 524 646 522 613 537 639 380 718 429 765 299 759 332 777 359 782 409 825 407 764 437 802 434 743 475 787 464 780 495 806 413 835 439 863 347 822 375 855 413 889 442 921 443 845 476 878 455 980 501 1032 205 1099 248 1144 187 973 219 998 492 1203 539 1250 365 31 401 71 64 1095 94 1122 317 1092 344 1115 218 967 240 990 496 784 526 809 704 853 719 874 263 767 292 793
20150921_131729_image501.png,e384a6f867c244d99f54600b40dd2015bffcab87,39,408 63 450 114 331 178 374 214 350 204 393 244 382 205 417 254 413 197 461 250 396 245 424 271 427 371 487 411 440 404 487 428 481 402 515 435 485 432 530 467 431 433 475 460 399 451 453 504 338 491 383 531 325 521 376 566 386 537 407 565 365 575 405 606 506 560 557 592 381 629 420 677 418 624 471 680 464 658 516 700 517 641 575 687 264 724 321 766 414 745 465 797 293 784 342 823 387 804 450 857 337 787 360 806 467 773 519 822 441 797 472 834 489 815 529 851 529 815 563 866 463 875 512 934 375 849 421 894 437 862 469 919 478 1010 527 1072 210 1127 259 1181 326 1111 361 1153 52 1112 114 1152 193 988 254 1025 558 745 607 786
20150921_131729_image551.png,82a80478af4303463a873a4d2bdf05119bab0ea9,40,409 19 445 62 447 18 482 63 417 61 442 82 453 186 486 207 465 214 495 245 486 257 517 290 422 286 454 320 282 537 329 574 413 454 459 492 447 564 493 606 431 619 477 660 411 660 437 683 458 713 489 746 489 680 529 719 322 885 359 924 240 908 280 953 545 1002 582 1029 180 788 225 818 311 781 341 813 341 11 378 43 368 7 403 35 397 790 420 805 498 800 540 842 405 483 429 513 493 477 530 507 522 384 546 406 183 845 209 879 410 1045 418 1068 108 910 136 928 448 451 489 494 372 307 414 345 356 337 392 374 455 250 487 291 311 599 350 628 513 620 543 650 544 624 581 650 698 696 720 721 494 586 529 629 476 600 497 631 0 919 20 943
20150921_131729_image556.png,a895f40b085c7be3490a3461bb507c038f099ab3,34,429 149 462 166 441 169 475 208 462 213 490 252 431 212 464 231 396 239 441 284 344 268 387 310 330 301 375 338 367 351 403 386 396 417 428 460 426 414 472 454 476 442 515 468 259 507 310 535 434 530 476 576 381 455 408 483 398 628 429 656 415 586 462 631 478 554 512 594 462 565 481 595 445 684 479 716 500 587 529 614 478 649 514 678 494 767 529 810 288 762 318 785 219 881 265 926 306 863 341 896 157 776 176 796 159 819 174 840 398 992 427 1036 531 969 583 997 437 374 458 390 295 567 336 605 682 659 719 691 532 588 562 617 89 888 115 907
20150921_131729_image6.png,bcdcc831fc3bba2f83b492af170b438ba3b81ec7,10,344 569 393 621 6 591 38 620 71 627 97 655 39 648 69 672 7 686 48 718 1 715 21 735 34 737 55 771 213 678 235 707 234 688 255 711 658 868 676 889
20150921_131729_image656.png,004dd87258856628c3be3628c9f68bd7b424661d,45,229 139 279 191 190 203 229 245 139 232 171 267 178 199 203 239 107 232 149 275 87 262 123 302 102 303 137 328 170 259 216 303 268 246 302 276 279 278 316 304 132 337 173 373 105 363 134 393 137 369 160 390 258 362 291 397 290 437 326 473 321 442 351 476 104 396 150 438 135 430 155 449 160 426 182 449 121 446 144 466 61 423 85 459 151 465 191 497 264 539 303 574 103 524 148 568 209 571 241 610 249 575 285 610 126 565 159 602 52 574 86 605 83 564 115 597 206 655 231 679 333 669 370 714 205 786 225 810 359 806 401 846 349 844 382 875 657 525 690 567 667 463 711 507 597 802 635 854 653 792 695 830 629 687 666 735 318 589 363 635 466 682 499 716 475 759 522 799 677 728 718 765 698 455 720 491 76 877 111 902
20150921_131729_image661.png,357646505a90789d0eb447167598d439fcb2f962,42,267 117 311 166 221 183 258 224 213 180 231 213 144 210 180 253 175 212 203 246 207 236 248 282 127 244 156 280 140 283 166 304 310 261 344 283 292 338 329 375 174 322 206 352 135 344 158 371 171 350 198 372 149 378 188 413 137 375 160 398 1 420 12 457 157 411 197 449 321 419 360 452 359 425 388 454 691 507 720 549 299 524 337 556 149 507 185 543 92 555 120 574 121 549 158 577 161 550 196 585 2 578 31 622 247 553 276 594 285 558 322 590 247 632 271 659 240 770 263 791 30 822 57 858 397 794 429 829 634 795 672 836 671 687 696 702 250 257 279 287 302 222 338 259 204 447 226 474 199 411 233 434 375 657 408 698 381 827 413 857 507 791 532 809 690 782 719 813
20150921_131729_image676.png,cfc12a88e8ac864179c23ce1c4ca580d0b029cd8,46,355 151 403 199 308 214 351 258 296 217 317 251 222 245 262 286 261 243 292 282 292 268 335 315 395 287 429 318 208 278 243 313 216 313 252 340 254 352 295 381 374 368 412 406 223 368 252 404 256 381 288 410 402 447 445 486 442 451 474 485 232 409 277 448 213 407 235 435 64 442 115 493 44 465 86 497 239 460 275 485 257 443 283 464 284 444 301 463 271 472 316 508 261 478 281 513 319 514 346 545 228 533 273 576 380 552 427 587 333 577 363 622 369 585 405 620 168 582 203 621 212 575 249 601 245 579 286 608 94 598 127 649 47 604 100 659 1 543 36 588 1 581 31 601 432 605 478 648 327 654 366 690 437 681 482 722 469 813 514 861 584 816 622 846 115 856 147 893 313 799 348 833 447 850 487 892 337 290 369 323 386 256 405 295
20150921_131729_image71.png,9fe551ba38710e20e9bc2402f987bcc7f5442506,19,248 94 297 153 89 321 134 354 95 352 134 393 110 457 155 501 149 545 193 583 415 572 456 618 446 589 492 634 480 643 518 675 660 669 707 714 221 818 260 858 155 710 195 748 200 675 240 704 121 619 177 670 160 599 196 644 193 596 233 633 112 574 153 615 78 360 99 382 418 683 458 719 427 719 492 774
20150921_131729_image771.png,d5bedbdad941bb0f3668dc6083cdafd0c659099e,56,2 32 35 66 11 62 46 105 36 144 83 197 9 150 46 206 5 204 49 249 530 153 575 199 459 210 488 251 474 215 511 255 508 218 521 228 451 240 471 270 421 246 444 277 25 295 63 335 50 323 89 360 382 244 426 281 366 276 400 314 371 312 408 345 459 269 499 313 553 255 567 283 561 291 585 314 421 352 451 392 538 370 572 408 404 411 439 444 570 445 608 476 603 451 634 479 376 372 405 401 295 444 339 488 258 451 295 493 80 459 125 501 24 474 70 509 157 547 212 583 244 607 286 653 283 607 315 643 185 575 223 596 346 581 387 611 389 566 409 591 400 535 438 573 422 570 453 596 498 580 531 621 547 547 582 581 540 582 572 615 684 696 714 720 0 720 14 788 310 707 341 737 620 812 657 848 465 933 497 959 1 337 25 368 131 466 170 494 419 487 445 510 462 519 480 539 499 287 536 318 571 484 587 510 294 844 329 877 483 800 504 824 585 840 606 860 617 940 665 986 476 660 506 681
20150921_131729_image806.png,51a89001f1fbe627102cf8bd2d9e4e23177e49f3,48,281 2 335 56 202 0 245 16 244 0 269 12 183 10 219 53 389 27 430 66 329 25 369 69 376 1 414 28 367 118 413 162 303 66 327 100 189 56 229 97 244 98 281 139 192 115 234 152 410 203 449 247 448 213 482 250 228 163 275 211 289 186 324 224 410 252 443 280 237 213 275 252 247 256 291 294 109 203 161 262 67 212 113 264 1 331 45 394 234 314 275 354 284 294 329 322 388 326 431 363 392 364 424 396 347 359 388 412 75 398 122 456 118 378 155 444 204 368 232 402 227 356 266 395 260 358 295 390 168 371 212 413 422 394 459 435 150 502 189 549 321 441 365 480 524 486 561 517 699 475 720 515 678 498 710 530 657 466 687 517 696 586 719 634 474 592 511 629 468 613 503 645 413 641 448 676 342 599 369 628 578 577 612 614 151 659 188 693 475 730 514 768
20150921_131729_image826.png,951d8146a7f62d2a2d9f2cf0e359b3cb22cc1b0c,46,296 1 339 30 333 1 363 20 282 19 314 63 286 67 326 101 381 7 424 61 424 31 446 67 470 9 515 62 347 107 377 143 290 127 323 160 327 173 369 211 467 123 503 164 503 208 541 241 540 214 571 246 212 214 261 266 174 220 218 273 0 245 28 293 337 226 367 252 343 266 375 294 380 293 411 323 500 252 520 283 481 325 519 359 479 364 510 398 437 362 469 408 354 361 379 381 333 318 371 355 326 358 342 383 302 372 326 398 219 396 248 449 175 403 224 455 72 334 129 384 105 373 148 401 66 380 91 413 246 512 272 543 428 453 453 476 562 599 598 634 616 485 642 505 431 603 446 623 248 651 280 690 415 729 441 758 390 705 414 733 267 386 296 411 504 648 530 676 552 608 577 640 678 588 702 613 537 397 560 425 516 397 532 425
20150921_131833_image1.png,13abf74129af31f35353c7f6fe9ff0ff7d816796,26,545 202 575 232 566 181 591 205 473 666 508 704 419 629 455 663 580 634 612 671 555 771 590 802 463 748 496 781 250 611 285 648 373 550 405 588 664 644 692 670 633 655 669 687 678 570 710 607 604 537 644 578 654 344 688 377 671 373 697 407 659 435 684 465 167 535 199 571 393 574 422 603 453 640 485 678 436 537 473 568 553 644 587 675 626 183 650 209 650 792 677 815 708 672 720 706 546 419 577 451 460 713 496 749
20150921_131833_image101.png,4ed84bf6b5c5bfc36b751d1fab8f9f9515fb16f5,20,113 268 148 304 128 291 166 329 98 299 130 331 115 374 151 403 41 496 78 538 32 511 49 539 88 522 122 547 150 545 192 585 0 612 41 652 0 622 24 656 93 616 131 652 84 642 119 665 152 659 188 696 161 595 180 626 633 614 661 642 92 783 130 813 33 74 58 104 600 641 635 666 143 528 155 544 0 784 9 809
20150921_131833_image106.png,1c6f69ee8048948d5e87eb63b643f42d6b075e0a,16,6 108 30 136 81 300 116 339 104 320 137 361 84 401 122 433 0 523 31 564 86 544 102 559 75 556 89 577 114 570 157 609 60 644 96 680 48 667 86 693 118 684 157 721 129 622 156 652 598 639 626 666 52 815 90 844 1 641 7 671 621 667 637 692
20150921_131833_image11.png,2f1cc53106185135b1d2e2978b1625f7659ae10f,27,483 188 511 223 504 176 527 199 596 354 625 383 602 375 635 402 593 440 616 455 526 555 553 577 551 558 578 576 616 572 639 594 673 590 705 625 588 647 619 679 564 664 588 692 635 685 671 721 501 639 540 675 487 657 514 678 470 667 482 677 639 637 660 660 390 669 424 705 388 719 408 747 373 753 408 789 475 779 507 808 575 798 607 823 352 636 368 654 297 556 322 585 313 577 335 593 567 181 584 198 165 611 197 641 81 529 103 562
20150921_131833_image111.png,1a021342149fa636be9bf0accbb0d6e09f87742d,13,33 317 71 352 52 341 89 378 38 419 74 456 51 587 90 629 5 660 37 696 67 700 107 738 0 832 32 864 84 528 101 553 559 656 589 694 570 693 595 717 30 342 51 362 89 594 117 616 72 638 106 671
20150921_131833_image116.png,9507959e61bf60d8cddbcc2d8ea1d247a0a3fe80,11,0 309 30 348 18 332 50 370 0 413 32 446 33 517 55 547 1 587 24 630 49 589 68 607 12 696 53 734 503 664 530 701 517 696 536 722 23 625 55 667 671 816 711 846
20150921_131833_image121.png,3bd450ed6f29870dbbda1496370045e6ee9ff17a,8,1 358 14 391 0 536 17 567 0 718 15 755 484 682 512 714 490 713 518 743 17 597 34 626 8 670 18 686 655 837 703 867
20150921_131833_image126.png,18af99f958c00f9a1eb0e4518a5c38c56645f39d,4,463 729 485 760 458 699 485 730 637 844 665 872 697 431 714 458
20150921_131833_image131.png,176a1b0d3f276f87b5f28d86021d3306e3b545a1,6,427 724 454 758 430 754 454 787 630 868 656 891 703 653 720 687 663 457 682 481 611 937 635 957
20150921_131833_image136.png,4b5c575edcbff6060b724cd6c806ea1e694f650c,7,403 732 431 765 404 765 435 797 677 668 704 697 709 676 719 702 640 468 655 492 674 550 689 565 590 883 632 916
20150921_131833_image141.png,17b3d6c3dc8de47d1f3cd515e14f742b288e46ab,6,402 740 428 766 400 765 434 796 681 669 720 706 689 552 708 565 646 465 660 483 590 887 634 924
20150921_131833_image146.png,9cdcbcf17da28a64604aeb5d4d91b74cfa682d4e,12,681 858 719 900 356 761 383 790 359 789 391 817 341 799 359 812 674 695 706 725 643 687 678 722 684 393 715 415 557 908 600 941 704 354 720 377 608 482 624 506 707 902 720 932 558 978 576 1005
20150921_131833_image151.png,daad30d3aab2b589ca50c70c5bee9591e2ed4cba,22,304 744 334 775 312 779 340 809 286 777 315 799 176 469 203 486 665 248 702 285 671 281 712 321 703 252 719 304 648 338 685 372 628 371 669 405 686 359 719 401 543 468 574 496 669 535 704 576 586 673 621 713 620 685 653 716 503 900 534 935 525 897 552 930 624 850 673 894 651 891 696 933 626 585 674 625 177 611 201 628 704 319 720 343 666 519 682 531
20150921_131833_image156.png,0d99ca2447fff9ccaeace732b86886a2c756ff3d,30,246 721 280 757 248 756 281 788 215 759 248 786 673 45 711 90 655 184 697 226 635 216 674 254 599 216 635 246 605 243 643 286 661 243 693 279 640 253 662 278 644 310 685 352 616 329 653 364 585 309 619 342 624 288 659 321 566 345 600 375 561 820 598 864 585 856 632 900 582 831 612 866 646 477 689 515 602 516 640 545 596 488 621 509 558 656 591 690 525 648 555 688 480 438 510 467 579 559 609 594 620 1 656 15 539 403 565 429 452 875 487 902 479 869 499 895 703 534 720 580
20150921_131833_image16.png,3dcd7cb41657b861fae9221980546f89d1083b71,26,429 186 460 220 453 173 474 197 515 174 529 196 545 350 575 379 548 370 583 399 540 435 564 453 483 554 508 577 562 568 586 591 620 584 652 619 589 632 609 658 584 683 618 717 532 646 566 677 515 661 540 690 451 637 487 677 437 645 464 677 353 673 370 703 317 757 352 790 424 777 456 809 521 797 551 824 338 693 348 707 250 558 274 582 269 578 288 599 116 612 148 646 26 548 54 565 310 538 330 563 328 722 354 747
20150921_131833_image161.png,54c25a2390dcef609a185c54932bb92d32f90cd1,41,534 859 580 892 508 815 553 863 199 734 229 766 197 765 234 802 167 771 196 786 473 648 502 680 506 656 534 683 680 681 719 714 658 636 697 657 689 613 719 641 618 639 628 648 653 529 693 568 589 472 631 512 554 511 586 543 530 561 558 588 649 489 669 509 665 438 701 463 435 443 453 464 710 444 719 467 691 422 720 444 677 404 713 420 517 353 536 371 675 326 701 349 596 304 628 343 563 329 594 356 532 310 554 329 577 282 590 298 590 282 602 302 544 240 583 278 539 211 570 237 578 211 611 245 603 238 624 256 581 244 603 270 593 181 634 219 556 1 587 12 616 38 632 83 666 143 703 169 681 178 720 209 664 348 718 389 105 499 122 508 415 869 458 899
20150921_131833_image166.png,b7ca45e9c24ce383f4bf389f54da86bfdf7d456b,38,180 749 213 784 151 785 177 809 177 783 214 819 506 886 548 926 479 841 523 889 448 671 478 707 481 681 513 711 666 713 706 748 641 664 676 692 669 642 697 674 707 608 720 638 633 559 671 597 533 542 566 567 571 502 610 540 646 468 680 495 695 469 719 497 675 454 701 480 654 355 685 377 657 388 679 412 581 336 610 373 500 382 521 401 542 354 577 386 530 271 570 314 564 242 600 278 527 244 562 271 577 213 619 251 557 317 586 338 511 339 538 359 664 212 703 242 661 183 684 197 599 71 631 112 544 33 564 48 547 1 560 15 395 900 425 924 570 268 618 304 418 466 434 487 446 461 459 473 501 587 538 620
20150921_131833_image171.png,cc7203adf36bcb3af7814dc0b3904c82fd88de97,43,139 697 172 732 111 734 137 758 139 729 176 765 446 849 488 889 420 805 464 853 405 635 435 671 437 645 469 675 622 689 662 724 597 638 632 666 629 618 657 650 596 535 634 573 496 511 529 536 533 472 572 510 612 443 646 470 648 430 672 458 637 404 663 430 626 332 657 354 623 356 658 386 552 306 581 343 471 346 492 365 510 323 545 355 503 237 546 280 542 210 578 248 504 208 539 235 554 180 596 218 531 285 560 306 483 304 510 324 640 187 679 217 639 155 662 170 579 41 611 82 355 924 385 948 547 241 595 277 704 264 720 282 465 405 478 418 380 427 402 454 488 480 512 496 667 444 693 473 702 445 719 484 482 553 504 574 373 856 392 877 664 579 706 621 706 584 720 623 684 508 697 531
20150921_131833_image181.png,c4aa1cbf39fdae2a745ab602bba7609761a16d34,45,471 16 501 57 440 161 478 196 397 190 433 219 399 218 438 261 430 190 470 227 438 213 477 249 420 262 451 285 438 285 472 325 411 304 441 335 360 314 395 348 380 286 407 310 542 162 566 200 420 450 461 490 384 478 421 518 377 462 406 484 357 529 397 562 502 421 535 449 483 514 521 549 564 484 589 512 557 418 592 450 585 429 631 459 546 553 584 595 583 558 613 594 297 621 328 654 329 624 360 660 491 609 522 640 583 228 618 261 509 660 551 699 36 690 75 725 32 725 71 768 2 731 33 757 300 785 352 830 327 824 372 862 274 410 295 448 560 581 593 608 76 751 80 754 63 752 82 779 508 330 547 355 530 382 549 403 384 740 421 770 516 126 548 154 354 646 391 673 679 897 705 925 280 838 310 859 561 727 579 749
20150921_131833_image186.png,da8e85e8032bc74abc468f0350b8052966fd7425,45,426 45 463 89 478 158 502 179 504 189 533 223 404 185 440 224 361 215 395 244 392 217 431 252 422 239 443 277 400 250 420 282 364 241 400 287 385 290 417 318 548 252 580 292 311 318 335 339 342 314 368 336 403 309 434 354 375 327 404 360 326 342 362 374 236 436 261 461 343 485 369 522 352 509 388 544 383 473 423 519 466 446 500 476 506 431 533 454 493 409 509 426 477 361 498 376 525 441 547 478 547 448 585 485 4 713 43 752 1 751 39 786 26 778 50 806 332 551 361 591 446 530 481 574 528 506 555 537 573 497 589 514 506 573 547 626 545 581 577 618 457 633 483 665 475 683 514 723 260 639 294 680 291 651 326 685 353 767 383 794 260 810 306 862 288 847 329 891 238 862 275 895 639 915 666 952 627 706 644 721
20150921_131833_image191.png,304d118e74d0c68a3b9788d9a9a74464a3337297,39,247 848 287 888 217 810 261 854 319 763 351 798 222 641 254 678 255 650 289 682 301 546 325 581 318 506 353 538 196 432 221 460 277 313 298 327 295 342 324 369 348 332 372 358 369 306 401 342 351 286 389 303 329 241 368 280 328 211 355 232 365 214 397 249 370 182 404 216 395 38 430 82 479 189 498 218 525 250 551 285 351 471 388 509 435 443 467 470 516 448 558 479 499 445 521 472 484 437 501 451 499 504 528 536 416 534 451 568 478 573 519 617 516 580 548 616 428 626 464 665 446 689 481 721 228 422 257 441 310 482 332 499 419 412 440 425 368 232 408 272 444 151 469 170 207 859 248 885 621 921 658 955 600 703 617 721
20150921_131833_image196.png,7220280b1791b109cd52c168cd57cc69b64ce3ce,40,208 839 253 877 182 799 225 842 281 757 314 787 697 870 720 902 419 680 447 704 196 630 226 664 226 639 258 668 402 628 422 655 449 565 487 603 484 569 520 606 276 539 297 566 296 495 326 528 390 523 423 553 484 434 532 468 325 459 362 496 287 468 307 487 409 429 443 458 466 422 494 441 174 418 204 445 272 326 301 353 325 312 353 341 342 292 380 328 326 270 366 288 506 237 531 270 254 298 277 312 309 218 347 262 307 192 340 219 343 196 376 229 450 171 473 200 348 163 383 198 374 16 408 55 427 132 452 154 414 401 429 415 437 447 451 466 566 696 588 711 472 747 487 763 341 216 385 259 465 502 484 520 483 493 516 523 605 932 627 954
20150921_131833_image201.png,7807ddd03d28411eaf71b704cedc12447cb892e3,40,186 853 231 891 160 811 203 857 258 766 300 800 697 881 720 913 174 637 212 671 209 645 241 678 441 571 478 625 264 546 285 573 478 437 526 476 315 465 352 502 276 475 296 494 402 435 436 464 458 426 486 445 164 422 194 449 317 316 345 345 334 296 372 332 321 273 361 291 506 237 531 270 245 300 268 314 303 223 341 267 301 195 334 222 337 196 370 231 450 171 473 200 344 163 379 198 369 16 403 55 423 132 448 154 434 464 448 483 559 708 581 723 472 747 487 763 338 218 382 261 461 510 480 528 479 499 512 529 597 950 619 972 264 324 296 358 271 496 318 536 381 528 416 567 478 578 517 622 434 613 451 635 386 631 413 662 406 685 434 714
20150921_131833_image21.png,7fda53ce4403ad0be72d928984565a12240b8ad4,25,392 184 418 213 408 164 438 192 476 168 492 187 512 346 540 376 515 364 551 393 506 429 532 449 448 548 471 572 528 564 555 585 588 580 619 615 554 631 577 652 499 643 535 672 482 661 508 688 551 680 588 713 419 634 457 669 408 651 431 675 393 772 425 807 486 793 518 822 287 755 320 788 300 717 321 745 320 665 339 699 589 468 607 481 215 552 242 580 237 573 255 591 78 610 109 642 1 545 16 564
20150921_131833_image216.png,3f1e3ff945a490dbc971059eab990a119de5a0a3,40,166 906 210 955 139 871 177 914 246 817 285 857 167 686 199 722 200 691 232 726 155 467 181 498 273 543 306 578 302 509 341 546 252 362 283 399 304 353 328 388 324 335 361 376 315 313 348 340 290 265 329 309 288 237 318 259 319 240 355 270 326 204 362 240 350 56 383 100 249 589 280 610 266 518 285 538 426 356 454 390 442 388 472 411 474 423 489 440 390 475 424 505 466 481 515 515 463 538 498 572 437 549 471 575 427 615 466 655 464 623 500 660 434 211 461 232 489 272 516 311 326 259 365 302 404 170 427 191 263 448 283 468 397 433 420 458 369 572 403 602 452 462 468 489 421 654 443 674 381 675 408 693 696 934 720 970 591 1003 613 1020
20150921_131833_image221.png,8f0180d46d93eba1f10c42cf0d788e1353dc0640,42,171 906 215 955 145 871 183 914 250 818 289 858 175 688 207 724 208 695 240 730 162 471 187 502 278 548 315 583 308 516 347 553 262 370 293 407 310 363 334 398 332 345 369 386 318 321 356 348 294 274 333 318 297 248 327 270 329 252 365 280 330 217 366 253 359 67 392 111 254 594 285 615 274 524 293 544 480 430 495 447 399 483 433 513 471 489 520 523 480 544 515 578 433 624 472 664 474 631 510 668 437 219 460 247 497 283 524 318 331 271 370 314 410 180 433 201 289 455 309 475 376 578 410 608 460 466 476 489 421 654 443 674 381 675 408 693 336 2 365 17 246 353 268 365 279 351 299 365 432 364 463 397 457 392 479 422 632 540 651 557 452 557 483 586 598 1005 633 1031
20150921_131833_image241.png,009f54391f7f6dbc58defc883091160485f89347,51,355 69 390 95 376 139 413 179 347 280 382 313 321 306 351 329 350 313 381 340 321 333 358 372 504 339 533 375 342 377 374 393 348 396 385 437 324 418 350 449 286 428 311 462 443 419 469 444 436 444 458 471 454 443 482 472 511 506 522 532 468 532 503 568 405 527 436 554 318 558 354 595 289 591 321 624 457 599 489 628 425 662 462 699 467 671 500 701 417 701 445 715 216 730 244 759 188 720 215 756 251 846 284 878 144 890 181 930 168 927 208 966 223 941 249 968 203 951 228 971 265 408 290 418 300 405 317 416 326 388 353 401 356 329 384 366 442 280 469 311 425 249 445 267 183 511 208 545 284 565 305 579 270 634 295 655 491 721 513 741 435 707 467 734 477 702 484 717 486 587 501 618 485 477 510 511 452 463 483 514 383 620 404 643 434 634 451 664 442 841 458 862 557 796 581 814 695 976 720 1018 581 1031 609 1060
20150921_131833_image246.png,ff0c818898a3ac322e252af918cf10b56db7250d,52,353 90 388 116 374 154 411 194 347 297 382 329 321 325 351 348 351 327 382 354 321 348 360 387 502 355 531 391 346 393 377 409 351 414 388 455 329 433 355 464 293 443 318 477 446 430 472 455 516 519 527 545 469 543 504 579 408 541 439 568 322 569 358 606 297 602 329 635 459 608 489 637 430 673 467 711 469 684 502 714 225 741 253 770 196 727 223 763 256 855 293 887 154 899 194 939 175 937 215 976 231 951 257 978 212 961 237 981 269 423 294 433 302 420 319 431 330 402 357 412 446 298 473 329 425 264 445 282 193 525 218 559 289 577 310 591 276 645 301 666 496 732 518 752 486 600 501 631 487 487 512 521 386 631 407 654 448 852 464 873 696 981 720 1023 589 1039 617 1068 357 347 387 373 0 791 15 822 0 850 26 881 551 926 574 944 561 806 577 823 424 712 457 744 442 641 465 659 436 455 468 488 465 463 487 490 452 494 482 528
20150921_131833_image26.png,4ad44c97ba15e136757df0e052a8e815b0d2f375,23,366 184 392 213 381 165 408 192 446 170 460 185 484 344 513 375 491 365 522 389 505 563 529 583 554 583 585 617 393 637 431 671 476 641 508 677 525 681 560 714 534 627 551 651 458 659 485 689 381 647 409 677 462 794 494 824 370 777 404 808 265 759 299 792 282 719 300 748 282 669 315 708 250 645 276 672 191 560 218 583 212 578 233 600 443 536 470 566 55 614 90 651
20150921_131833_image266.png,608e649512c53986e07b3b708cc39efb921ea6a6,44,166 945 206 985 142 921 174 951 211 960 240 989 238 960 260 986 245 865 276 896 184 744 212 776 211 752 241 784 430 445 460 474 364 182 395 216 332 318 366 350 313 342 340 364 341 345 368 374 312 373 349 405 258 441 282 456 282 461 302 489 319 448 341 477 337 408 366 422 337 430 371 463 255 657 291 680 284 615 316 646 278 594 302 604 305 585 343 624 421 473 447 498 446 472 471 496 395 553 426 580 451 556 485 590 444 514 470 539 478 517 506 562 491 370 518 406 431 312 462 346 414 682 450 721 414 720 442 748 450 692 487 722 410 283 423 302 482 505 507 531 184 545 206 574 448 641 469 667 465 623 506 649 484 737 507 761 472 884 488 908 0 806 8 834 1 859 17 892 583 1044 601 1072 696 991 720 1026
20150921_131833_image271.png,371e086e79bba532d270190b496f9576fbb1e570,49,673 987 706 1022 219 946 240 975 184 945 217 977 146 931 182 970 127 917 158 936 118 906 129 932 226 858 256 884 407 788 417 805 462 731 483 753 164 732 192 765 191 742 220 769 392 712 421 743 435 688 465 712 392 674 428 714 266 607 296 634 291 578 322 610 260 583 278 592 375 546 405 569 431 549 460 584 162 538 183 561 457 521 483 554 425 508 446 531 464 500 482 520 401 463 426 489 426 465 451 493 412 439 441 463 242 428 263 443 262 455 281 477 297 440 321 468 316 421 351 451 316 398 344 414 291 357 328 395 292 331 322 356 312 307 350 337 322 336 350 362 472 362 495 395 411 309 438 336 343 170 378 209 316 101 352 127 232 666 258 680 438 617 454 638 429 635 448 662 404 651 420 674 438 710 453 729 446 875 460 903 530 807 551 821 549 884 555 899 513 919 547 944 562 1037 576 1065
20150921_131833_image276.png,3813ab265205762885661eda89b81e1b9b97b99b,48,674 983 707 1018 214 946 232 975 184 945 217 977 139 933 175 972 221 854 256 884 407 788 417 805 462 731 483 753 160 732 188 765 184 743 213 773 392 712 421 743 392 672 428 714 264 607 294 634 287 573 322 608 255 584 273 593 373 545 403 568 427 545 462 580 158 538 179 561 455 516 481 552 423 505 444 528 397 460 426 488 426 464 451 492 410 437 439 461 237 428 258 443 259 452 278 474 293 438 317 466 312 421 347 451 313 398 341 414 287 357 324 395 289 330 319 355 309 305 347 335 319 335 347 361 471 358 494 391 340 172 375 211 308 100 344 126 438 617 454 638 429 635 448 662 404 651 420 674 438 711 453 729 446 875 460 903 549 884 555 899 511 918 545 943 562 1037 576 1065 412 302 430 336 457 487 484 523 232 647 273 672 432 681 465 712 525 803 545 821 112 900 155 940
20150921_131833_image281.png,ab03b8aded08983e42b70cfa0685104862b1a888,43,647 978 683 1011 86 884 128 930 110 924 149 959 190 936 214 963 158 939 190 969 195 845 231 873 133 722 164 755 162 730 193 756 366 703 387 726 365 664 400 701 409 675 438 703 239 591 271 623 261 562 295 598 347 534 378 559 403 538 436 572 132 524 153 549 433 510 458 543 398 499 418 520 374 451 405 479 402 455 424 478 385 426 414 451 213 414 236 426 237 442 255 464 271 428 294 454 290 409 321 449 444 349 474 383 294 387 318 399 264 342 302 383 263 316 296 343 294 323 322 348 287 290 322 324 389 291 410 321 318 155 347 191 436 481 476 514 436 719 460 744 414 615 455 634 374 777 391 802 422 864 433 894 497 795 526 811 494 912 510 940 532 1028 543 1053 374 640 391 663 221 636 238 656
20150921_131833_image286.png,2308d5d1dd2e07c64cebbc99fd35a3b60e7e9d5d,45,637 948 667 979 75 871 108 898 106 890 139 927 155 906 180 931 183 906 208 929 185 813 218 843 125 690 154 722 155 701 183 725 356 671 379 702 402 642 428 668 354 632 390 668 400 573 417 597 232 562 258 590 248 529 286 568 338 500 369 527 396 503 431 540 389 466 410 485 124 492 147 517 432 477 452 506 422 449 450 475 370 417 393 442 392 418 415 445 385 391 407 415 224 406 244 428 260 392 285 421 281 372 312 402 252 304 293 345 252 278 282 299 277 252 313 283 284 284 314 312 438 312 466 347 369 267 398 283 703 151 720 184 303 114 335 150 263 351 309 372 430 691 448 711 200 379 222 396 292 391 317 412 221 539 243 552 274 35 307 68 193 603 239 627 402 667 416 685 366 741 379 765 489 763 515 780 515 994 534 1026
20150921_131833_image296.png,4bd9e0a0cd6668295d5b271c7780bc6978270d5d,43,612 890 647 919 28 803 66 829 55 824 94 863 135 848 159 869 162 847 188 866 146 749 181 776 86 626 117 658 118 635 147 665 397 627 422 651 328 611 349 627 320 568 359 607 363 573 400 610 193 496 228 527 217 464 252 496 310 435 342 459 364 437 400 474 401 408 428 440 81 421 109 447 400 382 430 414 337 347 369 378 368 348 393 377 352 320 385 350 193 334 218 362 227 318 257 350 248 301 282 341 254 281 283 298 415 240 445 274 693 65 720 101 353 176 378 210 222 233 268 271 223 201 252 227 246 175 284 210 253 207 286 238 274 30 313 69 700 30 720 53 158 540 203 578 332 544 355 571 376 519 415 542 347 498 377 525 365 388 390 420 330 686 350 712 451 824 463 847 486 934 495 958
20150921_131833_image31.png,11a8d8be4758f2b13357667ac480d0d2faeb3805,26,350 183 375 214 364 163 392 189 428 166 447 185 461 340 494 370 476 365 506 389 471 425 496 459 416 545 446 572 499 561 523 576 480 558 494 569 543 576 578 613 534 619 549 647 502 596 513 607 390 636 427 674 474 639 505 672 524 677 560 712 457 661 480 687 378 659 401 680 281 677 312 713 264 762 300 800 370 778 404 812 469 792 500 820 282 727 302 757 252 655 270 681 183 564 207 592 203 583 225 609 49 629 82 663
20150921_131833_image311.png,c5d42fb3553b92b472ec1573b97d521fd4c0e1ef,39,133 772 152 798 188 631 212 650 93 572 137 608 138 576 174 610 0 471 30 508 0 508 10 532 85 440 119 465 135 443 168 475 160 402 200 445 190 436 222 457 188 390 213 418 119 352 159 378 4 328 35 360 135 326 161 349 190 244 218 277 576 240 604 274 600 251 637 290 574 148 603 176 0 237 46 281 11 181 49 215 27 214 54 231 2 210 25 229 118 181 153 214 43 37 79 75 501 39 538 83 475 66 509 98 441 70 474 103 201 499 229 513 153 611 165 625 182 363 205 393 444 33 486 58 496 112 526 154 137 381 148 400 114 549 133 569 134 752 152 769 100 694 114 711 279 918 311 956 397 868 428 906 598 556 639 593
20150921_131833_image316.png,2bba90da5b5486ed102f9cb4f0a88278025a5f05,31,106 746 123 779 164 611 188 642 72 555 111 593 119 560 152 593 65 423 98 451 111 428 136 461 136 395 179 429 168 376 193 404 99 339 138 366 113 311 139 338 0 228 24 269 1 173 29 213 28 29 62 78 96 178 129 204 167 232 198 266 541 230 577 266 576 243 608 280 545 139 572 168 462 32 499 77 405 62 439 97 439 63 472 91 411 27 448 61 0 281 20 335 1 458 10 492 87 532 114 560 171 412 207 446 563 545 602 579 98 728 128 744 249 894 284 930 363 851 396 882 108 593 141 610
20150921_131833_image321.png,e5cbf7b3ab6ede0ad56fecedf9bcfbf5c4c3899c,39,298 856 323 890 174 783 193 808 31 747 51 777 38 673 49 686 206 631 220 645 101 615 127 635 501 558 515 571 510 564 539 588 380 506 397 518 54 562 88 593 62 593 76 609 25 597 51 609 5 555 46 594 124 487 152 512 8 427 38 453 50 429 74 464 103 504 116 525 74 399 104 434 104 415 139 438 117 405 134 414 110 380 137 408 83 392 103 410 104 375 118 385 41 344 74 371 72 346 92 360 60 317 89 342 112 241 142 274 41 182 79 210 0 43 14 76 491 249 523 284 520 264 552 296 565 653 587 670 489 158 514 186 378 122 407 153 394 54 432 97 370 81 408 114 341 80 375 114 350 46 386 73 178 888 210 928
20150921_131833_image326.png,614d38f173393e144ded9db29c967d410f3296f8,28,114 796 131 824 122 910 149 942 244 869 271 897 42 633 66 654 0 582 23 611 1 613 13 629 444 577 469 598 434 572 447 583 64 508 86 531 6 423 39 455 12 414 40 433 39 435 62 456 65 448 81 469 60 423 77 437 49 400 74 430 1 339 27 366 1 365 28 388 0 465 14 486 49 263 79 294 450 283 484 319 421 268 453 306 2 203 15 236 419 181 442 208 297 153 325 182 311 84 350 125 293 115 332 139 265 111 304 141 273 75 307 103
20150921_131833_image331.png,8c70840eb14099b9dbaf67ae2023435291505add,26,69 844 89 867 47 861 58 881 670 738 688 753 1 670 21 696 389 626 417 640 381 609 414 621 144 665 154 677 97 622 105 634 163 594 182 605 19 548 46 574 4 562 20 583 17 487 41 511 2 469 22 493 7 439 33 469 18 429 31 442 7 304 34 337 400 323 432 361 372 312 400 346 367 225 389 254 258 203 282 233 264 132 299 171 247 164 279 188 215 158 250 188 222 125 261 151 194 906 225 938 76 949 110 988
20150921_131833_image336.png,9b2576817e98013a344d963116e3281acd9da59e,24,67 873 84 899 46 893 59 907 1 702 19 725 384 648 412 662 373 633 390 645 657 838 679 855 709 551 720 572 2 599 14 616 14 575 45 602 13 519 39 543 6 471 29 494 0 455 13 469 2 338 29 369 363 337 390 371 388 349 417 377 356 251 377 280 258 223 272 248 257 160 292 199 238 188 273 214 207 185 242 219 214 155 256 177 1 493 44 522 76 984 109 1019 193 935 221 965
20150921_131833_image341.png,26bff346d975a38bf874bebac323c0e93b0e36cc,22,78 894 102 923 397 677 424 693 389 665 416 676 8 728 34 751 34 600 68 633 12 626 36 641 32 549 59 570 24 496 50 524 22 367 52 399 378 368 403 402 398 379 434 413 372 285 393 311 278 191 311 230 258 219 291 249 227 216 259 248 270 253 296 287 234 187 273 210 18 521 65 552 200 965 233 1002 85 1009 125 1049 675 874 695 894 693 786 708 805
20150921_131833_image346.png,10e37a8c8c36bb1b57b288589f1dde4bdded54ac,29,108 922 134 956 45 754 70 779 1 738 18 763 0 708 13 740 421 692 454 717 75 628 106 656 52 644 80 669 71 574 97 601 2 554 40 586 63 527 88 555 28 538 55 558 1 496 40 522 14 472 39 491 64 399 91 430 6 344 26 374 441 405 470 440 412 395 441 429 407 311 428 338 314 221 350 262 267 248 299 281 298 250 329 276 309 290 337 302 52 550 97 582 289 215 311 242 271 217 290 230 48 514 74 536 86 944 102 967 113 1040 144 1080 232 994 263 1031
20150921_131833_image351.png,7b13dbfec18875586fb2b69fa00ade99424db361,30,84 952 105 981 24 779 47 799 413 733 442 751 404 719 428 735 54 651 84 679 41 664 56 685 52 595 80 621 31 575 60 601 1 574 18 604 9 598 22 610 48 546 72 574 0 491 22 510 1 516 20 540 46 418 75 449 1 365 10 392 434 434 462 463 403 424 434 455 398 340 420 365 301 249 335 289 252 276 285 306 282 278 317 303 296 315 325 338 59 570 79 593 61 975 76 993 275 237 288 267 257 244 275 258 15 552 38 574 86 1065 123 1107 209 1026 244 1061 706 942 719 962
20150921_131833_image356.png,438f79c348a0c717577ffe6975c6dd914311ba03,29,67 973 88 1002 7 799 30 819 394 762 423 780 386 745 410 761 38 670 68 698 24 682 39 703 41 615 69 641 18 597 48 623 25 544 49 572 0 535 19 559 36 436 65 467 1 365 10 392 419 460 447 489 390 448 421 479 383 364 405 389 277 270 311 310 233 297 266 327 264 301 299 326 270 337 299 360 43 999 58 1017 1 574 24 596 74 1089 106 1131 189 1055 224 1090 689 976 702 996 238 265 269 288 0 510 14 525 1 602 10 635 48 589 70 616 34 566 59 597
20150921_131833_image36.png,18a6384b65425b78591de39962acfd65580bd1f7,26,538 586 574 623 334 179 368 212 354 155 384 191 447 340 483 375 460 371 490 395 381 638 416 680 457 434 487 459 405 547 439 579 416 168 442 191 162 562 198 594 31 620 79 664 261 682 302 720 252 772 290 807 358 785 392 818 185 583 218 614 239 660 274 688 253 732 289 767 363 653 393 687 237 541 256 565 443 660 473 693 465 647 500 678 515 682 551 716 511 628 539 657 483 562 515 595 459 799 490 827 112 486 137 511
20150921_131833_image366.png,ca28100625ab7d90135364f86fbe3af2153f0ca9,31,275 217 314 254 237 239 276 269 242 206 266 235 262 282 293 311 2 332 17 361 53 387 80 418 1 483 26 514 0 541 24 573 3 459 28 475 23 524 42 545 56 515 80 543 42 543 69 570 68 538 88 550 62 563 90 589 64 620 95 647 50 630 64 652 0 730 13 749 36 745 58 766 97 915 115 945 72 937 84 957 395 302 417 329 404 389 431 422 430 403 459 429 400 691 435 723 17 565 30 582 702 913 718 938 215 989 249 1028 100 1034 130 1067 149 1033 158 1048 191 933 212 945 272 248 301 270
20150921_131833_image371.png,0f025896fb2e6a8e41fc1d294cdb4febb8543270,41,306 177 345 215 265 204 304 234 271 170 295 199 293 243 324 272 26 299 52 328 85 355 112 386 27 451 57 482 18 509 54 541 38 428 63 444 82 464 101 485 88 481 112 509 76 510 103 537 103 506 123 518 97 532 125 558 99 585 129 612 47 686 60 705 70 708 92 729 129 875 147 905 105 898 117 918 423 272 445 299 433 360 460 393 458 369 490 400 424 661 459 693 47 533 60 550 702 913 718 938 242 950 276 989 132 991 161 1024 180 988 189 1003 223 894 244 906 302 211 331 233 19 265 36 282 0 347 10 360 56 490 79 516 1 531 19 556 78 597 102 623 30 691 46 709 3 656 42 693 14 689 32 708 2 706 28 723 2 817 18 830 118 996 139 1024
20150921_131833_image381.png,43f47f7709bff33e1db48f2b2413b8fa28190f8f,37,101 839 131 870 78 863 107 880 47 680 73 708 181 663 193 676 393 628 428 661 21 658 47 680 1 630 17 658 1 659 10 675 1 675 5 688 79 561 107 581 58 571 82 592 80 505 104 534 83 484 106 507 1 484 27 516 26 503 37 517 58 489 79 514 69 459 91 489 39 470 55 490 6 427 41 463 18 404 40 421 50 444 77 468 66 332 93 363 5 279 28 308 1 247 12 263 411 337 435 367 436 348 465 374 400 248 421 275 287 226 305 252 290 158 323 198 274 189 308 211 248 182 281 216 253 152 279 176 207 859 219 877 103 952 137 986 148 946 164 968 219 905 247 948 703 855 720 875
20150921_131833_image386.png,36dbaa70bd97a60222799464889c3ead6bc1c63f,30,71 845 94 869 47 864 70 881 656 862 684 881 14 681 37 703 190 917 206 947 117 951 129 967 71 959 100 984 359 639 395 669 1 657 13 677 323 596 335 608 320 608 332 619 23 572 45 591 45 563 79 586 48 508 72 537 26 494 49 515 51 485 73 509 41 463 66 493 19 446 47 469 6 469 29 496 38 341 63 367 0 406 14 422 1 432 11 457 403 357 439 387 378 344 403 378 368 258 388 287 250 235 267 261 254 172 288 209 240 200 273 220 212 198 246 226 221 164 245 187
20150921_131833_image391.png,18f8be2d74d2a371b7a3674714bc6bcb1a624b0f,30,600 836 629 855 701 677 718 701 707 633 720 650 660 550 682 573 314 616 343 640 289 573 296 587 259 581 271 593 703 446 720 479 391 557 404 565 399 630 409 647 6 539 32 558 0 481 30 509 12 461 29 484 1 436 19 472 1 313 19 344 709 287 720 321 359 336 382 364 333 322 357 354 322 239 342 263 188 211 216 236 198 146 236 184 200 172 221 194 164 171 199 203 174 139 195 162 25 822 48 840 1 840 29 856 137 894 155 918 25 927 57 965 68 926 82 940 711 746 720 767
20150921_131833_image396.png,6b1c992c340880bde0f58591da1b2d2e4c27352c,32,543 823 569 838 648 728 678 756 678 651 693 673 636 669 659 680 686 620 717 649 672 603 698 621 640 612 674 636 250 609 288 635 207 577 223 587 705 536 719 556 595 537 617 557 659 517 684 534 659 536 682 558 643 543 660 557 664 452 709 485 640 431 675 461 658 329 696 364 689 343 714 373 696 364 718 403 639 275 673 308 268 318 297 350 294 332 325 358 693 217 715 246 710 212 719 250 257 231 278 262 121 211 152 242 130 148 164 184 98 138 123 164 94 170 130 200 126 176 152 199 81 886 106 920 12 925 29 944
20150921_131833_image401.png,ee326d534658d07f8bcc9aa27ba2aebba53c0f77,31,88 147 126 185 60 133 89 164 53 164 89 202 87 169 114 197 223 236 254 264 237 319 266 350 263 333 293 361 651 225 677 255 617 333 650 371 641 341 674 372 651 364 690 406 678 328 710 363 597 434 635 468 632 459 669 489 621 524 652 547 636 606 664 630 555 537 588 563 218 607 258 643 606 616 636 644 645 628 682 657 611 728 644 763 635 652 659 681 510 813 544 844 662 531 689 561 607 543 650 574 669 218 694 263 601 282 633 315 79 211 115 247 52 893 77 930 600 665 624 691 707 326 720 363
20150921_131833_image406.png,bf605736b35d23909efb7c082fd3e490dd5fccbc,38,710 925 720 953 631 906 655 928 477 801 506 823 577 707 605 738 174 601 209 622 600 631 618 654 563 645 583 666 614 602 641 627 565 598 599 622 599 584 625 602 698 594 719 625 629 515 651 536 586 500 609 523 576 523 606 542 520 521 538 538 557 406 595 444 607 431 639 466 673 383 710 409 613 343 647 380 631 361 654 385 674 293 708 334 640 301 674 337 603 322 629 352 577 305 610 343 554 252 588 285 217 311 242 336 190 297 223 328 173 209 193 234 608 195 634 226 630 199 655 230 635 188 653 197 674 49 710 90 30 120 70 157 26 185 57 216 32 152 55 168 1 146 32 175 2 111 22 135 13 882 37 912
20150921_131833_image41.png,dbdb4b1874234a3f9ace3bc82053c88b8b444580,20,324 183 354 217 345 168 374 194 442 349 476 382 451 368 486 402 454 440 478 459 476 572 505 593 549 588 583 620 367 645 406 680 452 648 484 681 505 626 527 656 504 687 539 721 447 803 482 831 343 787 380 821 239 771 278 806 258 745 278 760 257 682 293 721 182 589 205 611 161 570 186 594 27 625 60 659 432 668 457 694
20150921_131833_image411.png,311b81ff31147e9605b0950ffb0976b0b65b17d2,39,640 949 683 1000 526 748 552 772 704 755 720 776 422 839 454 860 547 671 562 686 558 635 589 667 511 633 547 655 547 618 573 644 132 629 152 649 114 623 142 647 649 627 684 660 693 599 718 624 584 604 597 616 576 545 601 572 469 552 486 568 533 555 556 575 534 532 561 557 508 441 543 480 626 418 661 447 558 465 585 499 567 379 596 408 577 385 608 420 669 333 686 353 628 330 661 368 598 339 628 373 555 355 581 390 525 342 564 378 142 320 168 353 167 335 195 360 507 286 540 320 562 229 590 264 590 221 613 265 0 135 22 172 1 168 10 183 3 214 13 234 126 232 156 264 631 85 671 127 692 971 719 999 693 1059 715 1075
20150921_131833_image416.png,a48b721b13b78e8ab634455662a4f72783af8b75,36,65 201 84 226 81 291 109 323 109 309 133 335 44 600 83 633 589 68 627 109 508 209 541 242 456 267 487 298 538 204 565 249 473 322 504 360 501 336 529 370 546 323 576 358 576 318 613 357 620 321 635 344 517 364 555 403 453 428 490 464 567 406 607 436 502 454 531 487 523 452 546 478 474 517 501 543 515 537 543 561 473 543 499 566 407 536 433 558 659 562 691 594 634 591 669 617 592 623 623 654 453 616 485 640 481 605 512 629 497 627 527 660 482 652 501 681 465 739 490 765 362 828 389 848 562 950 605 998 642 746 678 779 530 588 547 605 660 814 705 836 448 673 490 690
20150921_131833_image421.png,f950bd79e7b628346fc20018705f2cb49628fd4e,44,65 201 84 226 11 299 39 331 38 316 62 342 526 91 564 132 446 230 478 263 390 289 421 320 474 230 501 275 405 343 436 381 434 360 462 394 481 344 510 379 508 341 545 380 556 343 571 366 443 381 480 420 383 449 420 485 497 430 537 460 432 476 461 509 457 474 480 500 447 561 475 585 337 557 363 579 586 588 618 620 563 615 598 641 520 645 551 676 380 640 412 664 411 627 442 651 424 650 454 683 408 677 427 706 392 763 417 789 284 851 311 871 477 983 520 1031 567 775 602 808 499 591 516 608 586 845 631 867 377 699 419 716 581 2 599 28 608 0 645 34 0 208 16 231 512 312 541 339 469 396 491 430 403 540 430 587 282 819 302 840 233 634 256 658 553 783 571 810 557 814 574 838 604 513 619 534
20150921_131833_image431.png,79cabddff8838740b41bb75335ccd2669c8005aa,47,502 15 527 53 527 16 567 55 537 3 565 17 446 108 482 150 366 250 403 289 404 260 422 294 403 240 439 266 308 308 344 341 323 366 365 406 352 375 384 416 402 361 434 401 431 361 471 401 433 335 455 355 475 362 492 384 373 403 408 442 390 426 416 448 419 451 457 487 306 470 347 512 356 498 389 532 386 493 404 515 484 526 503 543 525 533 547 561 381 577 403 612 430 603 445 626 327 562 357 613 263 581 295 608 155 653 188 688 305 663 345 694 340 654 369 681 390 627 407 654 352 677 385 710 446 666 481 701 489 632 519 666 509 608 543 644 516 647 533 659 332 698 360 739 305 719 324 741 215 851 239 874 318 783 350 820 223 880 251 905 481 803 500 829 498 798 531 826 486 833 503 857 526 864 558 892 676 905 717 952 672 960 709 992 412 1010 456 1066
20150921_131833_image436.png,7975864492a251957351b4a14fd2e1eefd4a428a,45,482 29 507 67 509 35 549 75 522 23 550 37 431 130 467 172 353 271 390 310 395 280 413 314 391 260 427 286 296 331 332 364 313 388 355 428 342 397 374 438 394 382 425 422 420 380 460 420 423 354 445 374 466 384 483 406 364 424 399 463 380 446 406 468 412 467 450 503 296 491 337 533 350 521 383 555 374 512 392 534 486 541 505 558 522 546 544 574 375 597 397 632 319 580 349 631 254 605 286 632 149 676 182 711 299 682 339 713 334 673 363 700 392 647 409 674 348 695 381 728 447 684 482 719 487 647 517 681 507 624 541 660 326 716 354 757 214 876 238 899 318 800 350 837 223 905 251 930 483 823 502 849 501 815 534 843 489 855 506 879 530 881 562 909 683 915 720 962 683 976 720 1008 413 1033 457 1089 470 2 496 24
20150921_131833_image446.png,382e2c1dc5c9ab30065c02b5f10be7297228833c,48,491 131 525 169 455 94 485 121 424 223 461 261 500 119 530 148 344 362 373 396 287 417 321 451 385 368 408 399 415 461 446 499 386 466 418 503 303 472 338 506 332 479 364 517 359 506 396 537 291 574 326 612 401 551 437 586 516 620 549 651 456 465 481 487 502 704 532 732 363 674 389 706 305 659 339 682 416 421 452 454 441 759 475 799 478 726 518 754 499 894 531 925 474 904 499 927 332 773 368 807 316 795 346 830 288 761 330 794 323 748 353 776 313 885 341 915 369 1116 421 1179 667 1012 711 1055 676 1058 714 1092 218 977 256 1009 247 677 272 707 464 930 504 968 145 754 188 794 467 136 490 163 367 366 384 395 376 523 400 548 375 549 394 573 325 679 336 706 336 598 373 629 527 966 547 988 427 1098 469 1118 655 1109 690 1127 672 1087 710 1109 212 954 229 974 393 718 401 742
20150921_131833_image451.png,8ff6a958b222a129251528e119578d6d68697810,49,480 130 514 168 414 222 451 260 330 361 359 395 274 417 308 451 375 367 393 399 403 462 435 500 372 468 404 505 287 470 322 504 319 479 351 517 352 503 389 541 278 571 313 609 386 547 422 582 506 621 527 652 448 464 463 486 490 703 520 731 349 673 375 705 292 654 326 677 406 428 442 461 426 757 460 797 463 727 503 755 484 890 516 921 458 900 483 923 318 767 354 801 306 792 336 827 276 758 318 791 312 744 342 772 295 883 323 913 343 1112 395 1175 648 1008 692 1051 657 1056 695 1089 204 970 235 1002 234 677 259 707 453 926 493 964 140 753 178 793 453 134 476 161 355 364 372 393 370 526 394 551 364 549 383 573 325 594 362 625 511 960 531 982 651 1107 686 1125 656 1083 694 1105 201 948 218 968 452 97 469 113 494 120 515 139 405 582 429 605 415 697 445 715 410 644 427 682 421 1088 434 1115
20150921_131833_image46.png,ef9c9b8a1ae91b295639b8cf5b4a257806f03f89,23,327 182 357 217 346 166 371 196 447 350 477 380 457 369 488 397 453 443 479 458 425 542 440 553 477 576 499 594 552 581 584 619 499 626 525 663 498 692 537 725 449 650 480 682 427 668 460 700 362 646 404 682 350 655 376 688 251 681 286 719 338 788 374 822 437 805 470 835 234 769 274 809 257 742 275 759 26 619 56 651 157 565 181 590 178 588 196 608 222 660 244 686
20150921_131833_image466.png,8a90bb06453148c8f299c859d0e5743e5dd75725,55,383 67 402 89 408 56 422 72 433 89 465 125 440 76 467 100 407 97 431 123 373 183 408 219 290 322 319 355 316 325 335 351 337 326 352 357 234 379 267 402 251 434 284 466 279 437 310 474 337 426 365 460 365 419 395 458 371 391 390 406 314 468 346 499 241 531 274 566 325 508 350 528 346 506 379 535 290 559 320 583 376 545 386 559 473 578 488 599 509 574 526 586 375 607 390 636 308 623 337 662 258 618 286 651 201 639 218 662 275 700 303 728 284 724 317 755 239 715 277 738 270 749 290 780 391 712 423 745 448 656 480 684 433 684 460 708 182 927 208 950 171 900 188 924 305 1045 354 1101 346 1053 366 1088 450 841 481 866 422 850 450 871 385 651 409 675 420 877 446 896 605 945 649 992 617 996 654 1034 409 425 440 443 439 444 453 461 300 754 310 770 270 776 290 790 130 710 151 735 113 721 130 744 267 846 285 864 610 1026 627 1047 453 896 487 925 645 829 669 847 400 840 419 859
20150921_131833_image471.png,94e11a3f7a336d712e610bf3b20229d2ec8ae64c,56,374 55 393 77 403 42 417 58 429 76 461 110 438 63 465 87 403 85 427 111 367 171 402 207 282 308 310 341 307 311 326 337 330 312 345 343 227 364 260 387 244 418 277 450 271 423 302 460 329 414 357 448 360 406 390 445 371 391 390 406 310 449 345 490 234 516 267 551 315 496 340 516 337 492 370 521 278 545 308 569 367 532 381 549 465 565 481 593 505 563 522 575 298 611 327 650 247 603 275 636 192 625 215 648 263 685 291 712 271 707 305 741 230 701 268 724 257 732 277 763 383 699 415 732 440 645 472 673 422 672 449 696 169 909 195 932 160 884 177 908 291 1031 348 1087 438 827 469 852 413 835 441 856 409 864 435 883 584 931 628 978 601 983 638 1021 430 433 444 450 257 760 277 774 123 694 144 719 107 703 124 726 252 826 279 847 594 1011 611 1032 440 882 474 911 637 818 661 836 389 827 408 846 360 367 379 395 400 410 411 431 379 648 402 662 365 590 387 622 289 739 301 756 562 656 600 687
20150921_131833_image51.png,4c79854915bb141d541547ecc0fb79f684568296,23,305 172 332 204 323 157 347 180 387 162 409 180 423 340 451 366 434 355 465 384 418 427 449 457 393 529 411 543 421 560 440 571 444 565 472 590 513 572 545 611 464 617 492 655 467 680 500 717 414 641 447 674 398 662 418 691 329 634 370 672 400 795 434 827 304 780 337 810 199 755 239 792 223 730 239 750 217 667 252 707 123 551 150 574 141 575 165 592 0 606 22 640
20150921_131833_image511.png,d0a5ec5a99edb9a31b470ffb042b338117969c6b,51,335 31 369 69 351 41 375 72 241 179 274 211 181 237 218 272 273 184 297 215 298 184 328 218 327 241 352 267 323 282 360 320 295 289 325 328 199 292 234 330 228 299 261 338 273 328 308 366 362 286 384 313 191 397 228 434 304 373 334 406 281 374 307 405 327 407 351 436 239 422 264 450 262 491 295 533 214 472 246 508 409 523 440 561 388 550 421 581 348 584 381 616 239 596 269 627 228 567 261 600 192 583 237 618 237 905 286 953 549 807 593 852 561 859 595 892 406 710 434 738 380 720 406 746 220 705 258 738 374 744 404 773 406 763 438 805 142 781 164 817 117 765 153 801 599 691 633 722 332 474 360 505 151 507 187 533 346 522 384 551 91 583 118 608 68 585 96 619 401 312 417 332 249 624 266 643 217 618 235 651 549 883 574 905 278 907 305 944 667 773 698 792 702 845 720 883 707 667 720 688 666 590 688 615
20150921_131833_image516.png,63a0415e5c19ce9ac9ee3eecf69c198e3ffb3119,53,227 904 272 956 227 593 256 626 223 568 247 597 181 585 216 607 207 607 255 655 247 502 278 531 178 395 212 434 189 292 223 332 220 297 251 338 172 236 205 263 229 179 263 212 262 184 284 214 286 188 299 218 284 289 312 324 312 285 347 322 260 331 297 368 288 372 319 404 273 373 288 398 317 411 337 435 229 421 264 447 199 484 225 505 144 508 163 529 327 488 341 507 396 527 425 556 377 554 405 580 335 587 364 615 367 719 394 744 359 747 387 773 394 711 421 742 61 585 98 620 131 787 157 816 117 770 140 793 206 704 235 723 537 811 578 852 549 856 581 892 533 885 558 904 319 30 364 72 319 240 338 269 330 261 346 283 354 286 370 307 389 310 405 333 338 531 364 549 405 551 427 569 270 913 291 947 694 864 720 898 654 773 679 792 698 942 720 964 395 759 427 796 584 697 615 719 690 669 710 689 697 700 720 722 654 593 675 614 711 606 720 624
20150921_131833_image521.png,45be1212246dddab85dc831fbe3d5687882efd6f,56,217 906 266 957 260 910 283 949 105 772 125 793 118 788 139 819 537 860 569 893 525 887 545 904 528 813 563 852 696 875 719 898 358 723 382 746 357 749 376 765 382 713 407 737 194 705 215 720 324 589 354 617 385 528 415 559 366 559 396 582 213 597 245 626 227 626 244 641 185 586 205 612 212 572 236 601 132 511 152 529 238 505 267 535 189 490 211 508 315 492 330 506 166 401 207 438 279 377 308 403 262 375 285 396 252 333 285 367 299 287 333 323 269 292 299 325 208 303 241 341 180 296 213 332 160 239 191 269 221 182 251 215 247 187 273 218 271 187 288 220 308 247 326 270 310 37 341 72 330 48 352 75 298 59 319 75 222 423 254 450 303 410 325 441 333 293 356 311 375 315 396 334 361 337 371 354 328 536 351 553 43 592 70 621 68 588 88 612 381 765 410 806 676 852 698 891 685 943 713 977 579 700 602 725 642 596 664 619 696 607 720 633 678 674 702 696 684 699 718 725 641 779 669 795
20150921_131833_image526.png,07075e7e1641f666903ecf3c8f6f8b51cca09311,56,197 902 246 953 241 907 264 946 85 769 105 790 99 785 120 816 517 860 549 893 506 887 526 904 505 813 540 852 339 720 363 743 335 747 358 763 363 712 393 742 194 705 215 720 307 587 337 618 366 528 396 559 349 558 379 581 194 593 226 622 209 622 226 637 166 584 186 610 193 569 217 598 112 509 132 527 220 497 249 531 172 485 195 506 297 490 312 504 150 395 191 432 263 376 293 402 244 374 267 395 235 332 268 366 283 285 318 323 253 291 283 324 193 299 226 337 165 293 198 329 145 235 176 265 205 178 235 211 233 184 258 215 257 186 274 219 292 242 310 271 286 409 308 440 318 293 341 311 358 313 379 332 345 338 355 355 30 589 57 618 52 584 72 608 361 762 390 803 665 943 693 977 559 700 582 725 622 595 644 618 682 608 706 634 660 676 684 698 669 698 703 724 620 780 648 796 297 33 337 74 303 263 319 284 200 417 237 453 317 537 332 550 177 700 201 719 174 636 187 649 662 865 707 899
20150921_131833_image536.png,49bb22a40cc9c7816a223bed84f53fe1c93c4b0d,60,262 1 292 27 284 1 305 27 168 131 199 166 197 138 223 170 221 141 240 174 106 188 142 226 122 244 160 287 156 247 186 294 195 287 239 329 222 245 252 283 248 241 287 282 257 199 280 226 294 244 306 270 273 216 284 243 323 248 338 261 328 271 347 291 309 291 324 321 225 330 256 364 212 328 234 354 116 352 155 390 166 375 203 413 250 364 273 401 130 441 161 468 78 463 97 489 14 543 34 563 132 540 157 570 153 524 185 558 160 552 194 588 172 583 193 601 183 448 227 497 262 451 279 466 331 484 366 519 666 436 695 461 699 443 714 461 589 559 609 576 647 571 684 598 314 513 346 548 285 493 296 510 271 546 305 582 141 661 167 674 139 592 152 610 52 721 74 749 64 747 91 779 154 859 206 908 200 865 222 902 471 843 492 862 480 818 512 852 470 770 506 810 627 634 652 655 630 659 668 687 528 663 550 684 301 680 331 707 328 672 360 703 392 646 409 657 296 707 329 733 328 723 361 761 625 825 670 857 589 736 615 756 698 699 720 718 625 894 652 928
20150921_131833_image541.png,d9f0428b8919ae344daa5c8801339cc1368ed930,60,269 2 301 21 165 121 195 156 193 129 220 161 219 130 238 163 104 178 140 216 117 235 155 278 152 239 182 286 194 277 238 319 221 236 249 274 244 232 283 273 254 188 274 215 267 196 278 223 320 240 335 253 326 261 343 281 305 281 320 311 223 322 254 356 208 321 230 347 111 343 150 381 162 371 199 409 248 356 271 393 128 432 159 459 73 453 92 479 7 534 27 554 123 529 149 559 148 514 180 547 153 541 187 577 164 571 185 589 178 439 212 486 262 440 279 455 327 479 362 514 664 429 693 454 697 434 710 452 578 551 598 568 637 562 674 589 309 505 341 540 277 481 288 498 268 537 302 573 136 651 162 664 134 567 147 595 49 714 64 742 57 736 86 768 147 848 199 897 193 855 215 892 464 833 485 852 474 808 506 842 464 762 500 802 615 625 640 646 620 647 658 675 525 654 547 675 297 670 327 698 324 664 356 695 392 646 409 657 289 699 322 725 610 810 655 842 580 725 606 745 611 885 638 919 294 239 305 257 676 523 689 537 692 687 713 712 322 717 350 754
20150921_131833_image546.png,f28f7f069b2e5982ccfca3aea3c03562934877f0,59,166 827 211 876 621 869 647 899 626 802 658 827 481 790 512 826 473 746 507 785 209 836 227 864 335 701 357 713 302 680 327 701 308 652 334 677 334 645 362 671 71 716 100 747 61 700 76 719 633 636 664 660 627 611 648 629 651 548 677 571 531 639 554 658 158 497 189 527 136 513 159 536 164 525 198 554 178 551 194 564 147 552 156 580 280 519 310 549 323 489 350 516 340 462 367 488 348 485 368 499 83 434 104 455 144 418 165 436 194 419 235 473 274 422 286 434 124 323 160 359 170 350 211 378 262 338 279 365 237 302 265 330 220 301 244 320 209 258 245 294 131 214 172 252 164 220 197 261 256 209 293 245 229 215 258 248 117 156 150 185 177 99 212 134 211 104 233 138 232 109 248 142 271 167 287 192 320 263 328 288 340 241 354 258 294 218 316 236 283 467 307 483 3 511 43 544 149 630 171 649 469 813 491 836 677 412 696 431 699 417 719 435 688 502 707 519 617 513 638 529 592 534 616 555 589 715 616 733 581 767 600 785 608 786 629 814
20150921_131833_image56.png,00f69b6d25cfec5c5ea8afa83e8ac3d4bd6333ef,26,346 789 378 814 250 773 284 802 138 751 177 790 407 674 439 704 172 661 191 696 284 628 316 663 364 636 394 666 345 653 365 678 155 718 180 746 270 642 292 665 72 552 93 571 93 569 109 583 418 620 441 647 436 573 468 608 392 556 417 581 337 522 353 535 52 456 73 469 336 543 355 552 366 418 399 436 381 351 411 380 369 330 396 359 250 165 274 194 272 146 292 168 221 539 232 551 326 150 350 168 157 685 167 699
20150921_131833_image6.png,5c584b2e15887e2e1e089a3abbc1657a08c130a5,25,419 753 450 788 512 779 545 807 609 794 639 823 540 640 573 675 434 720 451 749 668 686 702 719 622 648 649 678 600 664 621 688 210 615 239 646 450 671 464 703 391 636 409 663 338 563 360 585 127 552 150 567 355 580 373 601 650 574 672 593 704 596 720 625 566 562 586 579 516 201 545 231 537 182 559 208 625 356 653 388 632 375 664 407 602 188 613 205 628 444 647 456 681 638 693 656 525 646 546 682
20150921_131833_image61.png,32fce5562d916baccba0ec016e12cf9341fc63e5,23,270 155 300 183 288 134 314 159 351 140 374 163 397 319 425 352 410 337 440 372 384 340 404 357 394 410 424 423 352 515 379 539 417 546 445 566 438 566 474 605 434 603 465 644 432 668 466 701 384 625 419 658 367 647 388 673 301 617 338 656 290 630 312 662 274 763 308 795 375 780 406 810 158 743 198 780 178 706 201 736 192 653 214 689 119 561 142 579 100 540 126 563
20150921_131833_image66.png,19a607277b1f0c5a98e40b22937faa8eb3b8fb4d,23,250 145 278 176 265 124 295 151 383 308 410 338 395 325 426 359 388 397 411 416 332 506 363 537 417 557 455 593 284 610 325 647 276 635 308 651 370 616 405 647 425 591 454 623 426 653 461 689 353 637 377 660 160 646 197 685 161 704 183 737 141 737 183 776 262 757 297 787 364 769 398 800 88 532 116 562 331 127 356 152 109 551 128 580 404 537 433 559 377 531 394 554
20150921_131833_image71.png,e8df5ddeed347dd99daf89aafc9505ef2871e5c7,24,246 148 279 181 263 127 289 153 326 129 351 151 385 308 414 342 396 328 429 363 332 510 361 545 434 557 470 595 437 605 458 629 374 622 405 654 358 644 382 667 431 658 467 694 286 617 327 658 276 643 298 660 263 765 298 798 368 779 401 808 135 747 174 782 155 710 177 739 167 655 191 693 392 401 413 412 88 544 107 569 111 558 123 584 375 536 397 564 407 534 425 561 373 331 394 353
20150921_131833_image76.png,03d6bbd8169581a1ef48d81c4a8341c3dd7bf129,23,228 152 259 188 244 133 269 158 304 135 331 159 360 318 390 351 374 338 407 372 303 521 339 560 350 551 373 565 384 549 413 575 428 561 462 599 412 617 433 646 400 674 435 710 347 635 380 666 334 657 353 682 263 630 299 667 247 647 274 670 340 795 372 822 232 778 270 810 103 760 142 793 125 720 147 752 137 669 161 708 58 553 81 578 349 337 373 362 76 566 95 594
20150921_131833_image81.png,831069b170361aabe4893ba507da043298e3b932,24,224 122 254 157 241 97 267 124 301 103 330 124 356 296 386 327 371 315 402 350 297 500 327 539 283 518 308 548 375 533 400 556 422 544 457 584 400 606 420 628 386 661 421 695 337 615 367 652 321 632 341 662 250 611 287 649 238 619 262 653 319 778 355 808 217 761 253 793 84 740 126 776 111 702 132 735 122 646 147 685 43 532 68 555 338 531 363 556 361 388 381 401 62 541 88 571
20150921_131833_image86.png,50978711e897ee60ba35fa5c638a2958b3140883,23,162 107 201 145 181 84 215 114 303 285 341 321 318 318 354 350 302 385 336 412 232 500 280 553 201 608 235 649 181 615 210 653 50 643 88 685 33 702 74 741 29 740 69 780 158 758 194 796 240 409 268 431 287 521 316 553 321 528 349 561 353 549 393 589 340 589 372 624 282 615 320 652 267 638 296 663 339 657 378 695 267 781 303 813 0 518 23 561 254 96 277 114
20150921_131833_image91.png,c3082e8af2f7c6e841d0de5d4ce2865a9272388b,19,83 115 116 151 101 94 129 118 164 97 194 118 233 292 261 325 246 311 279 347 237 388 266 414 155 506 201 552 269 560 309 601 277 597 306 634 275 663 314 698 211 623 246 659 199 646 220 674 0 661 15 701 113 618 162 664 90 776 127 810 205 791 240 820 223 316 242 328 254 536 276 558 210 534 241 557
20150921_131833_image96.png,b36c095e9ab73658153ed639d770b3172bc29ba0,22,36 110 66 146 52 90 76 116 188 291 220 323 204 310 238 348 187 390 222 415 126 94 143 116 108 506 154 554 83 620 116 660 67 629 95 667 171 628 203 661 157 649 176 676 224 563 259 604 45 779 84 815 166 795 203 824 227 669 264 705 231 602 258 639 162 536 198 559 212 533 232 560 253 562 268 579 676 668 692 683 712 638 720 658 710 596 720 609
20150921_132038_image1.png,83b73229463d136dd2a35813194490d8c10c7cb0,29,371 235 403 266 218 437 239 464 233 526 269 563 240 569 270 597 363 561 394 587 132 549 153 573 199 680 228 703 223 685 251 703 53 674 88 696 221 750 244 775 189 767 222 800 202 817 237 851 398 537 421 561 513 526 546 561 477 486 504 514 449 490 464 512 456 856 470 877 577 839 596 864 656 708 678 723 671 826 700 850 637 838 660 862 453 506 484 532 240 444 269 468 625 800 650 818 680 857 698 884 662 861 674 877 355 931 386 947 90 620 108 639 84 658 104 678
20150921_132038_image1001.png,2d3d0c15429e8159275e7e8bed525d1c5fd0bee0,15,53 548 85 581 100 584 125 613 697 492 720 524 601 600 633 626 58 601 82 624 59 617 75 634 74 622 88 639 90 630 124 653 104 641 137 669 105 677 132 709 168 920 217 967 183 967 203 984 173 1042 215 1090 698 745 720 770 702 779 720 798
20150921_132038_image1006.png,95da997913d94e1bf590c4a6b5d0daa9e6e74fae,16,693 415 703 433 696 431 720 463 657 490 695 521 562 600 592 625 668 740 698 765 692 757 720 788 671 770 703 795 124 927 171 976 137 974 157 993 129 1051 174 1091 47 687 81 713 48 637 88 674 23 628 51 658 48 588 75 624 2 555 36 589 8 607 32 641
20150921_132038_image101.png,0351224d362fbf86f390889d31d95b8c204e5eba,70,69 517 91 539 87 555 110 586 60 539 78 561 31 522 50 547 28 882 46 904 173 773 183 786 172 799 197 814 175 817 188 826 228 853 243 870 332 832 343 844 383 816 405 842 402 781 417 800 450 792 473 815 363 752 372 773 306 696 322 709 371 692 382 702 464 717 477 737 471 703 485 719 486 671 506 689 479 645 499 661 507 645 516 652 570 587 582 602 519 518 534 536 637 687 648 708 716 835 720 843 567 744 579 754 529 754 547 778 514 742 527 762 474 730 485 738 711 504 719 512 631 457 660 487 589 452 603 474 502 450 521 473 582 428 595 438 516 397 535 413 443 409 461 429 429 431 450 448 413 422 427 440 402 390 410 408 373 490 381 509 630 187 649 203 680 209 689 224 656 218 672 241 705 283 720 303 660 264 682 284 588 260 599 271 573 273 595 298 595 280 614 301 483 605 503 625 1 528 20 547 571 398 587 413 561 405 580 418 628 483 650 509 565 529 579 558 592 518 616 544 698 442 718 463 634 251 655 267 637 271 656 288 632 290 649 310 669 321 685 338 654 690 679 710 665 707 684 728 82 794 95 816 19 746 43 774 263 712 282 731 507 808 526 833 695 823 714 844 698 789 715 809 705 714 716 736 549 607 564 621
20150921_132038_image1011.png,be8461293cf2e4c392f1f3eed757c1d2f7b53114,14,1 641 25 670 2 597 10 614 1 692 16 722 56 936 108 981 96 926 114 939 34 959 53 989 77 980 97 999 69 1059 113 1101 611 764 642 793 634 750 663 783 610 737 639 763 497 597 531 624 592 489 625 514 631 427 659 456
20150921_132038_image1056.png,8e28d1983e734ff8091c2818ea8cb3abfa5cdf93,13,381 448 413 483 344 510 374 541 536 626 557 654 364 764 394 790 381 779 405 815 363 795 390 822 481 818 497 843 551 765 578 792 578 777 604 800 653 769 672 787 665 746 698 777 680 791 712 823 227 622 258 648
20150921_132038_image106.png,f3be87d34acdd281c237d6314404620779e2343a,73,538 183 561 200 567 209 586 235 629 224 653 251 486 270 508 294 504 253 514 272 543 247 566 267 550 267 568 286 572 258 596 278 507 270 530 297 617 272 637 299 643 259 665 285 632 296 658 319 585 315 598 334 543 285 564 306 702 427 716 447 610 433 633 453 550 447 577 476 483 393 505 408 506 443 526 467 1 565 27 602 404 641 429 663 448 509 464 530 347 429 370 450 356 409 379 430 434 395 460 413 502 426 514 436 419 446 444 474 330 419 352 444 409 664 434 686 543 468 567 493 635 663 664 691 709 694 720 714 93 782 119 823 96 827 115 841 190 714 212 734 230 700 251 714 243 646 261 659 284 753 299 776 209 773 224 792 310 813 330 848 326 781 345 804 387 712 410 739 391 685 415 715 432 736 456 759 451 749 471 775 426 636 443 648 491 578 504 594 576 678 602 706 618 702 640 722 654 777 678 801 669 803 684 823 620 810 660 834 666 865 684 884 683 876 698 894 656 297 676 317 666 274 692 295 588 202 600 219 564 337 575 358 473 604 486 614 699 273 705 285 0 532 5 551 488 739 498 749 708 870 720 886 335 403 348 420 506 516 533 540 395 594 416 611 410 606 431 624 158 801 168 822 377 789 408 814 439 790 467 825 641 772 664 791 623 774 650 799 643 863 674 885
20150921_132038_image1076.png,9d01965dc73a5d4b4f9325685e21d7adc449463a,13,243 405 280 438 388 584 412 615 232 728 265 756 248 745 266 781 228 758 257 790 332 785 346 809 351 758 370 794 419 736 445 756 446 745 464 768 545 755 582 791 647 822 672 850 527 711 565 744 522 731 541 749
20150921_132038_image11.png,6736e48b0d93056c2eb1d0844cceb9dff2ee3e9c,33,363 235 397 271 209 444 235 470 234 448 260 470 227 532 258 562 234 573 265 602 83 623 99 640 84 669 95 681 192 685 218 709 213 696 249 716 213 759 243 782 196 827 233 854 125 558 146 579 509 535 538 566 475 494 496 519 461 512 483 534 360 564 384 591 394 549 417 571 441 497 460 521 650 713 670 726 574 845 589 864 638 841 663 867 675 837 694 853 170 557 193 587 49 675 80 702 78 680 90 697 84 644 102 661 180 773 223 808 350 935 385 949 456 858 467 883 488 776 502 801 616 803 649 823 678 860 693 889 590 792 602 806
20150921_132038_image1101.png,dbd3d406a3a3a510dc874659b8a9d85e927190d7,17,50 769 75 795 58 787 78 826 45 804 71 833 159 803 181 836 180 818 209 839 188 625 215 657 6 506 36 531 42 441 70 476 394 790 430 823 376 742 409 775 364 769 384 784 494 852 524 882 252 779 274 795 158 615 174 642 134 826 145 857 275 783 285 799 448 854 467 873
20150921_132038_image111.png,309c0f290dcf6cdcb81e8fb39c9e58b5d7bdedca,76,214 657 226 666 201 711 210 721 158 727 176 742 53 797 74 811 172 788 189 800 123 824 132 832 125 838 135 845 238 844 249 857 273 827 292 857 286 794 305 813 249 764 257 786 350 724 360 737 354 735 364 745 356 709 370 720 374 681 392 695 358 697 366 706 363 648 386 671 393 649 402 657 369 615 386 632 406 524 419 539 444 747 454 762 410 759 434 785 393 750 417 765 357 798 375 819 435 609 447 621 358 609 363 617 369 602 375 609 453 537 466 553 471 535 488 546 463 455 479 475 460 433 469 444 396 399 413 419 379 456 400 479 318 418 336 437 293 433 305 449 308 437 329 458 563 446 576 465 651 442 666 456 666 396 683 412 540 324 549 335 585 308 605 327 607 308 622 320 601 266 622 298 581 238 600 258 565 284 584 307 523 267 544 286 540 214 548 227 492 191 511 208 519 221 531 242 501 256 516 269 589 675 612 691 662 700 675 718 577 711 591 726 530 694 541 709 544 705 551 715 582 784 593 792 599 779 616 789 610 786 632 807 627 812 637 829 679 838 688 851 714 869 720 884 624 876 637 888 641 885 650 894 706 908 711 917 294 410 309 431 441 398 465 418 499 480 521 505 504 455 534 486 505 275 519 295 443 280 465 302 464 282 486 306 455 264 468 279 62 824 87 854 579 818 611 838 659 867 697 892 707 821 720 843
20150921_132038_image116.png,97fa70dd4c07b678630d95eb607cc4cfdd54c594,76,187 657 195 666 127 734 147 747 17 803 41 816 143 793 162 802 217 772 227 790 255 798 269 816 112 879 121 894 242 832 262 859 335 797 355 820 384 763 404 787 417 749 425 763 323 728 338 747 349 679 363 695 338 646 360 669 364 652 376 658 410 616 418 623 351 617 363 630 579 780 592 788 589 787 610 807 563 782 571 792 558 820 572 835 576 829 590 838 605 812 615 825 658 838 670 851 694 871 704 885 639 701 650 717 424 535 436 552 402 488 413 496 437 454 451 471 479 457 504 480 534 446 555 464 622 441 634 455 349 455 367 478 372 400 388 419 643 394 656 404 617 276 627 288 574 265 586 288 586 304 597 319 559 304 579 324 555 234 574 253 541 282 561 302 514 212 525 223 492 213 506 239 466 188 484 205 479 252 488 268 498 265 520 285 481 272 490 289 437 278 454 303 431 262 441 274 418 278 435 299 518 319 525 331 290 417 307 440 263 431 280 447 277 437 298 456 263 404 283 429 412 406 428 421 425 397 439 416 379 513 400 538 442 532 459 549 477 480 495 504 474 536 489 550 330 603 351 620 24 828 55 862 199 844 215 862 211 850 224 866 92 828 105 852 367 752 390 769 328 706 345 723 564 669 597 693 504 688 529 715 553 709 570 728 699 747 717 767 643 866 664 889 662 864 676 886 658 878 679 892 597 894 613 914
20150921_132038_image1161.png,ba52839655e900a6b46e25beb5943f70f4d2523a,9,495 348 525 386 351 685 379 719 686 899 701 915 694 785 707 798 40 757 60 776 54 735 79 767 66 784 101 819 102 849 120 867 141 849 166 877
20150921_132038_image1191.png,05a5d5f1fc3d909cdd27ecaf76a3b401ed5b6eca,5,288 343 328 381 144 683 178 721 518 776 547 803 534 755 575 776 544 913 565 943
20150921_132038_image1196.png,097093e966e8c8b9b64d12247891c3d8823f0b44,8,63 675 104 715 481 736 516 767 215 334 256 369 351 529 375 555 456 764 485 793 451 749 482 768 473 911 497 936 487 858 515 880
20150921_132038_image1206.png,dc2863db6d316fec891cbb3f6bbeb9dfbebd735b,6,100 326 138 365 354 737 410 778 381 895 399 921 369 847 408 879 702 721 720 746 258 525 271 547
20150921_132038_image121.png,b4080f12cc698238ac0b5c7c04e1334891d71859,74,218 860 237 886 195 795 205 816 113 755 129 772 319 670 340 689 328 705 344 719 311 732 322 745 400 555 411 573 418 554 435 568 386 509 397 518 419 473 435 491 460 475 483 500 405 420 420 435 352 422 371 441 331 475 354 497 272 436 289 458 243 456 256 466 259 459 280 476 508 463 534 484 595 454 610 467 631 412 641 423 614 521 625 538 478 706 497 735 528 733 547 750 622 727 633 737 562 802 576 809 572 809 591 827 541 843 558 858 559 852 571 859 588 835 597 849 633 895 649 908 648 896 664 912 680 892 690 906 674 923 683 937 704 883 714 895 621 897 632 921 708 800 720 816 542 321 563 344 562 325 580 336 552 277 581 325 524 300 545 322 500 340 508 354 536 252 556 274 482 285 501 303 457 274 471 290 463 292 475 309 448 207 467 222 472 233 488 259 413 282 423 294 400 297 419 318 421 299 438 321 599 290 606 306 495 228 507 245 247 427 267 447 362 533 382 555 596 400 619 419 462 311 477 332 312 622 345 657 0 827 21 847 2 855 29 885 62 846 81 867 123 814 142 829 162 734 172 753 179 873 195 886 228 821 250 849 303 748 321 774 341 775 365 795 391 766 409 789 356 786 382 811 403 680 418 708 542 690 573 714 577 901 598 919 585 917 609 939 693 947 720 965 641 860 656 877
20150921_132038_image1241.png,f160e25d3dbe039d446650566bf2abb2a5e20a04,6,80 759 109 774 31 874 73 912 24 914 63 949 552 726 572 747 651 736 687 767 658 846 701 884
20150921_132038_image1256.png,b3293bd6054f93d05934e10fb9c1eaa5ac827044,8,496 592 518 615 603 704 632 732 677 685 713 714 350 809 374 828 429 770 457 801 516 784 554 819 523 901 561 938 606 933 645 962
20150921_132038_image126.png,02018292efff8ae176584a4f56792715610ad011,70,200 505 215 516 216 510 239 527 229 488 246 513 291 527 310 549 314 473 333 491 366 473 383 490 262 428 268 433 379 526 392 543 419 528 444 554 346 560 359 570 372 662 387 670 365 607 388 624 274 724 293 743 251 775 260 788 107 789 117 799 62 806 82 823 138 850 149 873 173 881 190 902 158 919 178 948 119 938 136 951 14 915 26 930 281 760 291 773 499 701 507 716 552 668 563 680 490 792 502 810 521 861 536 870 530 869 551 889 546 894 558 907 500 903 515 919 603 924 617 936 674 860 692 874 642 954 653 970 507 866 519 874 581 787 590 794 502 751 519 771 574 576 588 592 547 513 558 522 461 521 473 533 463 396 473 410 504 379 521 400 526 378 540 394 518 343 535 369 498 311 516 330 486 357 505 375 444 340 464 360 429 349 436 362 420 330 434 346 411 264 428 281 384 354 399 376 364 352 384 373 375 336 388 349 357 735 370 748 204 468 227 499 434 287 452 316 274 677 302 708 254 798 269 829 287 832 312 852 336 829 353 846 435 760 454 791 513 910 532 930 541 958 559 980 547 977 566 998 582 957 597 989 601 950 625 973 664 943 685 962 593 995 611 1012 627 985 649 1000 555 451 581 474 583 469 598 485 544 349 567 373
20150921_132038_image1306.png,5835815be12d70f8c1e2afa9f919a9ea082597c3,11,165 574 192 601 141 588 154 603 199 693 231 725 86 903 129 938 193 931 231 962 528 851 556 871 413 756 455 788 444 722 470 746 394 734 435 764 707 884 720 900 711 860 720 883
20150921_132038_image131.png,ed4d74b4254e487933e72f4c32534c1981075264,68,172 512 185 522 187 517 210 534 203 495 220 518 293 481 312 498 263 536 287 556 188 486 200 499 345 482 360 502 353 537 366 558 393 541 416 563 100 735 113 747 240 734 261 756 219 787 225 801 25 818 37 835 39 822 45 831 92 860 106 884 109 933 133 964 126 896 145 917 307 839 316 854 328 618 356 635 343 361 363 381 356 346 367 356 404 359 419 377 425 350 446 369 402 338 417 351 415 310 428 323 432 302 447 317 391 274 411 291 478 320 495 342 443 405 452 422 465 367 486 387 497 355 514 378 483 390 503 411 504 394 523 409 537 363 548 376 523 532 532 543 552 592 569 606 460 721 468 736 499 887 517 909 513 916 523 931 571 945 586 958 646 881 665 896 611 973 622 991 556 797 570 808 323 569 337 579 335 581 343 588 490 878 506 890 363 361 384 387 559 489 574 504 243 685 268 719 391 728 413 748 394 779 410 810 244 846 274 870 271 856 290 878 575 971 593 994 639 964 660 983 668 987 687 1014 521 1000 536 1025 465 918 485 939 477 932 501 948 471 881 487 900 437 803 467 829 467 771 496 791 545 978 572 1003 557 970 575 994 512 985 528 1001 569 1008 592 1034 563 1024 576 1042 630 1030 653 1049
20150921_132038_image136.png,ae4286ee5820ee2896df92e6717fda37d9a4ee0e,67,140 487 154 499 156 492 177 509 169 472 185 491 159 465 174 473 261 458 284 476 231 512 250 533 320 513 335 532 390 512 402 527 294 546 301 557 318 649 326 655 211 665 224 680 225 684 233 698 208 714 226 733 279 733 291 741 217 776 225 785 192 765 199 778 3 799 12 813 60 840 71 864 90 878 113 899 73 915 97 942 356 766 371 787 458 715 468 728 464 867 483 888 432 902 446 918 476 897 488 911 536 920 553 936 613 861 632 879 517 777 532 793 521 570 532 587 540 565 549 574 604 798 611 811 451 366 470 387 472 369 489 383 506 342 513 354 444 295 462 315 434 344 452 364 393 325 414 344 371 312 385 329 377 333 389 347 334 338 353 359 313 335 336 359 324 317 335 330 360 245 379 264 326 413 333 424 573 952 584 973 278 578 292 590 286 594 320 616 357 516 387 548 411 379 421 399 381 282 400 298 462 325 484 361 323 553 344 571 478 509 506 524 206 829 239 850 249 816 282 842 224 842 253 867 443 911 467 929 399 704 424 726 429 745 459 772 403 788 431 807 441 856 474 888 541 952 556 977 528 951 543 967 514 964 545 983 605 946 627 963 532 989 554 1013 521 1004 544 1025
20150921_132038_image1371.png,f46ab9f4f04f0f09b0243aaea67de6349805bbde,26,315 505 348 538 345 513 379 546 317 494 340 510 376 485 408 518 410 479 446 521 320 661 349 693 415 618 449 645 528 670 563 700 559 675 589 705 584 677 620 713 622 676 647 709 603 658 617 671 460 726 494 753 447 727 464 738 345 802 365 823 323 823 336 846 258 869 290 901 206 859 236 887 239 838 248 852 194 845 215 862 172 856 205 886 173 885 203 904 460 882 492 908 485 898 516 927 677 772 700 802 509 884 531 908
20150921_132038_image1386.png,3c6b178970db3f151b757bff8534fc742ae9ecec,25,339 495 370 535 370 468 403 505 408 476 442 512 311 643 348 671 537 666 569 693 569 678 597 708 596 688 626 720 459 722 489 751 171 820 198 845 203 823 218 850 190 804 214 820 236 834 263 866 233 802 250 822 445 865 468 895 485 875 510 898 466 893 496 918 608 665 634 689 428 657 452 684 399 613 421 631 172 843 197 865 326 779 353 805 446 718 468 732 508 692 521 714 439 681 459 704 305 479 340 525
20150921_132038_image141.png,1fc80350675c483a7dc7f21c0ca291d5a50933f7,70,104 492 118 507 120 496 142 515 200 515 222 536 232 459 252 477 261 487 269 496 281 490 286 498 289 512 304 532 329 518 338 533 370 511 380 522 183 670 195 680 180 722 195 736 167 769 176 779 194 689 205 701 27 852 38 877 56 886 78 910 43 926 67 957 327 765 342 788 360 776 383 786 383 786 409 807 408 748 431 764 434 710 449 725 361 708 376 724 426 719 433 726 497 770 517 787 439 856 450 866 445 863 465 886 414 901 429 919 427 909 447 927 459 894 472 908 522 922 536 930 561 950 573 970 505 948 546 981 603 853 622 869 587 791 600 802 521 595 530 604 529 557 539 572 501 563 513 580 425 553 434 562 298 412 304 422 125 536 135 548 445 501 468 512 392 401 408 416 384 377 394 396 421 360 440 382 442 360 461 379 474 329 483 345 431 320 439 337 403 337 419 359 411 291 429 309 326 242 343 257 361 320 381 343 338 308 353 325 341 331 354 344 301 334 319 357 280 333 300 354 291 316 306 329 437 335 451 348 377 241 385 251 487 434 500 447 506 456 519 470 248 598 284 618 274 547 284 554 476 914 485 928 126 466 143 483 134 475 151 499 343 343 367 366 214 819 253 848 181 835 213 857 607 886 619 902 573 818 598 842
20150921_132038_image1441.png,34c59b6b9c50513b588f1234f31c3a71ea695b73,9,88 727 118 762 62 729 87 763 83 710 104 727 0 716 24 749 178 830 212 866 192 795 219 821 172 791 191 812 148 808 167 829 702 976 720 995
20150921_132038_image1446.png,567bd6ec309b3b0b8c23c836c7648a370828aa50,9,65 705 101 736 84 687 116 709 100 696 132 733 190 806 222 837 154 781 173 804 181 766 205 790 203 768 234 794 47 702 71 722 1 688 32 721
20150921_132038_image146.png,3cce0f3bdca7c6d0860235fe24b56689c1829a76,76,310 255 329 274 359 254 369 268 325 321 338 337 395 302 411 320 346 334 368 355 328 342 342 361 281 332 291 346 266 349 304 371 386 350 406 370 453 342 466 358 404 373 423 395 425 370 443 387 469 443 481 458 482 465 497 484 371 391 380 408 220 472 242 492 120 486 135 499 123 499 137 513 91 511 109 525 187 530 207 554 274 528 290 547 342 524 354 539 256 560 273 573 171 685 181 698 184 705 192 717 164 742 178 751 37 907 63 927 23 944 47 974 305 775 323 810 339 790 360 807 362 798 369 813 389 759 406 780 375 801 389 821 486 786 500 805 418 721 435 739 348 714 359 723 227 618 251 632 250 608 265 622 487 573 502 586 532 570 544 581 429 881 451 901 423 871 437 879 402 914 415 933 417 924 432 937 442 905 456 923 549 960 562 980 592 864 611 879 563 834 574 847 579 803 587 813 715 501 720 508 280 424 291 435 385 413 395 427 243 591 253 604 522 605 532 615 10 882 22 894 107 513 131 537 333 358 353 379 337 292 348 307 409 331 421 350 417 344 435 361 424 510 443 526 47 730 58 744 160 851 189 875 509 927 528 947 506 960 533 985 502 975 525 991 476 984 495 1006 627 974 651 995 508 997 533 1023 458 928 485 947 414 586 446 610 412 572 427 594 394 650 412 668 223 752 236 771 177 871 198 887 206 838 230 860
20150921_132038_image151.png,27cd8c6b0fa909630e8eab08dba609d39a8a621a,86,96 521 112 536 114 523 135 542 128 502 144 525 160 497 175 509 189 543 209 566 227 483 248 502 125 484 142 489 277 539 289 554 265 567 280 580 249 600 260 616 184 714 191 727 256 744 264 761 292 795 309 818 235 792 245 814 213 763 225 776 226 780 234 791 315 539 342 569 433 604 449 621 530 574 542 588 552 585 562 596 544 618 554 627 479 475 495 498 468 453 481 471 492 588 499 601 425 735 436 749 330 730 337 743 453 802 471 818 478 799 498 820 290 439 297 451 295 487 304 499 292 362 311 384 274 360 291 381 287 345 296 355 329 337 344 351 334 355 344 371 348 346 369 368 396 317 412 333 312 270 332 285 388 361 406 381 405 385 425 407 430 386 446 401 452 354 464 369 420 354 429 370 409 344 420 363 390 424 400 438 345 514 354 527 562 845 578 864 596 877 615 898 382 771 401 793 411 734 428 742 336 803 357 813 396 821 405 845 582 819 590 828 451 887 468 893 418 884 434 893 424 893 445 915 397 928 412 946 411 937 427 952 439 919 451 940 509 942 527 958 463 938 476 955 503 974 514 993 509 974 529 1000 547 978 559 999 488 911 495 921 474 986 495 1005 421 535 428 546 31 915 54 937 16 952 38 981 3 894 16 905 118 566 126 579 191 504 212 521 448 467 472 482 407 608 434 628 467 593 491 617 216 631 237 646 239 618 257 636 342 371 356 394 360 265 375 278 149 864 176 883 199 849 218 875 168 882 189 898 231 889 256 920 536 1017 553 1045 575 1028 599 1058 353 808 382 839
20150921_132038_image156.png,77aa1640f23720d0629336b68ae73426218a814a,71,314 262 330 279 375 231 391 242 389 261 395 274 363 261 371 271 396 311 412 327 332 328 348 344 285 338 298 353 274 353 294 375 294 354 314 376 331 347 345 367 349 340 371 359 390 356 407 372 405 379 427 400 433 379 448 396 451 346 464 363 466 448 483 465 479 471 498 492 294 424 314 443 327 448 335 456 341 506 350 518 292 472 304 487 307 530 329 558 272 530 284 543 408 600 429 616 495 584 513 598 574 573 593 589 577 610 588 623 179 533 205 557 159 486 176 500 161 445 170 452 120 492 134 518 105 515 126 534 89 511 106 528 149 529 158 538 205 620 218 633 255 596 269 608 160 685 176 700 134 854 141 870 10 900 37 923 2 937 20 967 281 784 290 809 240 783 249 799 299 723 314 738 271 731 278 744 410 727 437 742 446 797 463 812 478 795 503 815 323 795 346 805 206 767 225 780 417 876 442 906 448 880 465 889 435 914 446 931 395 920 407 937 408 931 423 947 510 938 525 955 547 974 563 995 395 416 406 427 553 569 579 583 339 367 363 382 447 460 467 474 435 601 454 617 449 547 470 567 560 586 580 595 373 763 393 791 342 802 375 826 401 824 417 854 511 969 525 987 450 1030 472 1047 585 1028 604 1052 582 984 607 1001 446 937 472 952
20150921_132038_image16.png,3c44c1f789005b1412e3e70d6ac654c6bb278af9,32,368 239 395 275 211 442 240 468 240 451 260 473 225 532 260 571 235 575 264 601 192 686 214 715 212 690 246 711 358 568 388 598 393 552 415 568 474 494 496 523 460 518 479 536 507 534 534 569 217 763 238 783 197 824 233 858 652 714 671 726 572 848 592 870 677 839 692 855 50 674 79 704 123 559 151 581 164 557 190 588 77 669 98 709 85 623 104 655 180 778 223 808 459 855 471 881 358 934 390 952 633 845 657 869 663 830 679 850 616 803 652 820 590 790 602 804 676 861 692 885 487 772 506 802 438 498 459 527
20150921_132038_image161.png,88ff436b0cb4bcdb475a7016f3866a1729303d65,66,306 226 325 245 369 195 385 210 385 226 400 240 357 246 372 265 386 276 401 292 397 303 406 324 436 314 448 333 417 348 435 361 394 345 414 369 378 324 397 341 342 304 359 325 326 292 343 306 322 311 339 329 284 303 294 313 269 318 287 337 287 319 305 341 286 441 295 453 389 386 398 397 402 392 411 399 459 441 479 463 288 497 304 525 259 504 268 518 162 453 181 465 174 498 197 521 115 458 130 479 102 480 122 499 87 477 102 494 149 653 161 663 298 764 316 779 316 768 323 785 331 774 344 794 346 734 361 748 179 732 193 744 450 764 467 783 0 857 18 877 1 894 7 912 240 844 262 866 391 845 404 855 393 852 410 872 402 882 413 897 366 886 379 903 378 897 394 912 392 567 412 587 411 569 438 586 392 540 418 562 477 551 490 568 439 416 464 438 355 223 381 238 555 540 573 556 573 544 589 561 569 559 579 567 579 581 594 592 258 682 286 707 404 697 419 715 384 696 406 712 387 784 404 820 423 769 431 781 246 747 265 776 129 825 151 851 417 847 437 860 413 900 437 919 474 904 496 926 556 998 568 1016 512 943 529 968 505 979 519 998 479 889 500 905
20150921_132038_image166.png,007eba5335f397827dbf81f8ee05cc11c25a5342,82,30 374 43 384 72 459 87 476 87 463 111 481 103 444 117 465 155 436 172 449 121 425 134 438 164 484 186 507 193 452 201 461 218 429 231 444 267 479 282 499 255 518 267 524 358 472 366 490 164 572 177 589 244 666 260 682 157 715 176 729 285 746 310 761 302 753 313 769 317 759 330 779 334 716 350 730 426 711 434 723 444 753 462 768 430 754 437 766 392 770 400 785 382 829 404 861 420 834 433 843 360 871 372 887 371 879 388 896 420 886 431 900 395 865 404 880 473 895 490 908 510 928 527 953 500 862 508 888 614 864 624 880 605 571 617 582 580 528 594 539 467 550 479 563 318 579 328 597 392 554 412 574 559 490 567 501 389 523 407 550 426 557 439 571 459 427 480 447 444 405 458 418 380 370 397 387 391 331 411 353 412 329 431 349 435 300 446 318 374 310 397 332 380 261 397 275 340 291 357 309 320 297 338 317 320 278 337 295 277 288 289 300 262 302 282 325 282 305 303 328 357 232 366 246 337 236 343 252 383 210 400 226 367 181 384 193 303 210 321 231 380 350 387 359 114 803 129 822 92 494 108 522 351 209 381 223 587 544 604 556 597 533 615 551 224 674 246 704 401 684 418 700 389 684 402 695 231 729 248 759 214 736 224 751 196 735 211 752 143 737 167 757 467 932 489 957 621 886 641 900 641 866 656 882 661 848 673 866 378 786 400 805 538 919 570 941 596 923 621 938 547 985 568 1009 582 969 602 992
20150921_132038_image171.png,db0fc19e089c5d6e0780746d3f08acf5a3f10f7b,66,325 174 343 195 349 177 362 191 264 209 285 230 312 207 341 219 344 207 362 220 226 300 247 323 241 284 253 299 282 276 301 295 246 303 270 329 298 284 317 312 280 296 300 317 313 229 330 251 340 254 362 276 333 305 362 328 390 292 410 314 345 362 362 382 353 329 374 352 376 327 396 346 50 464 74 483 32 460 51 480 64 441 83 464 84 422 103 451 178 427 203 445 124 483 147 498 210 480 236 502 339 524 370 551 307 468 321 493 414 426 439 447 400 399 423 418 351 552 375 573 422 545 440 560 439 537 462 555 380 550 404 568 219 510 227 527 236 614 257 635 354 677 381 700 170 666 210 699 255 634 267 651 402 743 432 771 382 746 399 766 242 743 268 772 273 753 292 785 290 716 307 736 62 808 84 839 94 733 119 761 111 716 134 734 185 730 203 761 342 828 361 839 318 868 352 898 342 839 366 860 373 829 392 845 468 922 486 949 433 926 458 950 438 883 457 909 458 857 481 885 571 854 616 896 54 497 79 518 323 605 338 624 332 770 350 785 344 785 368 809 516 975 530 1001 539 964 564 987 505 911 534 934 493 928 526 948 369 884 392 903 354 863 366 885
20150921_132038_image176.png,70aaecf6d6d7cc488cf752efa048d97dd0cef0cc,71,317 165 335 186 339 170 352 184 254 200 275 221 303 199 332 211 335 201 353 214 218 295 236 318 232 280 244 295 275 268 294 287 235 298 259 324 287 278 306 306 270 291 290 312 302 224 319 246 327 248 349 270 320 299 349 322 376 287 396 309 340 362 357 382 340 322 361 345 364 321 384 340 42 460 66 479 24 456 43 476 54 438 73 461 79 419 98 448 173 423 198 441 113 481 136 496 328 519 359 546 286 464 300 489 400 419 425 440 388 391 411 410 341 550 365 571 430 531 453 549 370 547 394 565 219 510 227 527 221 609 242 630 343 677 370 700 149 661 189 694 247 631 259 648 389 741 419 769 367 743 384 763 227 742 253 771 257 748 276 780 273 715 290 735 44 805 66 836 94 733 119 761 95 711 118 729 167 730 185 761 304 865 338 895 329 836 353 857 363 828 382 844 454 923 472 950 425 924 450 948 424 882 443 908 458 857 481 885 48 493 73 514 316 603 331 622 503 972 517 998 525 961 550 984 493 905 522 928 493 928 526 948 353 881 376 900 338 856 348 878 332 337 345 358 203 478 216 495 560 516 577 532 570 523 590 541 84 684 101 699 87 789 100 802 328 826 349 837 422 732 439 745 444 749 464 763 543 742 559 758 536 828 554 846
20150921_132038_image21.png,93ca35fd246c65cfecd588b7a4ce65c3a03ec003,30,363 240 398 275 237 451 259 474 210 443 238 471 471 491 497 517 508 531 537 567 462 516 480 536 442 497 460 527 393 547 423 565 359 567 389 598 223 535 259 567 233 578 267 604 192 680 215 714 217 694 250 715 200 822 237 858 218 761 243 789 178 780 220 809 653 713 674 726 574 842 598 867 674 837 694 855 169 557 190 585 125 562 142 583 47 677 81 703 78 664 96 684 75 695 91 707 87 629 103 659 362 934 395 953 464 857 473 879 618 802 649 825 636 839 669 868 677 858 692 888
20150921_132038_image26.png,b37e750488119349ef0ad579ec6a0aee45c16263,29,352 239 391 275 219 538 254 571 227 579 261 606 126 569 140 584 45 680 72 703 210 759 237 783 198 829 228 859 355 570 378 594 390 547 412 570 503 535 533 571 469 494 491 521 457 520 474 537 439 498 455 527 643 709 666 725 562 840 588 865 671 837 691 855 202 443 229 473 229 452 256 475 164 562 186 590 78 629 96 651 71 672 93 710 190 684 211 714 209 693 244 718 175 778 224 814 357 934 388 955 459 858 468 880 617 804 647 819 632 832 667 869 675 860 689 886
20150921_132038_image261.png,182fcc6e794b0e9188486cbcab619344d5741502,37,407 336 446 377 215 607 250 640 417 645 453 679 243 699 283 735 358 763 385 793 161 796 203 820 152 784 179 807 10 788 34 806 646 665 681 704 595 685 615 711 610 696 640 726 629 698 653 722 534 750 566 779 599 775 636 815 631 796 661 833 687 780 720 809 558 791 592 826 433 887 469 919 444 917 481 951 413 922 445 953 173 932 213 973 186 884 211 908 402 1038 431 1070 628 683 649 701 352 814 376 830 464 870 501 903 401 586 435 617 462 526 483 540 464 586 489 612 280 650 308 671 350 773 378 804 487 653 523 700 580 813 631 836 592 832 634 867 68 1060 87 1087 582 892 620 925 411 848 438 881
20150921_132038_image266.png,edfe9c578f35841694e3a111b75a022a1ae30d8f,33,350 327 391 369 157 600 196 640 192 694 229 734 364 632 399 672 417 581 437 599 445 654 471 689 421 644 454 682 541 675 569 704 592 655 626 691 574 668 595 686 555 683 584 712 584 686 604 710 438 702 462 733 313 755 341 789 308 770 333 795 382 872 420 910 354 915 391 944 393 904 428 939 488 741 528 775 543 763 580 787 508 775 548 815 572 782 612 814 634 769 672 796 535 818 570 867 413 861 448 893 344 541 360 553 101 789 121 816 129 801 148 814 120 935 156 974 363 838 390 873 539 887 577 915 357 1035 392 1068 350 580 382 612
20150921_132038_image271.png,88d0b9c4d210d50634aac19c0a4551f949801409,37,303 319 344 361 114 588 153 628 147 684 184 724 316 625 353 665 369 574 389 592 398 646 424 681 374 636 407 674 484 669 512 698 534 651 568 686 517 664 538 682 496 676 525 705 524 677 544 701 394 698 418 729 271 745 299 780 266 763 291 788 325 863 363 902 298 905 335 934 336 899 371 934 483 758 520 785 452 767 492 807 505 779 545 811 568 764 606 791 519 817 554 866 356 854 391 886 301 533 317 545 53 777 73 804 81 790 100 803 70 922 106 961 308 824 335 859 482 880 520 908 307 1027 342 1060 309 570 341 602 388 510 404 526 467 814 505 845 449 733 483 765 420 735 443 752 663 653 694 674
20150921_132038_image276.png,a16c1da6deb4579881dc0a336f97ae5776d65a1e,40,270 308 311 350 81 574 120 614 110 671 147 711 282 614 319 654 329 564 349 582 360 637 386 672 337 627 370 665 440 662 468 691 491 644 525 680 474 660 495 678 453 672 483 701 483 674 503 698 360 686 384 717 235 732 260 767 230 752 255 777 278 855 316 893 250 898 287 927 286 889 321 924 435 752 470 779 457 773 497 805 515 759 553 786 312 848 347 880 268 523 284 535 12 758 32 785 42 773 61 786 23 903 59 942 258 816 285 851 441 871 478 899 258 1018 293 1049 268 560 300 592 360 501 376 518 414 809 452 840 414 728 445 758 617 643 648 664 613 654 630 671 380 726 421 751 417 762 436 787 472 866 490 897 470 820 508 847 252 922 262 943
20150921_132038_image281.png,f33638744ce2030b34fa03eb98bfa622d11b1979,38,315 340 352 380 404 525 432 549 132 596 167 635 152 693 193 732 328 642 364 679 322 591 346 619 373 589 391 609 379 657 406 696 62 779 108 816 406 712 432 742 402 663 426 701 484 695 508 720 298 844 323 877 69 927 96 961 287 922 324 952 281 948 298 976 313 884 350 923 323 916 357 949 350 870 379 906 445 836 487 874 520 849 550 879 479 904 499 931 495 900 531 929 494 804 531 836 469 785 507 809 446 757 493 794 419 755 451 767 491 702 527 727 555 792 594 820 530 678 565 708 514 687 533 707 661 676 686 702 685 678 713 698 312 481 325 498 311 546 334 563 376 893 395 918 454 793 470 820 279 762 297 796
20150921_132038_image286.png,112933246607ea82f2db335730e8f9c4e7ce9e7f,37,266 316 303 356 371 504 399 528 94 585 129 624 116 680 157 719 291 622 327 659 282 572 306 600 333 571 351 591 339 633 366 672 62 779 108 816 377 691 403 721 361 643 385 681 442 671 466 696 31 914 58 948 251 903 287 933 241 933 258 961 275 865 312 904 285 896 319 929 310 856 339 892 401 814 443 852 484 829 514 859 451 877 487 906 453 780 490 812 423 764 464 786 388 731 418 743 449 677 485 702 511 766 550 794 486 653 521 683 481 677 500 696 629 648 654 674 652 650 680 670 288 463 301 480 269 528 292 545 268 826 286 860 472 664 493 685 415 734 460 770 413 731 438 748 270 1014 310 1051
20150921_132038_image31.png,a740d16334ed4934b6731d27081feb6fefb90f66,30,352 248 381 280 215 541 244 573 223 585 252 609 189 832 220 865 206 766 232 792 181 692 204 717 120 573 131 587 348 576 372 601 383 556 402 575 449 523 473 541 495 543 522 572 459 502 482 523 640 719 655 730 73 636 90 655 197 444 224 479 223 462 247 479 428 504 449 535 156 567 178 598 34 686 67 713 65 670 88 715 203 699 239 723 171 785 210 817 347 941 379 961 449 862 458 888 477 787 492 805 563 846 585 871 624 847 656 872 609 808 635 826 653 842 684 857 667 860 684 890
20150921_132038_image336.png,e914636060489e7af726d54205433a0dab5c0278,39,612 289 656 331 635 269 686 315 670 332 712 365 420 420 451 457 682 377 717 414 638 412 695 460 628 485 653 516 608 547 646 594 706 450 720 482 568 573 600 608 543 619 571 656 504 621 540 655 480 662 512 692 452 656 483 694 606 685 635 713 477 730 494 755 549 1077 594 1121 554 378 572 402 693 145 720 182 670 469 713 515 692 537 720 559 55 902 103 951 418 1004 443 1044 416 1115 454 1154 639 944 651 954 645 337 660 358 495 441 523 468 527 449 550 463 578 477 599 497 679 809 697 832 627 1065 653 1093 354 968 392 993 370 941 399 971 421 751 456 777 431 729 453 756 39 678 78 718 76 763 103 788 75 867 93 901 1 800 25 839
20150921_132038_image341.png,0ba07b5e152448208854dcf2c0af44e662cc21d2,50,538 252 582 294 562 235 613 281 601 292 643 325 691 269 719 304 350 389 381 426 420 410 455 441 611 333 656 367 660 362 695 399 700 349 720 381 563 376 620 424 628 441 653 472 597 428 634 474 520 444 543 466 538 514 576 561 706 450 720 482 502 540 534 575 476 580 504 617 438 587 474 621 440 618 458 645 408 626 445 656 374 618 405 660 542 651 571 679 606 585 629 614 652 599 679 632 411 690 434 725 355 711 388 747 4 741 53 775 470 976 511 1013 478 1037 523 1081 600 760 629 801 484 343 502 367 453 421 484 437 564 448 580 480 693 145 720 182 670 472 712 501 692 537 720 559 706 491 720 530 0 663 10 697 0 727 24 753 1 881 49 930 8 849 18 877 297 910 339 953 355 968 380 1008 394 916 408 930 360 1081 398 1120 675 1034 712 1071 683 989 718 1022 639 944 651 954 625 987 660 1016 677 776 720 817
20150921_132038_image36.png,1023aaa8d298faa7fafec86b10a9467c7701e1b2,30,347 248 382 286 201 452 224 480 225 462 252 480 215 545 246 577 223 588 253 616 117 575 135 591 186 693 207 723 42 693 71 714 66 676 88 696 210 770 235 797 171 782 211 821 191 836 223 867 347 576 380 605 495 541 526 576 460 502 483 525 641 717 657 729 562 848 586 872 158 568 182 597 384 554 403 576 429 505 447 533 443 522 472 541 73 638 91 674 205 697 246 724 341 942 377 963 447 867 458 890 478 790 491 806 610 806 638 828 624 841 655 875 657 841 683 860 663 863 685 891
20150921_132038_image361.png,cd5df17c48d316e20a8bc3d2c8c322adaf5b4757,66,620 144 663 188 440 290 474 326 469 275 503 309 497 332 527 364 480 349 501 364 586 311 608 344 245 424 276 455 385 373 403 403 584 177 619 220 632 206 672 249 633 262 660 292 504 370 537 398 462 419 505 455 481 400 521 420 316 446 346 469 349 455 374 480 594 372 633 416 629 353 667 391 480 468 524 512 422 543 460 596 390 563 427 602 329 623 359 662 300 658 338 699 338 662 354 679 246 661 284 691 364 624 399 654 564 513 604 548 530 504 564 533 427 481 454 513 546 638 579 680 512 634 526 654 591 483 628 521 637 480 675 512 555 579 580 611 614 547 642 579 601 515 637 548 652 572 678 590 694 705 720 741 240 755 273 789 251 731 270 765 301 737 328 767 545 830 586 864 620 854 662 904 632 738 664 770 594 703 623 726 619 705 652 739 665 717 698 750 148 958 208 1005 212 1016 241 1060 327 1092 367 1143 567 1103 602 1129 665 1009 706 1049 554 400 587 439 675 484 700 527 435 714 456 741 227 1135 265 1174 645 896 685 909 611 333 656 367 542 651 571 679 478 1037 523 1081 600 760 629 801 484 343 502 367 453 421 484 437 693 145 720 182 394 916 408 930 683 989 718 1022
20150921_132038_image391.png,d13f92365152915aa748325909c6d31b6c4c8d18,72,456 182 500 225 433 220 466 256 494 239 534 280 494 293 531 330 441 347 472 384 476 383 519 421 450 407 490 444 356 368 384 404 337 320 373 345 310 335 343 368 270 415 291 445 410 441 434 462 315 458 355 494 199 490 232 521 132 470 159 496 327 503 369 544 368 509 395 533 410 469 422 492 410 520 424 550 463 509 507 544 520 534 557 572 540 511 571 532 573 507 593 531 663 520 696 551 695 518 720 559 541 595 573 630 485 541 515 572 478 567 507 587 435 540 480 567 373 609 399 631 289 591 321 628 257 596 282 622 274 609 306 640 211 658 240 691 239 653 283 688 191 692 225 725 115 695 147 731 62 726 82 753 129 777 161 811 194 760 210 787 225 688 248 722 369 716 393 743 438 661 468 699 444 725 480 758 475 733 507 763 485 758 521 797 529 725 559 748 526 746 560 778 592 729 632 759 567 736 601 768 513 799 548 823 395 860 426 886 430 878 468 923 704 941 718 962 549 911 567 937 566 948 609 981 576 927 593 945 618 986 667 1024 472 1023 541 1082 569 1002 611 1059 618 1038 648 1073 171 1102 219 1157 82 1040 121 1083 47 992 74 1029 462 1020 482 1069 366 1094 392 1131 524 594 545 618 536 647 574 676 234 960 257 993 357 1010 377 1035 428 1192 464 1227 509 853 536 890
20150921_132038_image41.png,a2823627b6821c42123f775d553b98248deba27b,30,346 258 376 298 197 462 222 493 217 468 248 493 454 508 486 541 492 552 529 583 420 515 446 547 446 524 474 554 379 557 406 589 345 586 377 615 212 555 249 594 219 595 250 625 180 708 205 735 206 776 235 809 191 846 224 878 447 875 459 900 108 572 139 603 640 730 656 740 563 859 579 885 328 493 341 507 156 582 179 610 204 709 244 736 36 706 64 727 61 693 86 728 169 797 211 834 477 789 496 820 342 952 376 974 626 854 656 884 660 850 683 868 666 873 688 899 606 815 639 834
20150921_132038_image431.png,e0fb019e87dabe910c5aedb3cb0b11f85201c3ab,62,230 26 276 74 213 65 258 108 287 94 326 138 278 151 313 186 215 203 256 245 252 251 296 296 220 269 260 312 122 172 159 205 83 187 123 223 131 221 154 254 146 232 170 256 51 266 86 303 72 320 109 356 98 328 120 349 168 298 199 335 194 342 214 363 162 344 180 367 83 371 125 413 151 392 176 422 191 393 218 423 163 412 188 439 224 416 257 449 349 391 377 415 473 402 508 437 503 406 537 442 315 484 338 510 519 501 551 533 54 463 80 499 81 476 106 499 35 517 63 555 214 548 251 580 397 620 418 651 318 609 355 636 193 605 224 638 226 613 254 645 240 642 272 679 305 629 336 663 286 687 304 712 260 692 279 719 120 898 165 947 246 881 269 914 327 893 350 917 552 894 599 940 526 831 554 854 525 867 566 914 30 1043 67 1075 357 1069 394 1102 221 729 244 759 26 531 48 556 6 528 33 555 5 365 36 398 370 621 404 658 275 724 315 769 277 430 299 457 271 419 295 441 293 417 329 451 256 447 299 493 256 385 292 424 104 503 122 516 23 467 59 515 125 776 151 804 526 914 559 946
20150921_132038_image46.png,544409db91dc6e1615188f3e2bb58fc638ebc3e5,29,342 258 378 289 195 457 220 489 219 466 244 486 209 549 245 587 218 593 248 620 179 700 204 727 204 712 228 734 224 707 243 724 202 775 231 802 189 839 224 869 34 695 67 719 457 508 478 532 446 531 471 549 343 583 370 607 493 546 519 581 638 725 654 738 662 848 680 867 623 818 637 837 562 854 582 877 154 574 175 600 64 681 81 702 166 789 212 829 345 949 380 968 448 871 458 891 624 848 657 879 665 868 683 898 476 786 495 817 383 556 401 580 420 507 442 541
20150921_132038_image496.png,9a360054736215a459bf815dd439a7f56f209887,27,316 345 343 367 298 316 323 360 421 344 447 369 453 366 481 393 383 381 417 416 415 386 445 422 580 381 606 401 446 443 477 476 344 528 374 555 388 538 408 567 487 541 522 575 516 536 541 565 555 542 572 560 429 600 459 632 501 630 527 658 520 622 538 638 412 636 443 672 389 659 427 701 378 673 392 695 439 675 474 709 252 711 290 749 210 853 240 887 371 818 422 870 348 861 395 921 560 854 582 886 233 689 261 710 338 926 371 940
20150921_132038_image51.png,1978b4cc34037e7dd90c538f795bea4b4cabf2fd,30,341 228 372 265 188 427 212 459 210 442 239 462 205 525 240 560 212 567 245 597 337 557 369 587 374 538 398 557 417 487 439 511 451 482 474 510 485 522 515 560 630 699 651 716 173 672 196 703 196 685 231 712 166 764 205 802 199 747 227 777 185 816 220 850 30 671 58 696 437 503 463 529 656 823 670 841 556 837 573 854 102 552 127 575 147 549 172 584 57 659 78 704 359 759 377 770 442 848 456 872 343 921 378 943 474 763 483 792 600 788 626 811 615 819 653 855 656 842 675 875
20150921_132038_image551.png,16d3c824567d26cf852b7535824877dd597211db,36,137 383 172 421 165 394 200 432 186 461 214 491 63 669 105 711 86 649 131 684 132 611 169 650 222 557 259 589 249 544 288 583 266 646 292 672 276 635 311 663 461 701 492 734 660 764 698 801 669 838 702 874 684 951 720 990 200 347 231 380 150 664 182 692 342 812 376 849 213 730 230 753 220 854 236 871 336 657 357 681 424 916 448 941 641 819 678 856 221 378 246 404 360 397 382 424 101 534 118 545 124 548 139 571 188 546 205 574 23 733 37 763 96 688 123 716 127 690 163 722 125 715 152 735 254 877 270 909 544 793 569 818 642 766 664 787 673 800 689 823 620 934 647 972
20150921_132038_image56.png,8697894a0deb7cceffead1b996fb1b60991d5847,31,322 208 353 240 171 417 197 445 197 427 220 447 188 510 222 544 200 554 226 580 159 658 184 686 183 676 203 691 205 669 216 680 172 800 206 833 94 542 105 557 48 646 59 657 324 543 351 565 360 520 380 538 188 734 212 759 408 469 426 489 436 465 462 490 474 503 504 540 428 490 440 505 619 680 638 693 547 810 563 833 53 605 70 629 12 660 45 685 132 535 155 566 433 826 447 851 338 907 372 925 640 821 662 844 607 804 637 832 630 796 670 819 590 771 619 789 463 750 477 770 149 750 193 789
20150921_132038_image6.png,83ca88cd9cb31fc06e8943e16865ac3df8f43dbe,32,217 445 241 468 235 450 265 470 87 615 107 643 86 661 103 677 196 690 220 707 218 691 248 714 218 756 252 792 182 774 225 809 203 821 235 854 230 533 265 566 239 574 269 600 362 565 393 595 368 234 402 271 655 711 676 727 512 529 543 567 476 492 501 521 438 499 460 514 398 539 419 567 467 512 483 531 55 679 80 700 572 845 598 867 718 429 720 438 174 558 196 592 132 561 150 579 354 932 389 952 456 858 469 883 493 772 507 802 638 842 669 868 672 834 698 853 622 801 652 819 592 788 608 806 678 856 697 884
20150921_132038_image61.png,f37e3492d6b62f30ad991aec93140a212aea3d58,34,285 190 319 224 136 403 159 430 159 414 185 432 156 495 186 526 166 538 193 563 128 654 151 673 148 652 188 676 292 523 324 553 330 508 346 522 441 488 469 521 406 447 428 472 373 453 394 483 396 472 419 489 141 788 172 819 528 740 539 752 356 391 377 413 338 358 351 371 99 521 122 548 51 523 72 545 20 591 32 611 8 611 32 628 4 632 29 681 156 723 182 751 120 739 160 773 305 889 334 905 400 808 412 832 513 788 532 814 556 751 586 768 599 778 634 797 618 806 630 825 696 811 713 833 585 657 608 676 636 643 648 654 692 625 711 640
20150921_132038_image636.png,9290e8d0aebbbf2fdf218c1429f2339c7f1659b1,43,267 299 304 338 348 304 379 343 274 380 307 413 314 385 346 423 404 363 433 394 438 352 469 382 510 361 537 386 563 350 587 381 479 415 507 455 445 422 483 456 409 407 441 439 344 493 382 526 439 392 467 416 430 506 466 544 367 530 402 563 416 523 437 541 390 561 423 585 414 594 450 635 493 526 522 546 331 641 365 671 11 766 48 800 41 794 66 826 11 799 44 823 73 817 106 848 96 833 128 871 153 835 176 852 197 847 226 870 161 856 204 892 151 880 188 917 200 878 222 899 29 949 67 983 89 900 123 926 296 796 338 836 450 821 483 843 470 804 496 828 543 787 571 813 453 847 481 870 432 866 463 891 550 854 575 883 521 844 553 872 374 475 395 501 296 685 324 735 291 728 311 747
20150921_132038_image66.png,5e5e11f98a51836c4dcbb979d38cf9a0c8b5c5f4,30,245 196 278 226 98 406 123 433 124 412 151 434 117 499 151 534 127 544 162 569 92 654 120 677 116 657 153 678 115 727 148 753 101 793 131 824 257 528 288 557 294 510 312 527 402 491 432 522 367 452 390 474 359 476 375 492 337 458 354 485 323 396 336 406 336 402 347 413 549 661 562 676 594 646 601 655 657 626 668 643 698 700 717 729 579 781 597 798 709 319 720 347 16 531 33 550 60 525 85 555 80 745 120 779 263 895 291 912 360 812 369 837 476 792 498 817 521 753 544 769
20150921_132038_image666.png,bb5001a18913500aa2793b89e208b0619e3beff8,30,81 350 110 386 236 348 263 381 109 387 143 416 143 412 178 449 68 514 96 545 17 489 50 520 24 525 57 560 606 778 638 825 5 289 50 331 113 416 151 455 93 402 115 424 185 358 217 386 114 341 148 375 91 503 128 523 46 553 84 584 72 594 101 610 2 643 14 658 238 554 248 574 694 527 720 563 239 795 271 821 175 810 202 839 708 671 720 690 710 702 719 715 257 857 285 894 153 857 187 890 157 830 187 856 136 877 164 903 229 778 246 802 653 789 676 805 227 847 255 875
20150921_132038_image686.png,d1f94e24e7d3ad979f579538371887872197d1e4,24,608 381 642 409 591 371 606 392 615 355 633 382 0 613 16 640 492 557 525 592 525 532 554 556 555 579 591 618 566 607 612 642 535 605 556 627 641 583 667 626 665 562 705 593 683 632 720 657 656 767 701 815 551 669 573 698 509 686 550 720 410 820 446 862 479 764 521 805 499 745 514 761 680 840 705 867 448 825 481 857 70 928 105 962 26 840 45 872 40 863 72 888 46 885 62 901
20150921_132038_image71.png,b3e5c75aacaef184d75e1e0f4dc27e8b0f0ac9da,45,231 210 264 241 86 417 111 446 113 426 139 449 107 512 139 545 118 555 148 582 246 543 275 571 282 527 296 539 86 804 122 838 99 740 122 762 321 470 340 495 355 465 380 490 344 487 364 508 385 504 418 537 534 676 544 689 641 639 655 656 455 802 471 822 260 739 267 750 470 758 483 769 703 654 713 666 684 282 695 299 698 304 708 312 468 314 475 322 460 380 480 391 477 363 490 373 615 394 622 401 584 366 593 376 576 358 583 365 586 300 594 308 582 315 591 326 583 345 590 352 610 383 616 390 557 789 577 803 9 547 19 560 48 537 72 572 694 337 713 356 698 355 718 366 78 664 106 690 99 672 126 692 124 667 136 681 66 759 107 789 336 830 352 852 501 765 529 787 708 802 720 817 671 722 699 745 704 707 719 728
20150921_132038_image76.png,c53fa9866de5462ff6ea629af49538b5c388e19e,44,199 241 231 275 54 450 81 477 80 453 102 477 73 540 107 574 84 584 118 609 71 697 98 722 46 690 71 720 67 767 88 785 53 838 88 866 245 550 262 564 217 567 243 593 280 588 291 598 352 529 378 560 323 490 345 514 312 512 332 533 289 495 307 525 222 768 230 779 416 758 427 769 501 699 507 709 516 750 526 760 446 335 457 347 442 401 461 413 459 384 470 395 545 463 556 482 556 395 564 403 553 376 565 385 527 426 534 433 521 417 528 424 512 439 521 449 11 567 36 601 657 360 679 380 662 378 679 387 685 396 707 418 707 401 720 426 28 785 72 825 298 852 313 880 417 828 437 842 466 786 494 810 665 807 694 839 634 737 661 767 337 767 353 789 690 774 708 802 659 675 675 691 607 654 627 672
20150921_132038_image796.png,5608ca4694ba43b83ea3aa0cf83ad741df591613,28,50 402 85 436 16 475 52 508 2 477 18 509 265 693 296 728 281 726 313 756 167 671 195 694 200 667 224 693 201 714 232 743 193 693 226 713 174 708 201 743 148 786 192 823 139 847 175 874 321 822 364 864 508 720 551 767 546 724 591 773 562 886 596 928 131 897 167 928 24 944 48 972 406 828 439 861 330 966 367 997 531 883 566 924 550 920 564 941 1 893 20 932 41 911 77 940 148 937 182 959 178 929 203 956 270 816 283 841 318 809 344 824
20150921_132038_image81.png,d560545cc4030d8e184a9abc10d9c2c369933052,36,180 273 210 301 38 476 66 504 67 481 89 503 58 565 93 600 72 608 100 633 55 722 92 747 53 794 73 815 36 717 50 743 38 860 72 889 204 591 232 618 334 555 362 584 273 520 293 545 308 513 330 539 297 538 312 554 545 487 553 495 526 450 537 456 499 856 511 867 1 592 26 630 16 809 57 848 285 878 299 903 405 850 421 869 455 807 487 844 400 777 417 790 669 793 686 821 618 755 639 787 649 745 659 766 649 828 674 860 489 720 507 734 529 696 553 719 500 766 514 785 639 382 661 403 646 401 663 412 667 417 687 440 685 424 713 448 698 401 720 427 233 575 247 589
20150921_132038_image856.png,1dfd37de645050ac118f9e78a7423f0c6f92303d,15,328 348 369 387 331 384 374 424 313 499 351 534 250 559 283 586 508 662 536 688 315 661 362 704 220 726 258 772 1 734 44 783 40 745 63 774 336 695 359 725 28 904 60 941 1 914 18 940 560 886 604 925 534 668 568 705 336 418 369 446
20150921_132038_image86.png,50bba76ddd8b0b42e841acc285a8fa80afeeced7,40,140 281 168 312 2 487 25 512 28 493 50 515 21 576 54 609 33 620 59 642 17 734 38 748 1 820 14 854 0 868 34 901 360 782 386 794 168 602 193 627 195 586 207 598 271 523 292 545 295 561 323 597 235 528 254 554 259 544 274 566 657 411 678 432 625 426 642 446 642 432 665 453 713 693 720 706 679 719 697 732 671 733 688 756 597 705 603 716 579 766 593 790 607 833 626 859 602 393 621 412 606 409 624 421 685 603 696 623 694 658 715 677 711 660 720 681 707 616 720 639 10 805 34 828 1 725 11 755 247 884 261 912 166 809 192 833 289 794 303 826 379 808 399 833 364 855 377 871 418 817 442 834 625 797 638 824 495 705 514 726
20150921_132038_image871.png,90504b7dd89f94db86ef6e938cc3849d36672ec2,13,188 369 225 407 193 405 234 443 196 435 237 466 119 579 154 608 186 520 202 537 325 601 356 624 419 682 451 717 391 679 420 702 143 694 179 728 190 692 208 725 81 752 119 795 455 899 495 936 616 919 650 953
20150921_132038_image891.png,10d37fe181464d81a0c216e174185e5ac6d23b44,12,2 359 37 394 2 394 41 434 11 433 46 454 15 507 51 544 257 665 285 696 279 665 296 688 98 631 132 656 162 577 197 608 144 500 159 513 103 702 123 729 287 874 326 911 234 656 263 686
20150921_132038_image896.png,522efe9b54e2c2d457a3639c3ed01ba647017a2d,9,88 582 114 609 22 631 55 662 28 708 50 732 157 665 187 697 183 671 211 704 202 670 220 692 220 884 241 907 219 899 240 917 373 900 391 931
20150921_132038_image901.png,72c10914beb2836c8813f3c2cc6b6fa8085746b1,7,1 586 27 615 66 591 86 613 69 670 96 703 94 675 127 708 120 673 134 699 118 897 153 927 710 348 720 386
20150921_132038_image906.png,a4e0a28d7bc712f8b565628f19a57fecac37f5f6,5,695 325 720 362 52 632 80 667 78 639 110 673 101 640 117 663 94 858 138 892
20150921_132038_image91.png,bb91dfad0340dbaaa9e4394a6dad92f963c9bdc8,41,88 281 117 307 1 620 12 643 416 720 426 733 462 704 471 715 467 651 479 660 121 598 149 622 248 560 270 592 224 522 246 547 215 542 225 562 543 699 550 711 530 759 542 784 553 827 573 853 570 792 587 812 594 802 618 827 619 729 637 748 646 738 663 751 691 758 711 778 706 771 720 796 632 715 639 726 643 719 654 729 657 684 675 700 645 654 670 674 673 653 686 665 699 655 710 662 653 609 671 636 668 453 690 475 681 397 703 414 609 413 626 430 592 433 614 453 576 424 594 446 559 394 575 411 331 803 352 828 589 405 611 426 187 527 209 559 154 528 180 551 113 801 144 830 195 878 208 904 240 785 264 820 374 857 386 879 638 800 664 831 650 826 670 847
20150921_132038_image911.png,5340e869aa2823a858c48a04cd0b1c65064098c9,6,615 358 660 396 652 516 676 551 656 487 662 503 0 664 15 699 13 663 33 692 7 886 41 924
20150921_132038_image916.png,b9e176ee328a360e5b3f3023e141e8b520f62689,6,571 336 610 378 615 494 642 531 698 733 720 754 689 632 715 657 713 622 720 656 695 570 720 605
20150921_132038_image921.png,a7e337afefaced076b69a84f9cf847497bfeab6b,10,484 341 521 380 529 494 555 529 573 468 587 484 607 567 645 597 679 602 716 636 625 616 662 648 611 630 639 651 654 633 683 664 687 646 720 679 702 635 720 657
20150921_132038_image926.png,08c03803bb1ea06040d4ef83f68d41ed33e31d4f,10,433 349 472 390 486 501 508 539 569 576 604 606 642 609 677 642 588 621 623 656 570 638 600 663 615 643 643 673 650 655 680 686 664 644 688 660 695 654 719 671
20150921_132038_image931.png,2b8c261999f8dccaf592e6cd1f64d1789f9c4bfc,11,405 356 442 397 441 366 466 393 451 511 474 546 540 584 571 619 601 622 637 657 552 634 589 666 537 647 570 669 579 656 605 684 614 665 640 698 627 654 652 676 676 712 708 741
20150921_132038_image96.png,239f815ad2510d3f8324d23ba4397f0719b40b88,52,0 266 29 294 37 585 72 614 106 515 123 543 129 532 148 554 162 546 185 577 140 509 165 534 37 793 55 816 248 790 267 819 246 767 258 779 334 707 353 723 376 692 393 705 442 746 454 766 295 846 312 865 465 809 486 837 484 778 501 795 377 620 386 635 566 662 588 688 597 739 619 760 616 751 635 779 559 639 582 659 588 637 599 649 648 579 663 594 677 442 690 461 665 419 680 431 584 441 605 465 650 388 668 406 597 386 617 407 522 399 544 420 510 421 530 440 494 412 507 433 479 381 491 398 659 262 680 286 679 266 701 291 674 247 684 260 658 744 669 754 455 684 463 694 82 520 98 529 109 870 120 892 566 596 585 618 634 601 643 613 542 698 564 716 553 718 568 732 96 750 124 767 42 879 71 919 142 779 173 807 506 788 541 817 555 785 586 806 514 462 530 481 598 511 618 531 627 482 649 502 689 515 714 537 653 523 672 548
20150921_132038_image971.png,03a62f0a162eecfe782f404740c31f6be613e2e7,16,130 246 178 290 176 255 214 301 216 291 241 315 184 416 240 450 308 494 347 528 363 528 406 561 321 541 360 582 402 619 437 658 520 860 564 907 518 979 557 1023 372 576 398 609 388 564 415 590 343 565 368 595 313 557 339 585 353 592 385 621 481 908 528 951
20150921_132038_image996.png,6d7f51e2a0c8752055935ea6353639714d281ddf,12,1 473 9 499 26 473 34 498 119 543 148 579 161 586 188 614 121 596 143 626 135 618 154 639 167 639 201 665 153 625 186 649 166 678 198 706 228 920 278 968 231 1045 275 1092 667 603 696 631
20150921_132245_image1.png,182c364fc473c3982674e73d814ffae9942132b5,18,287 168 331 207 324 445 362 481 158 476 185 509 143 534 177 573 588 557 622 591 636 657 666 687 618 624 648 650 438 558 457 584 643 687 671 710 118 694 140 722 468 557 493 579 64 717 95 742 290 606 328 644 310 670 342 686 416 325 435 345 446 418 467 451 550 570 585 599 149 696 172 716
20150921_132245_image1001.png,01c37f3aeb8e74026c0408b822f40fae7a12826a,7,414 763 442 781 126 798 151 827 141 688 159 715 91 709 108 726 54 707 84 738 322 569 346 606 378 856 400 879
20150921_132245_image101.png,b32f563ef53b4b68cddad25b659d2d2b8c128961,75,107 17 135 44 107 43 136 70 105 96 120 112 118 67 138 86 217 202 245 234 151 251 183 277 104 253 130 279 138 247 158 260 92 25 109 47 191 204 209 231 331 366 364 405 366 373 402 408 382 426 407 457 251 392 288 421 209 437 243 470 78 414 111 448 71 383 93 408 122 411 143 437 257 525 279 551 256 493 278 517 251 466 270 485 97 531 120 555 116 522 140 541 116 609 137 644 110 561 137 591 315 578 333 604 239 574 267 600 287 436 312 461 116 330 138 355 439 604 457 627 442 545 458 556 362 577 385 594 216 301 237 321 62 546 87 565 134 511 157 528 444 581 465 601 144 94 160 116 386 350 407 366 562 714 596 742 86 499 121 521 200 643 221 663 240 628 260 643 171 97 201 125 215 173 242 196 138 119 156 142 240 201 260 227 71 449 111 466 210 591 230 609 207 606 234 624 209 625 230 643 266 592 284 619 253 591 266 615 288 608 301 624 95 564 107 585 87 543 104 565 198 793 223 818 235 805 260 825 256 791 280 818 279 790 295 809 72 723 104 739 441 659 461 678 399 700 424 724 349 692 367 710 485 795 501 812 463 657 482 679 458 636 474 649 438 413 455 425 451 371 466 386 174 136 199 160 86 48 107 74 226 728 250 748 306 696 329 716 349 407 372 426 370 405 394 422 678 756 706 787
20150921_132245_image1101.png,c9526456d3cbde1a043e48fdb32a4d8dbbc60341,24,188 660 219 692 391 446 414 481 447 457 473 483 430 617 457 640 389 552 416 576 382 582 413 608 362 536 382 556 127 684 163 713 273 834 299 864 295 829 320 859 279 863 302 885 256 826 276 849 113 699 139 727 365 448 388 469 425 789 447 816 450 787 468 815 430 459 454 490 319 669 331 690 535 854 569 892 179 747 192 765 140 713 169 734 14 745 39 766 56 744 72 756 293 716 313 736
20150921_132245_image1166.png,1ad366264be7ec1cd932d56f8a808e23166e7f1f,22,380 312 417 339 413 314 442 348 449 323 481 352 386 407 417 437 412 423 453 457 405 465 438 489 420 509 440 532 450 497 478 529 441 687 466 711 466 686 490 709 547 723 579 753 558 747 588 777 594 776 628 804 204 550 239 591 273 604 295 631 333 758 356 776 152 587 192 624 42 648 60 671 282 721 326 760 1 616 17 648 5 643 21 667 257 588 287 607
20150921_132245_image201.png,82bd85ef3717f035248120f0c5b61fca6c97b49e,35,272 328 296 363 403 578 432 610 433 575 454 605 182 592 205 617 213 690 235 711 343 667 374 703 367 664 401 697 188 743 218 768 190 713 214 739 185 778 220 820 351 723 375 748 509 759 537 786 563 775 583 797 539 771 560 800 494 702 517 728 522 692 542 712 455 745 485 767 429 744 450 772 377 725 396 742 254 786 275 807 3 565 29 598 677 866 708 896 248 525 269 549 273 793 302 817 272 373 292 388 122 586 141 609 96 797 121 819 34 688 50 709 420 702 435 728 233 615 250 642 271 608 300 643 316 621 341 641 437 710 465 740 285 761 307 784 290 740 306 764
20150921_132245_image261.png,ac9376e9b89e1fbeb0947a6e9355509f21fbf532,32,68 207 91 242 2 225 34 258 1 267 19 292 109 272 142 300 85 313 117 343 55 341 82 361 59 365 92 386 166 355 190 376 147 368 169 395 193 394 216 414 226 418 251 449 247 410 273 441 292 396 322 426 179 416 205 442 172 452 196 468 587 582 626 623 659 627 706 664 626 719 674 748 402 741 434 772 474 591 496 616 49 623 90 652 171 644 205 671 239 705 264 730 348 686 370 706 82 708 109 737 52 694 78 720 69 692 99 720 63 719 83 745 53 735 75 771 28 761 50 780 7 743 26 768 93 573 122 595
20150921_132245_image301.png,4a5803df308bf25d63a6002ae423f370952ef642,37,314 188 343 226 241 262 271 286 260 217 279 235 411 274 442 298 385 310 410 337 314 301 348 330 295 336 318 367 446 334 479 362 428 381 461 407 99 469 132 503 573 329 596 345 417 643 437 664 432 622 456 644 437 642 456 663 460 715 484 742 280 765 302 795 657 748 688 779 488 708 511 732 589 438 608 469 353 300 385 333 383 459 404 472 376 255 408 284 314 347 345 381 375 386 402 405 405 356 430 379 608 447 632 478 322 483 342 498 462 508 478 525 322 730 337 748 321 703 347 729 365 706 388 729 351 679 376 707 391 650 405 672 91 554 117 576 672 689 698 707 573 705 589 722 242 495 256 515
20150921_132245_image396.png,75aa87d39a89aaf2fff1a8a1b05d6e6b27fffc0f,22,352 403 381 425 402 435 429 461 498 385 520 408 231 443 253 461 450 560 477 587 378 555 401 582 343 562 369 589 310 562 339 587 226 609 245 627 298 659 324 692 203 713 237 749 250 761 277 789 269 776 292 798 67 782 89 811 93 788 116 813 47 712 77 733 2 769 20 802 525 770 564 800 578 766 603 785 597 774 625 802 393 441 415 466 463 650 480 671
20150921_132245_image401.png,ad6f429435b2bb150d92b841d3fd25ff56ba559c,34,447 446 474 470 399 408 427 434 391 573 418 600 501 573 527 602 248 723 286 759 293 773 325 799 361 571 384 598 580 786 601 818 603 794 622 816 653 796 678 824 279 452 299 471 547 401 576 421 7 741 33 760 104 786 121 810 507 662 530 684 433 454 458 480 388 434 406 452 468 456 483 472 427 570 451 595 509 630 534 663 488 623 501 644 126 799 155 823 85 722 111 740 1 760 20 779 344 673 370 704 419 495 442 514 389 826 423 855 597 808 633 832 633 787 653 802 459 685 480 708 243 697 257 709 30 776 57 811 311 788 342 808 261 617 284 639
20150921_132245_image446.png,541131704aff91ddc8e5ba6a9157ccbd79484836,30,77 304 100 327 144 323 176 350 144 372 172 407 159 382 186 419 124 485 146 510 117 495 136 535 161 557 185 579 166 634 192 666 113 690 142 723 70 771 109 791 171 726 199 744 1 759 9 786 266 736 293 757 256 755 283 784 336 780 367 810 326 783 348 829 349 713 377 737 362 702 391 723 237 745 255 765 268 726 285 738 601 741 638 777 591 786 624 814 614 799 641 829 692 678 711 693 692 569 720 597 621 442 649 459 47 367 72 397 37 388 57 413 111 745 134 769 122 822 149 844
20150921_132245_image46.png,b25bccaca9fd321a52c0b2895dc52738c92a6a40,13,425 204 463 238 281 498 314 524 452 472 490 502 283 561 311 591 573 449 596 474 548 589 577 618 415 622 437 658 6 733 33 758 223 720 245 734 248 718 268 735 609 451 622 470 650 460 666 480 181 734 193 751
20150921_132245_image501.png,331de5871d2b636e5999f0720ce93d8ec7cfabda,41,305 369 334 393 338 372 364 398 467 329 494 353 484 298 513 328 327 522 353 545 103 535 124 561 396 506 422 535 448 525 469 548 427 502 455 523 401 655 438 678 228 519 249 545 543 317 574 349 418 377 446 400 376 486 402 498 471 517 495 532 251 862 290 909 289 868 326 901 322 864 356 909 289 894 332 922 306 588 344 618 393 398 431 421 135 538 153 559 43 688 66 716 450 820 474 855 637 793 665 820 642 768 666 794 600 781 638 816 496 803 535 847 525 793 552 822 483 736 498 752 620 656 633 673 600 675 622 700 708 845 720 857 523 942 569 978 525 909 568 941 530 879 564 903 412 520 434 547 546 375 562 394 319 612 350 637 475 612 495 635 359 809 394 844
20150921_132245_image531.png,77a87740abcd51e751f74e75fe7199e45a5c1293,20,652 364 682 393 611 363 651 394 684 413 717 450 664 496 687 522 690 515 719 546 80 368 125 406 2 354 22 380 109 521 139 543 202 533 220 557 257 563 287 590 296 572 317 585 324 542 354 569 515 528 540 547 627 538 647 569 628 602 660 630 661 892 713 936 654 918 707 979 697 935 720 986 134 525 161 548 367 542 390 566
20150921_132245_image601.png,db506ebfb941c22734f26259f2268e0be1c8fc53,37,482 365 515 398 585 390 617 424 576 550 617 576 600 331 624 363 607 359 642 392 400 635 434 668 375 614 406 634 368 634 399 669 300 652 324 682 369 555 401 580 322 707 354 745 633 379 671 413 547 348 566 382 505 417 536 454 527 430 557 459 577 511 604 540 649 555 671 580 672 511 708 549 238 647 266 676 281 755 311 782 294 777 328 807 301 804 335 844 365 691 398 726 212 718 235 737 22 481 47 505 324 570 352 597 673 555 701 582 651 622 675 648 671 709 708 731 371 590 392 611 708 548 720 565 538 378 563 408 147 584 178 606 186 593 206 613 160 692 202 719 102 563 120 591 95 558 107 571
20150921_132245_image656.png,31c7893e13a0b4b9c600c430c6cee418538b9d09,9,251 342 287 375 250 391 285 425 248 478 286 513 185 653 213 687 55 757 83 783 578 777 607 805 649 717 688 742 554 815 566 841 623 807 647 824
20150921_132245_image701.png,5ff0381e3686d67c74816f1617cb79ad0ade5fc2,5,555 451 583 478 502 564 516 592 331 849 357 886 162 888 178 909 559 398 596 433
20150921_132245_image751.png,ece69087c83ae3426bd6cf2cb43cc6234379b182,7,329 374 365 409 297 368 324 403 165 800 192 829 167 692 194 722 221 592 249 628 282 535 321 572 129 685 145 705
20150921_132245_image786.png,8ae1baa7f5f4a4e3be9844964335eec9b0e801fb,6,516 675 558 710 543 649 564 674 604 705 633 737 608 631 633 662 562 695 584 720 475 797 492 820
20150921_132245_image801.png,2da8332b2d172475fc55562182bcb1a443722ead,8,113 466 143 496 40 810 65 834 11 804 40 836 627 782 658 811 702 653 720 689 94 736 133 763 137 764 160 778 149 521 181 551
20150921_132245_image836.png,8e48bc025eb28a9a46f810b29651a7eab1f63863,8,509 525 543 562 547 590 581 619 301 845 323 876 414 906 444 938 383 908 413 934 197 823 223 849 199 850 237 883 177 878 214 913
20150921_132245_image901.png,8b2078d52a93a371fc21e5e000049234f5defb17,9,214 354 250 393 17 772 45 805 47 832 72 858 76 824 99 847 684 806 717 846 661 869 698 901 46 798 80 833 1 758 41 797 704 839 720 873
20150921_132245_image976.png,e296cbda2a3c6f03ebc0729c6aa55a54161f1288,5,43 555 81 592 189 657 206 687 147 740 182 773 679 739 718 780 667 787 708 832
